{
    "run_id": 8,
    "seed": 49,
    "elapsed_sec": 31.47362232208252,
    "best_val_mse": 0.005532285292130717,
    "epochs_trained": 68,
    "train_loss_history": [
        0.04035963817898716,
        0.02010853055066296,
        0.017673867774595106,
        0.016968607300493335,
        0.01561880598809304,
        0.01465145403219919,
        0.014131028100382536,
        0.0133130399676572,
        0.012681936452697431,
        0.012341946230403014,
        0.011611404574276613,
        0.011269539616270257,
        0.010884504527452269,
        0.010601680351620806,
        0.009535449520418687,
        0.009831905276847205,
        0.009643843535533441,
        0.009225574805168436,
        0.008968757433051776,
        0.008896053096811686,
        0.008726991752129314,
        0.008342550605967907,
        0.008127966546453536,
        0.00828189137391746,
        0.007969132059952245,
        0.007673714141960122,
        0.0077419090725015845,
        0.0076061724477248,
        0.007654572064555915,
        0.007681072113336995,
        0.007272531039780006,
        0.007157908147200942,
        0.006901812842365221,
        0.006910054618492723,
        0.006750911382758724,
        0.006551601064815518,
        0.006818780691329656,
        0.00680100704859277,
        0.006443621466834364,
        0.006245722602553932,
        0.006103659841132217,
        0.0060851364645973915,
        0.005806322365034638,
        0.005970297943817319,
        0.005726669183267015,
        0.0057242778213029465,
        0.005633689109319156,
        0.005459006832513426,
        0.005198082696629821,
        0.005432189783147935,
        0.005342032469343394,
        0.0050037748047283715,
        0.004873452531839056,
        0.005034136056617302,
        0.004826422719218369,
        0.004826365325633171,
        0.004831182294791298,
        0.004711287474492565,
        0.004488458846130275,
        0.004349045154854788,
        0.004504890672563176,
        0.004433401463653094,
        0.004421320392118235,
        0.004358282901479729,
        0.004257261168926821,
        0.0040899059211369606,
        0.00410638162783081,
        0.004002467972376118
    ],
    "val_mse_history": [
        0.02044562253806073,
        0.01766749223835983,
        0.017119375771823712,
        0.015852786148802263,
        0.015087750619890492,
        0.014475840185823178,
        0.014230896716009689,
        0.013222989913706233,
        0.013002219302548846,
        0.01266128044546878,
        0.011917333481024243,
        0.01195702642917449,
        0.011434686402282497,
        0.011371078653421738,
        0.010895466676305745,
        0.01034157656475983,
        0.009892718898607183,
        0.009778289079037474,
        0.00960202199995437,
        0.00939206769830931,
        0.008826717775847254,
        0.009277921030383647,
        0.009190089463368705,
        0.009537785357869777,
        0.008818214618769884,
        0.00878118085346331,
        0.008353795268945833,
        0.008104148227482646,
        0.008016666874071257,
        0.008084209607175019,
        0.008256731293619897,
        0.008342415111878871,
        0.007665940025576163,
        0.007603811766129168,
        0.007349243015178356,
        0.0076914721521327105,
        0.007319090484342923,
        0.007404705464567135,
        0.007189430950684399,
        0.007011712885201898,
        0.007176045605577775,
        0.006990411238345551,
        0.006666304938330368,
        0.00689413529967447,
        0.007055897685418264,
        0.006885582557502064,
        0.0065095273251388475,
        0.006472606934393551,
        0.006325657162899847,
        0.0061937412197819565,
        0.006089448401582347,
        0.0062210834539231106,
        0.006226713544958245,
        0.006149197009944873,
        0.0057154013108262555,
        0.006178956236478995,
        0.005813219897395316,
        0.006010057398165082,
        0.0061365541299866315,
        0.005637967872620495,
        0.005806847024955985,
        0.005644795129541728,
        0.005532285292130717,
        0.005752264771152099,
        0.005679142722710635,
        0.005729478215770711,
        0.005787354684561052,
        0.005603557366804246
    ],
    "test_metrics_scaled": {
        "MAE": 0.13672111567951017,
        "MSE": 0.02851617323663981,
        "MdAE": 0.11650172621011734,
        "Pred(50)": 0.24926686217008798
    },
    "test_metrics_real": {
        "MAE": 1.640653388154122,
        "MSE": 4.1063289460761325,
        "MdAE": 1.398020714521408,
        "Pred(50)": 0.24926686217008798
    }
}