{
    "run_id": 7,
    "seed": 48,
    "elapsed_sec": 15.310393571853638,
    "best_val_mse": 0.00970690541527839,
    "epochs_trained": 32,
    "train_loss_history": [
        0.03489350006982152,
        0.01919950013315039,
        0.017544191503631217,
        0.016413748400684977,
        0.016102043905162386,
        0.01471782976295799,
        0.01415158078639901,
        0.013419546085476344,
        0.012878736509342811,
        0.01216817076451012,
        0.011342781165149063,
        0.010809460187530411,
        0.010770788748881646,
        0.01008949350632195,
        0.00974690463294142,
        0.009474517511469977,
        0.009496588842843526,
        0.009203675477432885,
        0.008898035215679556,
        0.00838644772884436,
        0.008117928214570774,
        0.008306040108436719,
        0.008301955437387473,
        0.007944265929316836,
        0.007989348579264645,
        0.007886894033955677,
        0.007655949391690748,
        0.00779765727514002,
        0.007844372574306492,
        0.007502092397771776,
        0.007631546327112508,
        0.007503700299587633
    ],
    "val_mse_history": [
        0.022614608296134465,
        0.019744052362914835,
        0.017492629100579957,
        0.017161968584053344,
        0.016476907563667646,
        0.015564294224907623,
        0.014539395022172746,
        0.01448599559984644,
        0.013901756822799696,
        0.012664424941001692,
        0.01278268373387982,
        0.012041939463182045,
        0.012871109840954088,
        0.011660731178682007,
        0.011492989325026777,
        0.011116846794893987,
        0.011256571007478136,
        0.011620497073534481,
        0.011343296944233763,
        0.011190637558061142,
        0.010527451573927454,
        0.01032899156777112,
        0.01049251467932261,
        0.009869101097485402,
        0.010239360890630796,
        0.01042546219493424,
        0.00970690541527839,
        0.0103117765713253,
        0.009821291055778043,
        0.009804659801832746,
        0.010534510963702805,
        0.009941710688276355
    ],
    "test_metrics_scaled": {
        "MAE": 0.11764760737189617,
        "MSE": 0.024638621775741727,
        "MdAE": 0.0875602588057518,
        "Pred(50)": 0.3793103448275862
    },
    "test_metrics_real": {
        "MAE": 1.411771288462754,
        "MSE": 3.5479615357068086,
        "MdAE": 1.0507231056690216,
        "Pred(50)": 0.3793103448275862
    }
}