{
    "run_id": 10,
    "seed": 51,
    "elapsed_sec": 20.300501346588135,
    "best_val_mse": 0.007865658138687639,
    "epochs_trained": 43,
    "train_loss_history": [
        0.020598549369190422,
        0.016628439235500992,
        0.015013615514284798,
        0.014009183212848646,
        0.012999390963731067,
        0.012406218850186893,
        0.011571088835730084,
        0.011194275544091527,
        0.010812785479772304,
        0.01028982489203502,
        0.009991489527081805,
        0.009665825713558921,
        0.009237705824697124,
        0.008576401229947805,
        0.008576024944029216,
        0.008562559148828898,
        0.008292929182893463,
        0.00803617421022084,
        0.007926345277311547,
        0.00786552685645542,
        0.007624583885106923,
        0.00786269073848546,
        0.007503719499800355,
        0.0074168861294830486,
        0.007207497350256224,
        0.006782665847068919,
        0.006898366699793509,
        0.006623040258169307,
        0.006841705554480931,
        0.0066179369310183185,
        0.006654244184444126,
        0.006509912070136384,
        0.006349352534328188,
        0.006214137154165656,
        0.006312824950353907,
        0.005875116616620549,
        0.006006846165317776,
        0.005978335831813248,
        0.005927654964450214,
        0.005994729617876666,
        0.005910760296891178,
        0.005846586668381601,
        0.005533448455389589
    ],
    "val_mse_history": [
        0.018822779951880118,
        0.017174018642044105,
        0.016231691827013436,
        0.015478607368807353,
        0.01481332872960655,
        0.013803727186849466,
        0.013482034983702621,
        0.012864680178479191,
        0.012618723748305461,
        0.012259185367868353,
        0.01173981728395576,
        0.01139956384020295,
        0.011440717869327384,
        0.010878275478191658,
        0.010863003768395333,
        0.010235733588060592,
        0.010395230803005981,
        0.010199598342795407,
        0.010018857012347665,
        0.00995883735916789,
        0.00950620579704793,
        0.009422810981276132,
        0.00929557512776222,
        0.009331975382019886,
        0.00932874818418932,
        0.00908693585440083,
        0.008750584549635468,
        0.009037401516618448,
        0.009124449909925458,
        0.00858616472627247,
        0.008731795012602211,
        0.008592558046920712,
        0.008603291057050063,
        0.008726415848645995,
        0.008159467845197622,
        0.008378460232407285,
        0.008196617656779936,
        0.007865658138687639,
        0.008143345920679978,
        0.008190857125577369,
        0.008279204351524908,
        0.008637966741420072,
        0.008217422027710045
    ],
    "test_metrics_scaled": {
        "MAE": 0.1145167524504053,
        "MSE": 0.023515138021745142,
        "MdAE": 0.08949451893568039,
        "Pred(50)": 0.4294294294294294
    },
    "test_metrics_real": {
        "MAE": 1.3742010294048637,
        "MSE": 3.3861798751313006,
        "MdAE": 1.0739342272281647,
        "Pred(50)": 0.4294294294294294
    }
}