{
    "run_id": 4,
    "seed": 45,
    "elapsed_sec": 17.86812710762024,
    "best_val_mse": 0.007090920343038482,
    "epochs_trained": 38,
    "train_loss_history": [
        0.023506669054872222,
        0.01808160354516336,
        0.016630327345670333,
        0.014941567561722227,
        0.013954124383495322,
        0.013212696832072521,
        0.01223509532366214,
        0.01148199475137517,
        0.010814434858704251,
        0.010429380748454216,
        0.009659996281178402,
        0.009539863939530083,
        0.00899492851874259,
        0.008841347834095358,
        0.008596719976048916,
        0.008138343645259737,
        0.008217628496432943,
        0.007964040052112459,
        0.007643925345369748,
        0.007468212817496221,
        0.0074497243905040835,
        0.0073288533354311115,
        0.007187411747041291,
        0.007010935044880691,
        0.006706997278212968,
        0.006809395979923596,
        0.0064721215957043955,
        0.006675031242359962,
        0.0063496284910278126,
        0.006314035799005069,
        0.006271040830428579,
        0.00613827315641434,
        0.006073803820514253,
        0.006111755985434034,
        0.005953389483537259,
        0.005918347014812753,
        0.005701890833526184,
        0.005821758712409064
    ],
    "val_mse_history": [
        0.01758596161009405,
        0.01540957349033158,
        0.014321904135788665,
        0.013446426534108314,
        0.012518611766795723,
        0.011969144884100006,
        0.011581591794919901,
        0.010755053948495278,
        0.010392800012435744,
        0.009979276405341735,
        0.009794624764199067,
        0.010155314056405374,
        0.009135716084094234,
        0.009322701669329709,
        0.009003995356438522,
        0.008493964402484901,
        0.008490634312943803,
        0.008612846727523884,
        0.008497553882362181,
        0.008312254805213352,
        0.008196069888751014,
        0.007926948175823035,
        0.007944334968825982,
        0.007439691548750705,
        0.007546325787155401,
        0.007758374695710859,
        0.007523540101701166,
        0.007645664099213104,
        0.007359934930455542,
        0.00761669800303905,
        0.007198732674753409,
        0.007347948750831419,
        0.007090920343038482,
        0.007118061934813593,
        0.007390296814913556,
        0.0075466832113218986,
        0.007257436273407069,
        0.007291336462214987
    ],
    "test_metrics_scaled": {
        "MAE": 0.1134377644960711,
        "MSE": 0.02202786423308716,
        "MdAE": 0.09426569938659668,
        "Pred(50)": 0.404320987654321
    },
    "test_metrics_real": {
        "MAE": 1.361253173952853,
        "MSE": 3.172012449564551,
        "MdAE": 1.1311883926391602,
        "Pred(50)": 0.404320987654321
    }
}