{
    "run_id": 6,
    "seed": 47,
    "elapsed_sec": 16.89374041557312,
    "best_val_mse": 0.009516050356579762,
    "epochs_trained": 36,
    "train_loss_history": [
        0.04224521632838462,
        0.019921104260720312,
        0.018077621023569787,
        0.01621189022303692,
        0.015767516947484444,
        0.015032812643663159,
        0.014337850520054677,
        0.013631572837143072,
        0.012733158896610672,
        0.01213360016866188,
        0.011785492755007,
        0.010849177943808692,
        0.010623875543076013,
        0.010474533966875503,
        0.010088592599744775,
        0.00946825429065419,
        0.009351179258166148,
        0.00893600140698254,
        0.00883759195400801,
        0.008759675334606852,
        0.008461733322058405,
        0.008177935152447649,
        0.00787239351858651,
        0.008126543971177723,
        0.007664126835464101,
        0.007790036599284836,
        0.0074946488232983804,
        0.007340067778048771,
        0.007009639610103997,
        0.00705173195705616,
        0.006916650378012232,
        0.006992138139737238,
        0.0068538313889543396,
        0.00694313377108691,
        0.0067834832767922695,
        0.006208858285598191
    ],
    "val_mse_history": [
        0.025206707117481165,
        0.022816271357138693,
        0.02044406964990895,
        0.019913388877057674,
        0.01741137431607604,
        0.017846673048944925,
        0.01699873383311724,
        0.015588836142610784,
        0.015870648555497437,
        0.014501391388159672,
        0.014127433005332191,
        0.013096722145410635,
        0.012500630933297828,
        0.012332814946086075,
        0.011880632936323009,
        0.011351126862427754,
        0.011253202590653957,
        0.011683368645634863,
        0.011410243260611023,
        0.011255162334365083,
        0.010972824643389941,
        0.010637158575451734,
        0.010379340328264122,
        0.010705683282642127,
        0.010879754534949451,
        0.010329197026603123,
        0.010030673864458146,
        0.010187361909137741,
        0.010141912538157445,
        0.009730942613347218,
        0.009516050356579762,
        0.009637023013003196,
        0.009582705905580267,
        0.009785023812286768,
        0.009598193647163978,
        0.009666632184646157
    ],
    "test_metrics_scaled": {
        "MAE": 0.10708291457267478,
        "MSE": 0.02072284847960044,
        "MdAE": 0.09520184248685837,
        "Pred(50)": 0.36875
    },
    "test_metrics_real": {
        "MAE": 1.2849949748720975,
        "MSE": 2.9840901810624634,
        "MdAE": 1.1424221098423004,
        "Pred(50)": 0.36875
    }
}