{
    "run_id": 1,
    "seed": 42,
    "elapsed_sec": 8.646260738372803,
    "best_val_mse": 0.009373086263092582,
    "epochs_trained": 18,
    "train_loss_history": [
        0.024709416992430178,
        0.019525412230619363,
        0.017601524453078,
        0.016522252755904836,
        0.015201314359105059,
        0.014455787368517901,
        0.013397389723520194,
        0.012608050879290594,
        0.01175561367667147,
        0.011654414808643716,
        0.011174086601074253,
        0.01081879123147311,
        0.010173688478036118,
        0.010119093028229794,
        0.010223810825430389,
        0.009504140185059181,
        0.009156285376021905,
        0.008785256683560354
    ],
    "val_mse_history": [
        0.019229271080148647,
        0.017183497934932814,
        0.015831740340444465,
        0.015546753514307468,
        0.014596379416213487,
        0.013158118962434158,
        0.013075846964050479,
        0.012628691572656068,
        0.01234537353234869,
        0.010543093433098604,
        0.011622883169725309,
        0.0103593797661378,
        0.009373086263092582,
        0.01049172228603544,
        0.009378921387050113,
        0.01001677519474347,
        0.009598489897322796,
        0.009832308233083722
    ],
    "test_metrics_scaled": {
        "MAE": 0.09491342021325647,
        "MSE": 0.01559802118655036,
        "MdAE": 0.07024101167917252,
        "Pred(50)": 0.39244186046511625
    },
    "test_metrics_real": {
        "MAE": 1.1389610425590777,
        "MSE": 2.246115050863252,
        "MdAE": 0.8428921401500702,
        "Pred(50)": 0.39244186046511625
    }
}