{
    "run_id": 3,
    "seed": 44,
    "elapsed_sec": 24.190004587173462,
    "best_val_mse": 0.007016311654214872,
    "epochs_trained": 51,
    "train_loss_history": [
        0.030283291581352907,
        0.020331353714157428,
        0.017912101931869984,
        0.016319531232251654,
        0.015454380771344794,
        0.014672383656060058,
        0.013287368919035154,
        0.013041918972573643,
        0.012231443393310266,
        0.011791847366839647,
        0.011122438511145966,
        0.010652859528948153,
        0.010389968977376287,
        0.010010890290141105,
        0.00964715692680329,
        0.009258618333011068,
        0.009337342846473412,
        0.008825716748002118,
        0.008871656607204516,
        0.008823446494560423,
        0.008366758447872208,
        0.008355882072854521,
        0.008102303300984205,
        0.008136571238615683,
        0.007858094525623268,
        0.007623360102297738,
        0.0074751538636129615,
        0.007226951990742236,
        0.007459265664718779,
        0.007173081459976467,
        0.006990712729748339,
        0.006922302843304351,
        0.00675808617961593,
        0.00657198241180075,
        0.006811585121821346,
        0.006421490306716546,
        0.006529798916640825,
        0.006009416129173977,
        0.006366283246981246,
        0.006176324889695804,
        0.0059196559928490645,
        0.005852433201757126,
        0.005735145094721312,
        0.006028746041452645,
        0.005826252413265008,
        0.005705011241869735,
        0.005546249578973012,
        0.005303970216274528,
        0.00564988831964521,
        0.005307091216257374,
        0.004950319809722714
    ],
    "val_mse_history": [
        0.02234337459102902,
        0.01868154330458562,
        0.017031374602782676,
        0.016080901547278634,
        0.016280430264274944,
        0.015306878689904749,
        0.014063003832328513,
        0.014523810299275198,
        0.013219645586632016,
        0.013653454250188534,
        0.012366811149998927,
        0.012196743902397885,
        0.012519124006635596,
        0.011838302749092821,
        0.01133003475714847,
        0.011480094275103785,
        0.010867374468629603,
        0.010439534664457885,
        0.010348154998817492,
        0.010455881824040187,
        0.010270686220381402,
        0.009832491613409385,
        0.009958385225416385,
        0.010174967938962002,
        0.009371964006206447,
        0.009630029994704206,
        0.009497829113831168,
        0.009233882483244641,
        0.009110082666091259,
        0.009069049184820856,
        0.009297230026213948,
        0.008723774494534715,
        0.008445241778427643,
        0.008461804440970068,
        0.008832243817100556,
        0.008288345528395679,
        0.00833964535601681,
        0.008400204210062288,
        0.007976868098637175,
        0.008488884350808792,
        0.008175212388836669,
        0.008276585788653182,
        0.007786366220032299,
        0.007522391791647785,
        0.007426519609938005,
        0.007016311654214872,
        0.0073839837133909845,
        0.007185580477120358,
        0.007473154437543947,
        0.007396352078786686,
        0.007018487826752465
    ],
    "test_metrics_scaled": {
        "MAE": 0.11156417871926336,
        "MSE": 0.020047673243373306,
        "MdAE": 0.09303057193756104,
        "Pred(50)": 0.3988439306358382
    },
    "test_metrics_real": {
        "MAE": 1.3387701446311602,
        "MSE": 2.886864947045756,
        "MdAE": 1.1163668632507324,
        "Pred(50)": 0.3988439306358382
    }
}