{
    "run_id": 2,
    "seed": 43,
    "elapsed_sec": 22.438589572906494,
    "best_val_mse": 0.00790246285735831,
    "epochs_trained": 48,
    "train_loss_history": [
        0.02272005283739418,
        0.018517157585094018,
        0.016247924507063416,
        0.015220127271355263,
        0.014274770467142974,
        0.013889248807182801,
        0.01320863061118871,
        0.012259591066478087,
        0.011432406737003475,
        0.01119088996866984,
        0.010857724252023868,
        0.010445607172524823,
        0.009956724915121283,
        0.00961477414239198,
        0.009528191750203925,
        0.00901920202387763,
        0.008687670307699591,
        0.008557055509715741,
        0.008351837931799569,
        0.008386813563993201,
        0.00820858720690012,
        0.008018623316560738,
        0.00783163014899141,
        0.007624824157184256,
        0.007186559358212565,
        0.007275417465383985,
        0.007270761247491464,
        0.007140488866051393,
        0.007103314964167241,
        0.0069030073770721045,
        0.006682994661137595,
        0.006800007129121306,
        0.006491425329919106,
        0.006594982644310221,
        0.006556343509250187,
        0.006397769578532981,
        0.006407428483778079,
        0.006401957283794348,
        0.006323532929777035,
        0.006194472820581203,
        0.006097248556657827,
        0.006306006859189698,
        0.006091474462716308,
        0.0058553884936762704,
        0.00598260794192486,
        0.005979584851801129,
        0.00580521525698714,
        0.005694454964084018
    ],
    "val_mse_history": [
        0.02041978018897948,
        0.01797693408094465,
        0.017387856974568974,
        0.016047525598117247,
        0.01527878466861739,
        0.014268794577162963,
        0.01419192273246711,
        0.013261341623029365,
        0.01327026718857718,
        0.011863522365217977,
        0.011914968220340978,
        0.011545742814162797,
        0.011583665764796077,
        0.011116278078861308,
        0.010527260531687463,
        0.010878516352074466,
        0.01025226924150284,
        0.00999022803623297,
        0.010013200484229958,
        0.010035764345970552,
        0.009898658149249694,
        0.00954113928400828,
        0.00944256864085958,
        0.008954407034647588,
        0.009078287195408225,
        0.00937569775303535,
        0.009297573605721346,
        0.009068358344222599,
        0.008712969717855878,
        0.00897387505211261,
        0.008631563857871935,
        0.008703622110614739,
        0.00864617905870822,
        0.008631164514047331,
        0.008491741400692523,
        0.008387213224818744,
        0.008413494135944947,
        0.008489051604304946,
        0.008384803852602884,
        0.008357248195949156,
        0.008379640225936917,
        0.008281724106889052,
        0.00790246285735831,
        0.00828734923146,
        0.00804433730955671,
        0.008294558105418333,
        0.008168011526827819,
        0.007906974195068799
    ],
    "test_metrics_scaled": {
        "MAE": 0.11872798475851704,
        "MSE": 0.02253184402407946,
        "MdAE": 0.10446126759052277,
        "Pred(50)": 0.3864306784660767
    },
    "test_metrics_real": {
        "MAE": 1.4247358171022044,
        "MSE": 3.244585539467442,
        "MdAE": 1.2535352110862732,
        "Pred(50)": 0.3864306784660767
    }
}