{
    "run_id": 9,
    "seed": 50,
    "elapsed_sec": 20.055317640304565,
    "best_val_mse": 0.0066051190947965755,
    "epochs_trained": 43,
    "train_loss_history": [
        0.02160718549109463,
        0.017607149724582476,
        0.015956627334734158,
        0.014397148505252387,
        0.013878892601600716,
        0.012950723107704627,
        0.012279438426984209,
        0.011612313094415835,
        0.011022142789858793,
        0.010991990518024457,
        0.010486088623292745,
        0.009911510680935213,
        0.009723941719026437,
        0.009396570973331108,
        0.00918010210319023,
        0.00901080007481921,
        0.008876108963574682,
        0.008520045907269897,
        0.007964230717958085,
        0.008271367674959557,
        0.008012712522343333,
        0.0077035167296084445,
        0.007744325664992045,
        0.007872548532239827,
        0.007506151957204566,
        0.007110379848329883,
        0.006952676151247163,
        0.006764238037534856,
        0.006889266227205683,
        0.006771599764968934,
        0.006592760640030194,
        0.006584252493589052,
        0.0064093879573712395,
        0.0064311994098326455,
        0.006168751000326925,
        0.006064676898781077,
        0.006141543376725167,
        0.005959824201584395,
        0.005945295122052942,
        0.005996598712434726,
        0.005827319625365947,
        0.0056661231102355354,
        0.005610193382017315
    ],
    "val_mse_history": [
        0.020004362298395896,
        0.0173238505335603,
        0.01780272609173031,
        0.01618002126750633,
        0.015328512242149777,
        0.014085346357742041,
        0.013887117802708201,
        0.013916276378157167,
        0.011905219994313878,
        0.012015410953444812,
        0.01226971703870276,
        0.011051733000556547,
        0.010474415398908643,
        0.011216416093095814,
        0.011419667830819,
        0.009567224640522662,
        0.009519473258306054,
        0.010441946396787697,
        0.008756933980404025,
        0.008901435569479919,
        0.009823302867322508,
        0.008447637491260297,
        0.008756386828069144,
        0.008919999460569412,
        0.008030221318099518,
        0.008345322612197425,
        0.007837897511909742,
        0.008770303415782714,
        0.008313792826629123,
        0.007427606795548355,
        0.008287091388685768,
        0.00833428600105174,
        0.007715085589138563,
        0.007617600554166289,
        0.007098224259830159,
        0.007165543959874785,
        0.007165787789174516,
        0.0066051190947965755,
        0.007015205034470159,
        0.006631995685128812,
        0.007607436999829133,
        0.00691514861141477,
        0.00728714475614335
    ],
    "test_metrics_scaled": {
        "MAE": 0.12081993224141611,
        "MSE": 0.025962694061559898,
        "MdAE": 0.0963779091835022,
        "Pred(50)": 0.38636363636363635
    },
    "test_metrics_real": {
        "MAE": 1.4498391868969933,
        "MSE": 3.7386279448646254,
        "MdAE": 1.1565349102020264,
        "Pred(50)": 0.38636363636363635
    }
}