{
    "run_id": 5,
    "seed": 46,
    "elapsed_sec": 42.58287310600281,
    "best_val_mse": 0.005043318303145323,
    "epochs_trained": 91,
    "train_loss_history": [
        0.025575352845979588,
        0.016872366986769652,
        0.015977389362108494,
        0.015109414840117097,
        0.0143553262842553,
        0.013785562750750354,
        0.01271321405989251,
        0.012246957757244152,
        0.011705067022038357,
        0.011205581934856518,
        0.011105204662973328,
        0.010027357937568532,
        0.00980936198861205,
        0.009882513905176893,
        0.00936627747141756,
        0.00923923800832459,
        0.00898130891229292,
        0.0085165478106189,
        0.0085377195550661,
        0.008308899030089379,
        0.00811240367391812,
        0.00790023380458089,
        0.007807007338020152,
        0.007620875141167614,
        0.0075155592116061595,
        0.007352665150704395,
        0.007192722269766299,
        0.00702600563028162,
        0.0069597383229328055,
        0.006774981022213719,
        0.006609234047521438,
        0.006653413322055712,
        0.006462613869890836,
        0.006826824448736651,
        0.006353023619989732,
        0.0062382892505931,
        0.006230563452533845,
        0.006055607230934713,
        0.006226089335645416,
        0.005819132786876123,
        0.005807876446384138,
        0.005668111790769866,
        0.0056589286138270314,
        0.005711136206186244,
        0.005730099232667791,
        0.005582784562804071,
        0.005528154407095696,
        0.005565660310510014,
        0.00551572267764381,
        0.0052965983573812995,
        0.005221099562394167,
        0.00501939771430833,
        0.005208667062522311,
        0.0051953557018090835,
        0.00496906288192674,
        0.004914206254761666,
        0.004958158479920322,
        0.004750308571549664,
        0.004839220285897942,
        0.004734900981254344,
        0.004588520375546068,
        0.004520334464281664,
        0.0044677659457582715,
        0.004422557718187038,
        0.004502174838229881,
        0.004457375362939534,
        0.004320843885735875,
        0.004462213395994955,
        0.004224681373619075,
        0.004352453619191822,
        0.004009270082627024,
        0.004043096380025548,
        0.0038418699829240463,
        0.004009577651491522,
        0.003947914438737955,
        0.003888411061572177,
        0.003832073887627173,
        0.0039365592179819945,
        0.0036047706987509236,
        0.003584625179480229,
        0.0034975361598688845,
        0.003592859258891882,
        0.003462479471428586,
        0.0034804805111239797,
        0.003492560698733931,
        0.0033906138319123006,
        0.0034825098120823635,
        0.0034168907983777377,
        0.0033879183715076317,
        0.00336445083874943,
        0.0034647325773091452
    ],
    "val_mse_history": [
        0.01941248771092044,
        0.017852007892732478,
        0.016017446868986075,
        0.015059144711810517,
        0.014676108012013854,
        0.013789819632660337,
        0.013215417517195356,
        0.012966614609727844,
        0.01217350393039397,
        0.011628269549007673,
        0.011449878816055659,
        0.01088776598621919,
        0.010613477511972093,
        0.010188708698469048,
        0.010025350134455274,
        0.009370755918775326,
        0.009370860602829559,
        0.008964899041315817,
        0.009274796974765596,
        0.008921475892424126,
        0.008640612942307589,
        0.008423169639634073,
        0.008416238985851313,
        0.008277311826497052,
        0.008007824576247376,
        0.007989751949623562,
        0.007798628309312352,
        0.007822300972917258,
        0.007658412987351462,
        0.007701552673199915,
        0.007716248908394944,
        0.007321180929895466,
        0.00730624909387507,
        0.007360550364699068,
        0.0072523137046771845,
        0.007358958723250788,
        0.00711856617109435,
        0.00762888897646327,
        0.007149009376637692,
        0.007028183879720592,
        0.006820230658824886,
        0.006826408409466479,
        0.006687728991891337,
        0.0065805290599282,
        0.006707523275221373,
        0.00640040141569813,
        0.006332862850288408,
        0.006594829350081506,
        0.006403693880101423,
        0.00622799604470714,
        0.00620439553099724,
        0.006273907828353156,
        0.006109186079026558,
        0.006016811268013164,
        0.006005600665738987,
        0.006027763942613104,
        0.006104441042506739,
        0.005929515374746777,
        0.0058438396991849426,
        0.0060285958402486834,
        0.005878556593735344,
        0.005752393821791996,
        0.00592030652790498,
        0.006022185091399931,
        0.005745102392817292,
        0.005767029960853834,
        0.005808259555543487,
        0.005598417764795972,
        0.005533234679555026,
        0.005534175932580174,
        0.0056370017088639415,
        0.005739832212682971,
        0.005522065972671998,
        0.005408291442668438,
        0.005495311514086781,
        0.005418827477282482,
        0.0055596834265814596,
        0.00553573325914547,
        0.00527061255328934,
        0.005310979920398423,
        0.005450979971946293,
        0.005126654972063845,
        0.00527515360336964,
        0.005272089494262541,
        0.005194293088469038,
        0.005043318303145323,
        0.005056367989390185,
        0.005173699288498551,
        0.005046868690427577,
        0.0051886305534903565,
        0.0054055210749661044
    ],
    "test_metrics_scaled": {
        "MAE": 0.13521357778873708,
        "MSE": 0.03187943824904166,
        "MdAE": 0.1123049333691597,
        "Pred(50)": 0.2984126984126984
    },
    "test_metrics_real": {
        "MAE": 1.6225629334648448,
        "MSE": 4.590639107861999,
        "MdAE": 1.3476592004299164,
        "Pred(50)": 0.2984126984126984
    }
}