{
    "run_id": 6,
    "seed": 47,
    "elapsed_sec": 40.46341323852539,
    "best_val_mse": 0.0061937607657137125,
    "epochs_trained": 70,
    "train_loss_history": [
        0.023981444299265388,
        0.01780624967992365,
        0.016689722794884194,
        0.0159531382978746,
        0.014960900072880562,
        0.014200402309171974,
        0.013640285099095236,
        0.013353145949261647,
        0.012641833420650709,
        0.012423955669094409,
        0.011703657614628948,
        0.011263633227264066,
        0.010916916264538905,
        0.01066718697233776,
        0.01031694905037829,
        0.010095026433682217,
        0.009808981425261923,
        0.009610110244321977,
        0.0095846812769268,
        0.009313843974341002,
        0.008832623822695857,
        0.008766148286032683,
        0.008640759426819545,
        0.008620044696033887,
        0.00832834557236527,
        0.008034448805985795,
        0.008284263642660031,
        0.00807097668219949,
        0.0079259912378066,
        0.007820481624794267,
        0.007707547041631881,
        0.007512440515999933,
        0.007376795659573483,
        0.007285720528295589,
        0.007239866767093421,
        0.007162012061887672,
        0.007128085503594891,
        0.007168508684059369,
        0.006871951128160286,
        0.00679484423987257,
        0.006569689202551094,
        0.006546773508908079,
        0.006550723674803203,
        0.0063762469325743115,
        0.006391563157584252,
        0.006274192300643624,
        0.006113268724191816,
        0.0060490587484165435,
        0.006049030834609377,
        0.005978992437973382,
        0.005822669080872502,
        0.0057711913467510525,
        0.005648150045927319,
        0.005617287224768439,
        0.005610381165290222,
        0.005512753395282383,
        0.005406578834120568,
        0.005393116267874748,
        0.005260197615291598,
        0.005116988042746449,
        0.004989402558994553,
        0.005017571588737949,
        0.004906970234948122,
        0.00490714217783765,
        0.004855511816761767,
        0.004772357592296358,
        0.004838769630176045,
        0.004806644765296138,
        0.004730003528132487,
        0.00463592873573015
    ],
    "val_mse_history": [
        0.017267406759964958,
        0.016745465707032853,
        0.015926079405102246,
        0.015131747851870719,
        0.014415045457515568,
        0.013792736986073735,
        0.01328604968414759,
        0.012734724809315716,
        0.012255860906966442,
        0.011897399416220257,
        0.011320509231457464,
        0.011058976886992623,
        0.011048950376432954,
        0.010760336397875773,
        0.01046079399369461,
        0.010197506569495505,
        0.010238886522786735,
        0.009987483591426066,
        0.00999824545210878,
        0.009509736446058537,
        0.00970310977888902,
        0.009606811259358071,
        0.009234980421532576,
        0.009235029188003696,
        0.009059828428860692,
        0.008906137763639143,
        0.008999756635369076,
        0.008756273370433634,
        0.008570364978295882,
        0.008623976865537607,
        0.008684776372055367,
        0.008325431977552486,
        0.007991131478116092,
        0.007900802861600116,
        0.008102831605736596,
        0.007805076706134874,
        0.007723003237061092,
        0.007855909507597585,
        0.007855679857986698,
        0.007758703999083224,
        0.007666775430868676,
        0.007796885165514676,
        0.007210247672820886,
        0.0073788494333750145,
        0.007453119047304079,
        0.007321320421830093,
        0.007055786257682786,
        0.007152589445853431,
        0.007091258673363446,
        0.006864502328888075,
        0.006933903484513667,
        0.007008766390181658,
        0.0069174765830805245,
        0.0068601061745535985,
        0.006872567029929771,
        0.006505750236343665,
        0.006702770748280937,
        0.006632227991143241,
        0.006685487590612144,
        0.006672146094868316,
        0.006303196824666256,
        0.006594150492809136,
        0.00647624543416655,
        0.006487068657933239,
        0.0061937607657137125,
        0.006323898618387457,
        0.006271388373801698,
        0.006378056720466232,
        0.006277849032963623,
        0.006316740104650944
    ],
    "test_metrics_scaled": {
        "MAE": 0.1248394112992879,
        "MSE": 0.02577108254737412,
        "MdAE": 0.10232788324356079,
        "Pred(50)": 0.5441640378548895
    },
    "test_metrics_real": {
        "MAE": 0.9987152903943032,
        "MSE": 1.6493492830319436,
        "MdAE": 0.8186230659484863,
        "Pred(50)": 0.5441640378548895
    }
}