{
    "run_id": 2,
    "seed": 43,
    "elapsed_sec": 38.17413830757141,
    "best_val_mse": 0.007961052774765737,
    "epochs_trained": 65,
    "train_loss_history": [
        0.020520981992520983,
        0.01730431612241008,
        0.016083467517062904,
        0.0152563957048447,
        0.014574995786432059,
        0.014007360474871737,
        0.013247328796534844,
        0.012618135282075003,
        0.011953783610979804,
        0.011627409632118153,
        0.010969246724723943,
        0.010919055552221835,
        0.01063873038242852,
        0.010216200940444,
        0.00987807402594222,
        0.009682417592211138,
        0.009496029849360061,
        0.009250594154258983,
        0.009077005559534189,
        0.008967999435429062,
        0.008839047902184243,
        0.008369799262644457,
        0.008372709350956102,
        0.00839513502201982,
        0.007991356902667099,
        0.007981915963307348,
        0.008072238679723962,
        0.0076764108056926895,
        0.007615319021242035,
        0.00743682107782834,
        0.007466937611175198,
        0.0072217245640728385,
        0.00725638548315074,
        0.007061191418740366,
        0.006958471812559144,
        0.006789114946196418,
        0.0069118392111415725,
        0.006722759180572919,
        0.006477635093255057,
        0.006476360147297825,
        0.006412433036385909,
        0.006340888831468802,
        0.006160743501303452,
        0.006051599665726017,
        0.006051678588384733,
        0.005975412579977678,
        0.0058234999661282115,
        0.005732932611690124,
        0.00576821581131616,
        0.005612941368738012,
        0.005544601435152193,
        0.00534036186235469,
        0.0052744602225074134,
        0.005267167121813159,
        0.005232520971312335,
        0.005139115442510783,
        0.005131493134069301,
        0.005186003029054504,
        0.005095087667642575,
        0.004919116934096175,
        0.005082506169509586,
        0.00493941421940228,
        0.004931008827360716,
        0.004933897588570189,
        0.004968874429496715
    ],
    "val_mse_history": [
        0.01905618833540217,
        0.017433355119193347,
        0.016802493491010307,
        0.016895455558386976,
        0.015732631626762607,
        0.015169500189081395,
        0.014894172398926823,
        0.01463116173722922,
        0.01440277071434056,
        0.013716239407486716,
        0.013303773994616543,
        0.013273597272252911,
        0.012958208770235331,
        0.012691998918489563,
        0.012504708265619714,
        0.012181771990990891,
        0.011939896395590666,
        0.01165916283321904,
        0.01172906118511812,
        0.011470054336566778,
        0.011410330073111062,
        0.010951546911069338,
        0.011244074222438826,
        0.011054541702128535,
        0.01075394109462529,
        0.010567162989317215,
        0.010731853133222224,
        0.01018845560252011,
        0.010288979411636841,
        0.010231506504902798,
        0.010039702058452643,
        0.009850860571456285,
        0.009984334203632858,
        0.009888557764502674,
        0.009773151618158307,
        0.009585741023585597,
        0.00942661707873345,
        0.009593486405283538,
        0.009460932993272247,
        0.009331041350769337,
        0.009367342835762961,
        0.009038813058726745,
        0.009254620242336076,
        0.009035154428893584,
        0.009010764549104924,
        0.008896200553747083,
        0.008607465399100504,
        0.008875016908111981,
        0.008655630425075672,
        0.008638211641731407,
        0.008630266654419525,
        0.008439729809441783,
        0.008438051605261,
        0.008284740443056767,
        0.008512339887918042,
        0.008373113088449083,
        0.008357784697244817,
        0.008063623513138133,
        0.008105626383050913,
        0.007961052774765737,
        0.008367941883826498,
        0.008204946996499525,
        0.00797707537422673,
        0.008043045550082317,
        0.00807850127413544
    ],
    "test_metrics_scaled": {
        "MAE": 0.11798655605734953,
        "MSE": 0.02358288075664002,
        "MdAE": 0.09607711434364319,
        "Pred(50)": 0.4869281045751634
    },
    "test_metrics_real": {
        "MAE": 0.9438924484587963,
        "MSE": 1.5093043684249612,
        "MdAE": 0.7686169147491455,
        "Pred(50)": 0.4869281045751634
    }
}