{
    "run_id": 3,
    "seed": 44,
    "elapsed_sec": 23.944769620895386,
    "best_val_mse": 0.008156096706187686,
    "epochs_trained": 41,
    "train_loss_history": [
        0.032174879618521245,
        0.01884038447372852,
        0.01676719142992552,
        0.015691146151983134,
        0.01516907430708497,
        0.013765615519202714,
        0.013388970147980938,
        0.012751123856841809,
        0.012059879830173616,
        0.011776591332385405,
        0.011106366251913151,
        0.010808575616609896,
        0.010504059714361257,
        0.010212356477813234,
        0.009997846901468519,
        0.009472774415616952,
        0.009262432675949105,
        0.008980054284967039,
        0.008943003713197652,
        0.00891351429394461,
        0.008513560888656815,
        0.008433684911800637,
        0.008326651681850235,
        0.008136213820387003,
        0.007965511966696275,
        0.007762387649448115,
        0.007672707335413655,
        0.007463768386052892,
        0.007484313143539198,
        0.007429440219383982,
        0.00730376888485995,
        0.007115314254954841,
        0.006978267562873144,
        0.006840232825313237,
        0.006730152677471143,
        0.0066464699274446405,
        0.0066556381602172875,
        0.006405843821879003,
        0.006351973026684146,
        0.006358331865778873,
        0.0061494038114139424
    ],
    "val_mse_history": [
        0.019917253469184677,
        0.017996564814741288,
        0.016546377350753014,
        0.016789615015851213,
        0.015315523695585335,
        0.014524524422425123,
        0.01379425362517286,
        0.013593395741308495,
        0.012918127859325177,
        0.012419747915632214,
        0.012076106257019657,
        0.01176603723097441,
        0.011514564454167748,
        0.011172955718395963,
        0.012147098886313304,
        0.01179753408910199,
        0.010526211979480185,
        0.010915897230245636,
        0.010073544779257827,
        0.010431260157052535,
        0.010028245749744747,
        0.009688190361542316,
        0.009646340274345223,
        0.009767876777159162,
        0.009492698237982385,
        0.00960715185436794,
        0.009566408873721396,
        0.009218131256940777,
        0.0092789002364384,
        0.00946265912462289,
        0.009027369429213304,
        0.009050384899189055,
        0.008749591051229154,
        0.008634917064059935,
        0.008723070578948031,
        0.008156096706187686,
        0.008517526737474655,
        0.008862680659247876,
        0.008394818182057522,
        0.008489115538320829,
        0.008322795304352815
    ],
    "test_metrics_scaled": {
        "MAE": 0.13299187070506205,
        "MSE": 0.032445295390393605,
        "MdAE": 0.09940747916698456,
        "Pred(50)": 0.5047770700636943
    },
    "test_metrics_real": {
        "MAE": 1.0639349656404964,
        "MSE": 2.0764989049851907,
        "MdAE": 0.7952598333358765,
        "Pred(50)": 0.5047770700636943
    }
}