{
    "run_id": 8,
    "seed": 49,
    "elapsed_sec": 31.712887048721313,
    "best_val_mse": 0.007343912569112238,
    "epochs_trained": 56,
    "train_loss_history": [
        0.01966538547819096,
        0.01705162084498812,
        0.01608930322127269,
        0.015048924347548375,
        0.01428247832541635,
        0.013637021639465636,
        0.012802419889282199,
        0.012175179490383478,
        0.011650061068524207,
        0.011341688655582922,
        0.010872770879705925,
        0.010726941684778366,
        0.010285636941377546,
        0.009918291421998883,
        0.009860853442833536,
        0.009484138286169914,
        0.009221283589593239,
        0.009105754664189936,
        0.00895699030268819,
        0.008459590039574466,
        0.008595069750241699,
        0.00828726786661834,
        0.00815990415775025,
        0.007903826675222566,
        0.007803060300093854,
        0.007834190970271944,
        0.0075879497217967926,
        0.007533508762698768,
        0.007257171750848462,
        0.007194510147359873,
        0.007217252684298844,
        0.007158788164064939,
        0.006860166387115087,
        0.006901078221354899,
        0.006690506651971696,
        0.006645074733699273,
        0.006567386045981761,
        0.006333908063381733,
        0.006411242624698576,
        0.006289413021433921,
        0.006169221335781797,
        0.006148379751100456,
        0.006172217049410508,
        0.005932237908136957,
        0.006001957067628465,
        0.005964898192490052,
        0.005966029484711942,
        0.005963632798132797,
        0.005908191644093243,
        0.005852773381833223,
        0.005964415166379204,
        0.0058513595184425836,
        0.005830000958032167,
        0.005860242519586805,
        0.0058952780931981075,
        0.00576859860753064
    ],
    "val_mse_history": [
        0.017026960653514688,
        0.01614312596670133,
        0.015160276851672299,
        0.014707711248794518,
        0.013721601346245803,
        0.013166503987203211,
        0.012529134405835697,
        0.012338072327080238,
        0.011757836655618269,
        0.011391375596385315,
        0.011109846993689278,
        0.010684136830170278,
        0.010694859820443745,
        0.010491316013872475,
        0.010082879618501205,
        0.009816421355549602,
        0.009809403312683972,
        0.009641908969140068,
        0.009617637264134376,
        0.009552728235983658,
        0.009192717317746676,
        0.009030021145741219,
        0.009012073647286364,
        0.00874468789038397,
        0.008826595445193547,
        0.008637755391070931,
        0.008524216776600185,
        0.008706106922171115,
        0.008465592455784387,
        0.008441287156566148,
        0.00840074182342335,
        0.00849672797497394,
        0.007896745686809687,
        0.008062385253588742,
        0.007903564088892966,
        0.008007222024276433,
        0.008087236552739496,
        0.007603919145070858,
        0.007659082886312572,
        0.007646496725515696,
        0.007690170521863861,
        0.007633910449034176,
        0.007595444676409269,
        0.00750341125357711,
        0.0076225264638532355,
        0.007621873408505838,
        0.007497665838263968,
        0.007410618392527237,
        0.007727423971825254,
        0.007380334527259735,
        0.007343912569112238,
        0.007590790291475084,
        0.007465701907994521,
        0.007366365322287252,
        0.007407858612311672,
        0.007437412445246632
    ],
    "test_metrics_scaled": {
        "MAE": 0.1163254458950372,
        "MSE": 0.02386291111127699,
        "MdAE": 0.0939202830195427,
        "Pred(50)": 0.529505582137161
    },
    "test_metrics_real": {
        "MAE": 0.9306035671602976,
        "MSE": 1.5272263111217275,
        "MdAE": 0.7513622641563416,
        "Pred(50)": 0.529505582137161
    }
}