{
    "run_id": 7,
    "seed": 48,
    "elapsed_sec": 36.32754158973694,
    "best_val_mse": 0.00783756070725243,
    "epochs_trained": 64,
    "train_loss_history": [
        0.034133473610771556,
        0.019061777421036766,
        0.017801554358032132,
        0.0167242073424397,
        0.01589202819879921,
        0.015595768584818061,
        0.014702875630020918,
        0.013978026114359852,
        0.013384440494331695,
        0.012612677133080386,
        0.012105343068787267,
        0.011839140371035135,
        0.011460365085411699,
        0.010834072532671844,
        0.010644241656538926,
        0.010265880252330727,
        0.01003920865089943,
        0.00969134762861012,
        0.009472349322297506,
        0.00916341095719309,
        0.00917713593188969,
        0.00881944962366972,
        0.008764963329119224,
        0.008563244564732212,
        0.008367472987932464,
        0.008271466830693599,
        0.007993325006238939,
        0.007929090926486497,
        0.00780715807692133,
        0.007715139465059139,
        0.007584873937062978,
        0.007374306778526968,
        0.007183905307938981,
        0.007067401012930546,
        0.007183923723965159,
        0.006939121261922761,
        0.006912957906948462,
        0.006738269418877151,
        0.0067169138517725975,
        0.00670432111771319,
        0.006490404151254407,
        0.006347856772620054,
        0.006229682673057098,
        0.0064960632982316415,
        0.006062154371720103,
        0.0059911344368528165,
        0.005939799870940901,
        0.005816674169470807,
        0.005886711270755364,
        0.005894032801734284,
        0.0056674266829975836,
        0.005710325217694931,
        0.005731392423123387,
        0.005626024906098518,
        0.005636764394622001,
        0.005541970447031042,
        0.005481730448313072,
        0.005468372028738644,
        0.005447194949651714,
        0.005411672765769745,
        0.0053023305078986884,
        0.005446625279358751,
        0.0052548197697707645,
        0.005314601065557716
    ],
    "val_mse_history": [
        0.022070218099657868,
        0.020230345939957706,
        0.01942739129047516,
        0.018179229813187238,
        0.018158931489168504,
        0.01692999041680394,
        0.01592060440200589,
        0.01566216523927695,
        0.015006851440615322,
        0.014655902279195597,
        0.013927521638099728,
        0.013656002145612916,
        0.013516853893827199,
        0.013022605222156368,
        0.012519132183345834,
        0.012061246931968575,
        0.012221142357250806,
        0.011767777683034688,
        0.011669711190281542,
        0.01149813846315048,
        0.011475796864314115,
        0.011126314691541628,
        0.010810763830902886,
        0.010565141871052744,
        0.010568929234486126,
        0.010453653020137529,
        0.010776405380602042,
        0.010571675056671705,
        0.010314374413820748,
        0.010147918397874309,
        0.009881641858863135,
        0.009799549683168766,
        0.01001123312909095,
        0.009785133836349028,
        0.009690316914022333,
        0.009744594231276906,
        0.009402995465642716,
        0.009088397270983971,
        0.009487926139761998,
        0.00880746988256444,
        0.009064173431306046,
        0.008953825385713895,
        0.008869801773470149,
        0.0089743529221588,
        0.008738048479847797,
        0.00883901483824823,
        0.008695251450308332,
        0.008359166929809779,
        0.008432156214313464,
        0.008446444201351232,
        0.008278092998321471,
        0.008652803945495823,
        0.008394868804484364,
        0.008551268651463396,
        0.008498560499336382,
        0.008112991727903597,
        0.008147930628076158,
        0.00808654755669095,
        0.00783756070725243,
        0.008294861794125566,
        0.008009126888075098,
        0.008359821240165858,
        0.008315731868924278,
        0.008114802950070108
    ],
    "test_metrics_scaled": {
        "MAE": 0.11469379682064845,
        "MSE": 0.021938332115958983,
        "MdAE": 0.08939330279827118,
        "Pred(50)": 0.5623052959501558
    },
    "test_metrics_real": {
        "MAE": 0.9175503745651876,
        "MSE": 1.404053255421375,
        "MdAE": 0.7151464223861694,
        "Pred(50)": 0.5623052959501558
    }
}