{
    "run_id": 4,
    "seed": 45,
    "elapsed_sec": 45.05672740936279,
    "best_val_mse": 0.006378055607529984,
    "epochs_trained": 78,
    "train_loss_history": [
        0.03789787320420146,
        0.019279603733651576,
        0.017415739054466407,
        0.016676161852147844,
        0.015643042438323537,
        0.014774613261651543,
        0.013987199277690952,
        0.01330776848102225,
        0.012949452679123848,
        0.012321508336176594,
        0.01156865988418253,
        0.01131243771866023,
        0.010924976139831993,
        0.010438453039294847,
        0.01007406893537365,
        0.00993578138646655,
        0.00946760488145556,
        0.00944230250648356,
        0.009154586624982397,
        0.00893215515876248,
        0.00882817064051605,
        0.008590808498584443,
        0.008516464213330653,
        0.008278584549395692,
        0.008203275243951274,
        0.007790472755293613,
        0.007865914283135522,
        0.007721673322117163,
        0.0075167661268515365,
        0.007328481306248005,
        0.007278321810724539,
        0.007193857792391634,
        0.007076785104656,
        0.006951980323286816,
        0.0068309250715491735,
        0.006679005190057473,
        0.006723847891581023,
        0.006673705549762835,
        0.0064027734592349995,
        0.006354737370866277,
        0.006247873146397372,
        0.006118403786020945,
        0.0061900153153738565,
        0.006029780201580641,
        0.005799507634716094,
        0.005743014596177206,
        0.00578069185264342,
        0.0057649473107183385,
        0.005622786625901917,
        0.005568892482505549,
        0.005567950691791281,
        0.005374932834889651,
        0.005328583867854572,
        0.005349556890515876,
        0.005079790489703771,
        0.005132024964070066,
        0.0051446437130271945,
        0.0049758887820182335,
        0.004970502014094521,
        0.004805974567600984,
        0.004873643875480556,
        0.004639489651520899,
        0.004580735295016822,
        0.00457350229119165,
        0.00455304854946758,
        0.00451955432002987,
        0.004428864334292326,
        0.004368142699748869,
        0.004365254198164043,
        0.004268862699049466,
        0.004157921025623745,
        0.004175441043492082,
        0.004083134489418525,
        0.004090343720495834,
        0.003929386249861665,
        0.003883451200275135,
        0.003867110467076095,
        0.0037067790577162262
    ],
    "val_mse_history": [
        0.019540808842451293,
        0.01812684002254062,
        0.016607068365250992,
        0.01604115921065579,
        0.015213699649693069,
        0.014452164840249724,
        0.014090562360788851,
        0.013567090891721896,
        0.013088163618822458,
        0.01258920817757579,
        0.0121269541548819,
        0.011948044030816039,
        0.011916622195847933,
        0.011360854310281526,
        0.01082384064271121,
        0.010580350057101954,
        0.010567214316688982,
        0.01049991635761764,
        0.010043188986713313,
        0.010113590154880416,
        0.00995798470104756,
        0.009718016321055045,
        0.009944339064452105,
        0.009545237050897751,
        0.009705487013926675,
        0.009529682305943829,
        0.00904718828781837,
        0.009059464433649586,
        0.009223614513682572,
        0.008804599920813255,
        0.008927672493743466,
        0.008713363733044713,
        0.008890608480829749,
        0.008663521588671065,
        0.008691216985986749,
        0.008842037597273771,
        0.00826630537717978,
        0.008388975952693178,
        0.0083244798995568,
        0.008472248904397739,
        0.008120017891873473,
        0.008055284454303278,
        0.007850715943581327,
        0.008114595791504805,
        0.007908452168614327,
        0.008022563638018397,
        0.007696405705400734,
        0.007913407907826785,
        0.007810154594393654,
        0.0078030637487758615,
        0.007428644481713178,
        0.007474450701648388,
        0.007412609279249645,
        0.007423227109045812,
        0.007328222586951441,
        0.007272405158277306,
        0.007564226821969589,
        0.007377155810583747,
        0.007075312578908207,
        0.007012424949806176,
        0.007173117543603021,
        0.007248814893721265,
        0.007287890550177695,
        0.006949539076081898,
        0.007110635874576179,
        0.006917171266410236,
        0.007065266012133788,
        0.0066629292155619855,
        0.006656327695584102,
        0.006777621703454018,
        0.006942165011805682,
        0.0066524514754709154,
        0.006378055607529984,
        0.006489458066981571,
        0.006441060355398631,
        0.006600979190737042,
        0.006494017520867695,
        0.00646182008841765
    ],
    "test_metrics_scaled": {
        "MAE": 0.13502624919773012,
        "MSE": 0.032369125937753714,
        "MdAE": 0.11465016007423401,
        "Pred(50)": 0.43156199677938806
    },
    "test_metrics_real": {
        "MAE": 1.080209993581841,
        "MSE": 2.0716240600162377,
        "MdAE": 0.9172012805938721,
        "Pred(50)": 0.43156199677938806
    }
}