{
    "run_id": 9,
    "seed": 50,
    "elapsed_sec": 27.267308712005615,
    "best_val_mse": 0.007008462659517015,
    "epochs_trained": 47,
    "train_loss_history": [
        0.038418792454259734,
        0.019979388774594382,
        0.01825203382435979,
        0.01673520909481874,
        0.01610592693009133,
        0.015312977861391292,
        0.014390225328194598,
        0.01363729233557861,
        0.013182519644033164,
        0.012543848431151774,
        0.011806447130058788,
        0.011390461189125383,
        0.010841771150894818,
        0.01055536248041169,
        0.010311734403431829,
        0.009944825593034721,
        0.009719682588530261,
        0.009296101842275155,
        0.009185096080828872,
        0.008907722018193454,
        0.00892753277291795,
        0.008670769763060861,
        0.008657860978957384,
        0.008432900755747503,
        0.008254212123112723,
        0.007997706085295668,
        0.007973390833718614,
        0.007766682540975688,
        0.007755226276848199,
        0.007521334277477027,
        0.007303552270593447,
        0.00747298751495749,
        0.007207692486219226,
        0.007199697056046081,
        0.00697845358508713,
        0.007037079274942655,
        0.006808450514365668,
        0.006675207067192311,
        0.0065791947556482185,
        0.006431821008889182,
        0.006292081905283137,
        0.006282629662319013,
        0.006205730369806083,
        0.006182672253565951,
        0.005984207505770471,
        0.005983103365574535,
        0.005793838425435954
    ],
    "val_mse_history": [
        0.019959420320076162,
        0.018271498280277573,
        0.01624897066618355,
        0.015518489864425684,
        0.01457674506010849,
        0.01408387560816143,
        0.013794101238828294,
        0.013135180641737245,
        0.011812928030562908,
        0.01167778859673557,
        0.011172461358682353,
        0.011365046204444233,
        0.01071002597723523,
        0.010684487638140554,
        0.010416474211114109,
        0.009942027415124375,
        0.010223131274261178,
        0.009672277757719793,
        0.009409910625499526,
        0.010110464156949144,
        0.009340506841119265,
        0.009400905713062582,
        0.008777431769198438,
        0.008857656415298724,
        0.008329328644310217,
        0.008819648399297915,
        0.008481234145782179,
        0.008223946706125198,
        0.008155959441579196,
        0.00831387181213976,
        0.008256121551270888,
        0.00795822291443438,
        0.00782792261347835,
        0.008118512171988375,
        0.007976282518270126,
        0.007971158505918906,
        0.007499147703776865,
        0.007623320827267002,
        0.0076294603396756715,
        0.007504254966179669,
        0.007373906808561579,
        0.007008462659517015,
        0.007137886248684053,
        0.007522654913124725,
        0.0070614466228761125,
        0.0071214622057549515,
        0.007419544946460084
    ],
    "test_metrics_scaled": {
        "MAE": 0.11229496179375707,
        "MSE": 0.025372291907455536,
        "MdAE": 0.07979163527488708,
        "Pred(50)": 0.5447154471544715
    },
    "test_metrics_real": {
        "MAE": 0.8983596943500566,
        "MSE": 1.6238266820771543,
        "MdAE": 0.6383330821990967,
        "Pred(50)": 0.5447154471544715
    }
}