{
    "run_id": 10,
    "seed": 51,
    "elapsed_sec": 17.8602614402771,
    "best_val_mse": 0.008704967854099773,
    "epochs_trained": 31,
    "train_loss_history": [
        0.03293894163687669,
        0.018321093968263577,
        0.01688125827127979,
        0.015841360440448163,
        0.014917081188676613,
        0.01444035074082277,
        0.013280616039299361,
        0.013129883418081417,
        0.012146875520037221,
        0.011652894329190963,
        0.011238315631450701,
        0.0107886626496948,
        0.010597606651052567,
        0.010180002971855362,
        0.009857724128764064,
        0.009818855954873716,
        0.009167944580974382,
        0.009321831815805847,
        0.00893041634440629,
        0.009031896664214039,
        0.008740773339504524,
        0.008434260167026272,
        0.008149498235157114,
        0.008072534991827394,
        0.008066125410897214,
        0.007754834313851057,
        0.007783857916134395,
        0.0075916568984255375,
        0.007344202296013781,
        0.007166886016623014,
        0.007089337596433267
    ],
    "val_mse_history": [
        0.018420212948634124,
        0.016814904547373537,
        0.016189131498282782,
        0.015332811362926798,
        0.014400430305348863,
        0.013895463646878855,
        0.013542709033384129,
        0.012933894334045744,
        0.013130222941196102,
        0.012238589501829102,
        0.012309670302916688,
        0.011640579968071186,
        0.011369837520401743,
        0.011176378509396926,
        0.010710951163769732,
        0.010969831843005772,
        0.010807519531014333,
        0.01009721584996891,
        0.009742590527449503,
        0.00995064724761445,
        0.009412646075026856,
        0.009304807094860666,
        0.009210152722496822,
        0.009693241724877483,
        0.009288524924315334,
        0.008704967854099773,
        0.009053329233535672,
        0.008871786680550728,
        0.008919560592021472,
        0.008866343610629534,
        0.008730650761845508
    ],
    "test_metrics_scaled": {
        "MAE": 0.11195734257399033,
        "MSE": 0.02200506157962998,
        "MdAE": 0.08668637275695801,
        "Pred(50)": 0.5824915824915825
    },
    "test_metrics_real": {
        "MAE": 0.8956587405919226,
        "MSE": 1.4083239410963186,
        "MdAE": 0.6934909820556641,
        "Pred(50)": 0.5824915824915825
    }
}