{
    "run_id": 1,
    "seed": 42,
    "elapsed_sec": 36.683645486831665,
    "best_val_mse": 0.007843939963801906,
    "epochs_trained": 64,
    "train_loss_history": [
        0.025557595212751673,
        0.01820055957299672,
        0.016717048711143434,
        0.016039562204645738,
        0.015010039550289216,
        0.014224903342047972,
        0.01388558873163891,
        0.0129362581730155,
        0.012434204235591644,
        0.012066462219485806,
        0.011534389156463837,
        0.011278971327498319,
        0.010653853297255756,
        0.010601438058074564,
        0.010093554222424115,
        0.00968395198218613,
        0.009442177497678332,
        0.009118173337940658,
        0.009001614037154626,
        0.008878472989188537,
        0.008835721668595123,
        0.008436677993149571,
        0.008296390970437122,
        0.00808400653361801,
        0.007812420281836586,
        0.007914262973437352,
        0.00761240209075844,
        0.007535335457225937,
        0.007444669536891438,
        0.007254552816794742,
        0.007265071895080692,
        0.007066089457588359,
        0.00694703856909958,
        0.006858695643983545,
        0.006787863754970391,
        0.006657161610385787,
        0.0065463016494288154,
        0.006548542622661602,
        0.006403515938140955,
        0.00619629979279587,
        0.0063795575471077524,
        0.006133877155315574,
        0.005913940428327474,
        0.00578977539257649,
        0.005839967836407826,
        0.005860518836434783,
        0.005732124448672588,
        0.005703747512020599,
        0.005588195582118166,
        0.005525905618606697,
        0.0055845477290281526,
        0.005332830983827571,
        0.0053940081482915766,
        0.005220904250607072,
        0.0050771938212352645,
        0.005041707087204688,
        0.005033483471682605,
        0.004900906923770283,
        0.004782897065206993,
        0.0048978620754843135,
        0.004825712126653848,
        0.0047505912420641085,
        0.004744795865715585,
        0.004733793803357652
    ],
    "val_mse_history": [
        0.020303187602267306,
        0.020051827808921112,
        0.018736856287441206,
        0.018117710842642385,
        0.017184780135479798,
        0.016816400861926428,
        0.015693101170296812,
        0.014824922724057917,
        0.015412467149548768,
        0.01464688938905334,
        0.014488296799417245,
        0.01394703606875764,
        0.013202761639511874,
        0.01338522660345705,
        0.013184200454608082,
        0.012300582910675434,
        0.012418453601340956,
        0.011971214474894349,
        0.012116620118397757,
        0.011923311043086632,
        0.011590298005623438,
        0.011346982026823679,
        0.011215264182988157,
        0.010973643405599086,
        0.011180981803617677,
        0.011154192781598267,
        0.010751164257513938,
        0.010445133651276783,
        0.010233480463504247,
        0.010580303386179117,
        0.010007792477900469,
        0.01006672603100447,
        0.010507152937509052,
        0.010121028625316619,
        0.009821633908814425,
        0.009850236453422359,
        0.009984101100679911,
        0.009544121546231516,
        0.009475293005809205,
        0.009288349064707619,
        0.009556650234253682,
        0.009361848654592926,
        0.009865557034982505,
        0.009154295088475147,
        0.009411773772963152,
        0.008854414480901017,
        0.008967279689346066,
        0.008922704919300056,
        0.008631813587608126,
        0.008288250960216337,
        0.008920065855517427,
        0.00853968189404005,
        0.008761861338593557,
        0.008606714441207869,
        0.008011208533082681,
        0.00853781586491136,
        0.0084255278097115,
        0.008471311464825609,
        0.007843939963801906,
        0.008181307306209541,
        0.008099262212748912,
        0.008512564341278448,
        0.008364588296884502,
        0.008088020939328124
    ],
    "test_metrics_scaled": {
        "MAE": 0.12267352179755421,
        "MSE": 0.02449949842235512,
        "MdAE": 0.09446430206298828,
        "Pred(50)": 0.5008291873963516
    },
    "test_metrics_real": {
        "MAE": 0.9813881743804337,
        "MSE": 1.5679678990307278,
        "MdAE": 0.7557144165039062,
        "Pred(50)": 0.5008291873963516
    }
}