{
    "run_id": 5,
    "seed": 46,
    "elapsed_sec": 40.54177808761597,
    "best_val_mse": 0.007999782895590661,
    "epochs_trained": 69,
    "train_loss_history": [
        0.03389807591872615,
        0.018846903556203914,
        0.017254611643563424,
        0.0163536765409397,
        0.015352702799386211,
        0.014711169235866576,
        0.013985878865544995,
        0.01347961069809066,
        0.012617565485434459,
        0.012084111569464089,
        0.011598728586076981,
        0.011418746253069018,
        0.011201302432233379,
        0.010833883440927677,
        0.010485461707936511,
        0.010094569792734489,
        0.009796253909515808,
        0.009499115442546705,
        0.009404810066039245,
        0.009101899214170223,
        0.009149923571847409,
        0.008706430270750489,
        0.008643655850189842,
        0.008451589907053858,
        0.008266589377955016,
        0.008070686990062572,
        0.007789653748096455,
        0.007731270422005937,
        0.007564676459878683,
        0.007458596767040916,
        0.007262844875055764,
        0.0072582726993243255,
        0.0071246221713307835,
        0.007159082274902464,
        0.00678023797116198,
        0.006863869626873306,
        0.00669307078212677,
        0.006600149509419377,
        0.006456695020287519,
        0.006280591209707339,
        0.006256429041506693,
        0.006276312760920042,
        0.006137416325694334,
        0.006043145782314241,
        0.006091673801180034,
        0.0059809424939365795,
        0.0058884312521614544,
        0.005931477002348633,
        0.00581672992640441,
        0.00585558238330238,
        0.005789276006417201,
        0.005696713951663927,
        0.0056537377282178825,
        0.005486498173374299,
        0.005649509956128895,
        0.005404452782674944,
        0.005569193100820976,
        0.005528325535124168,
        0.005489583954349944,
        0.005346308630015258,
        0.0054205523342788515,
        0.00522113929729953,
        0.005266816953995398,
        0.005273834096788917,
        0.005198041464032102,
        0.005127770897363209,
        0.005070119152872986,
        0.00515631173523919,
        0.005099986433162398
    ],
    "val_mse_history": [
        0.021430476424153487,
        0.019396713569620087,
        0.018542235167245694,
        0.017772255357032658,
        0.016888695002719428,
        0.016219933001039365,
        0.0152524855328985,
        0.014903940284135062,
        0.014450652455619514,
        0.014215729832775338,
        0.013661102354039417,
        0.013052224030654293,
        0.013251047927530771,
        0.013095963609191371,
        0.012777495963556325,
        0.012549786033919774,
        0.011865348409311374,
        0.011540304192582302,
        0.011239846450004852,
        0.01120318369372781,
        0.011150191827158566,
        0.011288099573871224,
        0.010941030654333836,
        0.01045355243852676,
        0.010431073370932043,
        0.010737469824544935,
        0.010318276127156235,
        0.010361948250691177,
        0.010369134876699477,
        0.00994482774708217,
        0.009846023530131774,
        0.010024668038002128,
        0.0094664028809738,
        0.009365290579410197,
        0.009147354358739012,
        0.009369413701175104,
        0.009511800783024686,
        0.009286842095479766,
        0.009712394967854534,
        0.008972670886712377,
        0.009050265855722517,
        0.009349637013805204,
        0.009098850217029948,
        0.008601026978944293,
        0.008871762949131215,
        0.008749019763086317,
        0.008795210969151594,
        0.008540750995516346,
        0.008602183183376228,
        0.008429189064911951,
        0.009051888914636303,
        0.00848359476603416,
        0.008303661305787675,
        0.00843242262073525,
        0.00881732230312794,
        0.008544376179350922,
        0.008276706832712057,
        0.008359341007947852,
        0.008323548148105169,
        0.008443674007182808,
        0.009100317888425663,
        0.008242179428301487,
        0.008282453619275508,
        0.007999782895590661,
        0.008008630421075398,
        0.008093416678038551,
        0.008087322590573001,
        0.008237718163861716,
        0.008370237635024485
    ],
    "test_metrics_scaled": {
        "MAE": 0.12012126742998269,
        "MSE": 0.024597513896397815,
        "MdAE": 0.09340883791446686,
        "Pred(50)": 0.5320197044334976
    },
    "test_metrics_real": {
        "MAE": 0.9609701394398615,
        "MSE": 1.5742408893694602,
        "MdAE": 0.7472707033157349,
        "Pred(50)": 0.5320197044334976
    }
}