{
    "run_id": 2,
    "seed": 43,
    "elapsed_sec": 164.7766990661621,
    "best_val_mse": 0.00012535787974092788,
    "epochs_trained": 47,
    "train_loss_history": [
        0.0014378801815316982,
        0.001142646295798816,
        0.0008936133511588811,
        0.0007209202072899132,
        0.0005752055005433399,
        0.0004650717611211964,
        0.00037556731894578514,
        0.0003135549629517108,
        0.00028795653062567135,
        0.00024073260501003484,
        0.00022050544538275454,
        0.0002001100910074664,
        0.0001802754854900009,
        0.00017292867933330275,
        0.0001606666171854548,
        0.00014651563422728118,
        0.0001387129129741635,
        0.00013570607370828034,
        0.00012711662986776814,
        0.00011735074422006342,
        0.0001144209249636121,
        0.0001136392877429694,
        0.00010799056356032616,
        0.00010276548359215705,
        9.140091816910822e-05,
        9.589483816549521e-05,
        8.609227509119019e-05,
        8.671089189543687e-05,
        8.035730013169817e-05,
        8.828085009025302e-05,
        7.68995461459495e-05,
        8.373068352356862e-05,
        7.33963066389404e-05,
        7.190008481095095e-05,
        7.41453700134537e-05,
        6.614666667545228e-05,
        7.04867854970733e-05,
        6.825626896010997e-05,
        6.892561122716659e-05,
        6.154107278214858e-05,
        6.323163366161167e-05,
        4.850121838792269e-05,
        4.28449828316812e-05,
        4.2545485347887416e-05,
        4.128111009880216e-05,
        4.3062084008167056e-05,
        3.729776770594831e-05
    ],
    "val_mse_history": [
        0.0010307101571388592,
        0.0009943553090996588,
        0.0008257609883585899,
        0.0006485234683085636,
        0.0005767541256495481,
        0.0004774880700304704,
        0.0004061407627948316,
        0.00039729339734995937,
        0.00033208760192073424,
        0.00032653857492512706,
        0.00029392627603969443,
        0.00025873447355773024,
        0.00025403624576261454,
        0.00024756566754199465,
        0.00022878346208853755,
        0.00023715451709252098,
        0.0002322525588955026,
        0.00021065425691385605,
        0.0002109028021401017,
        0.0001962419855551425,
        0.00019789779722070833,
        0.00017935741453928674,
        0.00018023246621505444,
        0.00017665667302242034,
        0.00017935132168820332,
        0.0001813987425099834,
        0.00016896714569056997,
        0.00017203830329941267,
        0.000174835440038427,
        0.00016295367323631877,
        0.00015750285689204664,
        0.00017033435145634245,
        0.00014974307256063467,
        0.000150818348940932,
        0.00014273439046690687,
        0.00016052178741296085,
        0.00014231027502084682,
        0.00014865175527600666,
        0.00015567382016644463,
        0.00015656793712985867,
        0.00016469947932933805,
        0.00012535787974092788,
        0.0001314637406092574,
        0.00013003727508492378,
        0.00013226583387296073,
        0.00012774025792481925,
        0.000125472343158684
    ],
    "test_metrics_scaled": {
        "MAE": 0.02961311898531578,
        "MSE": 0.0018752738106616834,
        "MdAE": 0.0212232768535614,
        "Pred(50)": 0.5085569999064808
    },
    "test_metrics_real": {
        "MAE": 1.0068460455007366,
        "MSE": 2.167816525124906,
        "MdAE": 0.7215914130210876,
        "Pred(50)": 0.5085569999064808
    }
}