{
    "run_id": 7,
    "seed": 48,
    "elapsed_sec": 195.35705518722534,
    "best_val_mse": 0.00012882235303582842,
    "epochs_trained": 55,
    "train_loss_history": [
        0.001419075768039444,
        0.0011045393624285523,
        0.0008995301669584837,
        0.0007200269334308784,
        0.0005803915779318919,
        0.0004738526138616399,
        0.00039848535973824,
        0.00034091653700392334,
        0.0002850400218767059,
        0.000258887787657785,
        0.00022675638488952313,
        0.00021475510725816149,
        0.00018914633734987526,
        0.00017935255050005963,
        0.00016508450479516728,
        0.00015753414849461778,
        0.0001441338840384704,
        0.00013678942398179594,
        0.00013287631711806836,
        0.00012257868734758765,
        0.0001228337822464561,
        0.00011382006642339892,
        0.00011130152585312703,
        0.00010588258711672075,
        0.00011188755604756037,
        8.982363610873688e-05,
        0.00010194583455577098,
        8.999247444408467e-05,
        9.131894365984274e-05,
        8.608657172278851e-05,
        8.994137924550818e-05,
        7.974057222982396e-05,
        8.422458479171923e-05,
        8.331205658251746e-05,
        7.65395313571922e-05,
        7.116321712298498e-05,
        7.43279820033329e-05,
        5.6818513853656285e-05,
        5.060156142830007e-05,
        5.099029392844723e-05,
        4.94126259375801e-05,
        4.8886342113885296e-05,
        4.397758941065549e-05,
        4.1181981973149256e-05,
        4.0864657650036615e-05,
        3.950339876744477e-05,
        3.9263105334103026e-05,
        3.898301963296805e-05,
        3.803622351338764e-05,
        3.782517099458842e-05,
        3.746985974782635e-05,
        3.732551244847117e-05,
        3.612406147843995e-05,
        3.631175867119512e-05,
        3.299658578323717e-05
    ],
    "val_mse_history": [
        0.0009598320945725638,
        0.0009468601841233909,
        0.0008321995869616709,
        0.0006324358302849405,
        0.0005620920978972058,
        0.0005187301414869968,
        0.0004356311001396834,
        0.0004029178561203174,
        0.0003569996332292959,
        0.00034901857101741633,
        0.000315371013527767,
        0.0002982209063502357,
        0.00026882251245546505,
        0.0002537312563094542,
        0.0002463306890540846,
        0.00023002281279909645,
        0.0002485028533360117,
        0.00022145507450825787,
        0.00021344423665845208,
        0.00020310786859914276,
        0.00021389080582525602,
        0.00019776804948908684,
        0.00020047833641019695,
        0.00018873973497767838,
        0.00018448097089530187,
        0.00020293546012286305,
        0.00018902939564074045,
        0.00017996134106622162,
        0.00017273299437236438,
        0.00019171988453495984,
        0.00017874002950949103,
        0.00016845927912961814,
        0.000162152390516422,
        0.00017012144540511575,
        0.00018124142278227334,
        0.00016468927004228544,
        0.00016375753077869676,
        0.00014067116348830033,
        0.00015426046562126987,
        0.0001415262910882452,
        0.0001407147825712708,
        0.00014070809816220693,
        0.00012964152905138622,
        0.0001344414072221087,
        0.00013209099672874686,
        0.0001355217235260502,
        0.00012891705497596368,
        0.00013313352840260115,
        0.00012885529303977632,
        0.00012882235303582842,
        0.00012988867099574615,
        0.00013228512876903637,
        0.00012916980605049688,
        0.00013091199873937378,
        0.00012886386489178073
    ],
    "test_metrics_scaled": {
        "MAE": 0.032051204678459996,
        "MSE": 0.0021635938579569287,
        "MdAE": 0.022977368906140327,
        "Pred(50)": 0.4650923062505857
    },
    "test_metrics_real": {
        "MAE": 1.08974095906764,
        "MSE": 2.5011144997982098,
        "MdAE": 0.7812305428087711,
        "Pred(50)": 0.4650923062505857
    }
}