{
    "run_id": 10,
    "seed": 51,
    "elapsed_sec": 233.66976881027222,
    "best_val_mse": 0.00016170906006156152,
    "epochs_trained": 66,
    "train_loss_history": [
        0.001336341003487473,
        0.0010515143840194668,
        0.0008493134431069672,
        0.0006998720311720974,
        0.0005702541320630506,
        0.0004752942869921494,
        0.00039326344703757637,
        0.0003220783073591862,
        0.00028490920172983435,
        0.00025171164177873845,
        0.0002217233946542551,
        0.00019539564314815705,
        0.0001811414286454582,
        0.00016384271285033443,
        0.00014945839292684413,
        0.0001444616096292799,
        0.00013323204800507068,
        0.00012675917382831253,
        0.00011398132901272708,
        0.00011172366866598693,
        0.00011288335700535888,
        9.563632374825777e-05,
        0.00010022275578161115,
        9.379474453014308e-05,
        8.969222373648776e-05,
        8.867236555268214e-05,
        8.452942903847139e-05,
        6.686848153144301e-05,
        5.968167208964542e-05,
        5.947056017852348e-05,
        5.822351427870424e-05,
        5.482363510909314e-05,
        5.6258998313947265e-05,
        5.329620718913398e-05,
        5.066006084276328e-05,
        5.267493055248948e-05,
        4.889665624730499e-05,
        4.752198438930479e-05,
        4.86789348737475e-05,
        4.722598015990898e-05,
        4.4636919073043274e-05,
        4.447957044471456e-05,
        4.387475742461389e-05,
        4.451260723074518e-05,
        4.2076739333977186e-05,
        4.108194501362151e-05,
        4.1429602683124516e-05,
        4.0268639072948134e-05,
        3.9611589847621874e-05,
        3.6757904252588105e-05,
        3.321805162858246e-05,
        3.108023436806047e-05,
        3.176850969187386e-05,
        3.1061145026116556e-05,
        3.095739927566939e-05,
        2.9970909650334867e-05,
        3.0269551374143633e-05,
        2.9579153299160342e-05,
        2.927116351671547e-05,
        2.878075638430201e-05,
        2.841370380582221e-05,
        2.8201788634610774e-05,
        2.775893435850506e-05,
        2.7236230441055674e-05,
        2.7026682403115923e-05,
        2.5264071367456152e-05
    ],
    "val_mse_history": [
        0.0013981833813017375,
        0.0012199979022160647,
        0.001092987192450006,
        0.0009164463812255907,
        0.0006861730572985112,
        0.0006330922341787223,
        0.0005087588080036828,
        0.0004825740598650971,
        0.0004275363669811882,
        0.000390338621897028,
        0.0003587322867117999,
        0.00032600181356770043,
        0.00031909535102167546,
        0.0002869915806292171,
        0.0003038617311388311,
        0.00027588810763626455,
        0.0002587878479913231,
        0.0002602487773082939,
        0.0002781074334255361,
        0.0002587416560431101,
        0.0002381255496386531,
        0.0002353243452215811,
        0.00022419890121861327,
        0.00023887032952474183,
        0.0002440237146698082,
        0.0002425187835044645,
        0.00024986037033429375,
        0.00020378002042026965,
        0.0002050338508569271,
        0.00019986867457301278,
        0.00020336562947273273,
        0.0002058380083262254,
        0.00019775411470645158,
        0.00019016343345397096,
        0.00019334379380104398,
        0.0001910590304648205,
        0.00018848801693302668,
        0.00018848719247584628,
        0.00018505540895049168,
        0.00018956113127255404,
        0.0001848829914735062,
        0.0001873570607319507,
        0.00017622359708968787,
        0.00018313147539689978,
        0.00018365180270892278,
        0.00017356624995890855,
        0.00018110920356260708,
        0.0001795858935636242,
        0.00017561694236602052,
        0.00017611368237704166,
        0.00016901653507659856,
        0.00016551128230514884,
        0.0001727428905865963,
        0.00016581586141769253,
        0.00016646879601526216,
        0.00016477887417724456,
        0.00016551306722288237,
        0.00016510444458765397,
        0.00016320728605203914,
        0.0001743214583029317,
        0.00016170906006156152,
        0.0001694271668768568,
        0.00016566804863416438,
        0.00016447072695705185,
        0.00016755364625746708,
        0.00016274257899971315
    ],
    "test_metrics_scaled": {
        "MAE": 0.032667103694856606,
        "MSE": 0.002217489712574342,
        "MdAE": 0.0237476397305727,
        "Pred(50)": 0.44254278728606355
    },
    "test_metrics_real": {
        "MAE": 1.1106815256251246,
        "MSE": 2.5634181077359393,
        "MdAE": 0.8074197508394718,
        "Pred(50)": 0.44254278728606355
    }
}