{
    "run_id": 4,
    "seed": 45,
    "elapsed_sec": 254.5081398487091,
    "best_val_mse": 0.00016504908641566064,
    "epochs_trained": 72,
    "train_loss_history": [
        0.0015540484245653028,
        0.0011723185610384998,
        0.0009250102553384857,
        0.0007501183385221442,
        0.0005978154899987295,
        0.00046622941223407817,
        0.0003892648624395776,
        0.00033591026289443775,
        0.0002970986337947525,
        0.00026408729777370953,
        0.00023574968225367608,
        0.00021448663151431665,
        0.00020219669186019652,
        0.00018850791071092543,
        0.000173359721787001,
        0.00016405973911748638,
        0.00015299517954578404,
        0.00014176741286946548,
        0.00013610862572986036,
        0.0001307402259832584,
        0.00012558475351363577,
        0.00011800005699196381,
        0.00011316410566070012,
        0.00011008998273484979,
        0.00010354949481968885,
        0.00010108332496101828,
        9.833354971172664e-05,
        9.64059164695218e-05,
        8.890916451756641e-05,
        9.059042708543489e-05,
        8.032891199407376e-05,
        8.298441713959506e-05,
        8.294365346781463e-05,
        7.50101913197362e-05,
        7.906993747831835e-05,
        7.01997467167511e-05,
        7.537635466745368e-05,
        6.756757067533376e-05,
        6.802235971273478e-05,
        6.908761506130152e-05,
        6.540055398614606e-05,
        6.465874602517176e-05,
        6.295804779910726e-05,
        5.918523527661128e-05,
        6.03095912807044e-05,
        6.029626109675964e-05,
        5.9005666228393934e-05,
        4.4245337234854145e-05,
        3.9916071409465e-05,
        3.970912199604165e-05,
        3.9979593920814504e-05,
        3.918636344070988e-05,
        3.7746410747274695e-05,
        3.774632334537952e-05,
        3.74789608949764e-05,
        3.664840705758226e-05,
        3.525423329696921e-05,
        3.513074218041863e-05,
        3.5692803788082564e-05,
        3.3964693185390444e-05,
        3.025113685029591e-05,
        2.9488564241574948e-05,
        2.8544480505511997e-05,
        2.837517717325284e-05,
        2.7905455607094537e-05,
        2.768812624857812e-05,
        2.7369837572487378e-05,
        2.710790629178208e-05,
        2.66538045182876e-05,
        2.6799951342700362e-05,
        2.6721658631952234e-05,
        2.5232535940510685e-05
    ],
    "val_mse_history": [
        0.001027202426512688,
        0.0008740375675312479,
        0.0007918415653624009,
        0.0006490969074936655,
        0.0005741791975113529,
        0.0005104195096823521,
        0.0004616091842890792,
        0.0004025287918291727,
        0.0004006837127434237,
        0.0003637584551035588,
        0.0003339600498130399,
        0.00031068000593604715,
        0.00030436254524163057,
        0.0002919101542043232,
        0.0002795530311592575,
        0.00026679955838557055,
        0.00026224306664772207,
        0.0002537683206979517,
        0.00025118087608803875,
        0.00024943255341328466,
        0.00025521263038735565,
        0.0002332076694734528,
        0.0002622861194909811,
        0.00022418748342388937,
        0.00021588756402954535,
        0.00022765779954337232,
        0.0002286205615656558,
        0.00021512882654872728,
        0.00020285406734662736,
        0.00021599856667496242,
        0.00021799574598228825,
        0.00020777469193782478,
        0.00019810621628123481,
        0.00021086400304818332,
        0.00020157674341937434,
        0.00020441778091345123,
        0.00019748296353607253,
        0.0001976379155660594,
        0.000201436930331044,
        0.00018556812556437674,
        0.00020403690934699028,
        0.0001975493593411688,
        0.00018322600328675434,
        0.00019280600134454197,
        0.00019087690563441014,
        0.00019922483582345408,
        0.00018493664579130798,
        0.00018280525861282622,
        0.00018115388598689562,
        0.00018380707764470016,
        0.00018458290292760535,
        0.0001761864006758108,
        0.0001788178987480774,
        0.0001722639207362134,
        0.0001721992193507067,
        0.00017178343138761422,
        0.000181480516823703,
        0.0001723571672555999,
        0.00017263612260440869,
        0.00017390850179375983,
        0.00017012653135520418,
        0.00017110214040978416,
        0.0001721921522716941,
        0.00016794226430148863,
        0.00016772540095522944,
        0.00017048201716111241,
        0.00016504908641566064,
        0.00017346597663322365,
        0.00017093562906700307,
        0.00017273246663332452,
        0.00016863234553836894,
        0.00016856233289711748
    ],
    "test_metrics_scaled": {
        "MAE": 0.03279341418687186,
        "MSE": 0.002263927673629099,
        "MdAE": 0.023479653522372246,
        "Pred(50)": 0.44441317196735153
    },
    "test_metrics_real": {
        "MAE": 1.1149760823536432,
        "MSE": 2.617100390715238,
        "MdAE": 0.7983082197606564,
        "Pred(50)": 0.44441317196735153
    }
}