{
    "run_id": 9,
    "seed": 50,
    "elapsed_sec": 290.3671553134918,
    "best_val_mse": 0.00013090095858896345,
    "epochs_trained": 82,
    "train_loss_history": [
        0.001395391445052369,
        0.001068541150755197,
        0.0008723766791523449,
        0.0006905447897207768,
        0.0005314000109980151,
        0.00042433325340485276,
        0.000362262019387441,
        0.0003061479446075398,
        0.00026706573822484,
        0.0002329954475198151,
        0.00020471936498795158,
        0.0001924128730032248,
        0.0001747667116664072,
        0.00015532732025582866,
        0.00015062915793404784,
        0.00013800752763647314,
        0.00012869398496690495,
        0.0001309899222437816,
        0.00011784515381530792,
        0.00010831438392852532,
        0.00010657904107637185,
        0.00011121399580857111,
        9.529153078429818e-05,
        9.793469320277464e-05,
        8.832141788233297e-05,
        8.928921219625868e-05,
        8.766521427792397e-05,
        8.266735807520225e-05,
        7.938957654589139e-05,
        7.881644573042898e-05,
        7.681512956959022e-05,
        7.107745800231526e-05,
        7.396526097002906e-05,
        7.068649480244742e-05,
        6.260404205828833e-05,
        6.885894673623918e-05,
        6.70814923728618e-05,
        6.465135690928675e-05,
        5.9576950917250846e-05,
        5.583913256350712e-05,
        5.972437413123644e-05,
        5.648036650785908e-05,
        5.7627779222866166e-05,
        5.554522953896369e-05,
        5.346883998807491e-05,
        3.855686116700131e-05,
        3.7271346219066264e-05,
        3.628008375245172e-05,
        3.53314820128506e-05,
        3.4629919398036114e-05,
        3.422616782244604e-05,
        3.3381677792819765e-05,
        3.415296913834644e-05,
        3.2340295959487575e-05,
        3.177823323033434e-05,
        3.256562274233851e-05,
        3.0412815391252852e-05,
        3.0341938349660122e-05,
        3.142633576258963e-05,
        2.9017501078863752e-05,
        2.9249230447466357e-05,
        2.8984987433049906e-05,
        2.4863992581736667e-05,
        2.3827671962677454e-05,
        2.381889758911859e-05,
        2.2933592293318434e-05,
        2.2578300083393677e-05,
        2.2464317430627502e-05,
        2.2180594686324562e-05,
        2.2206888989339754e-05,
        2.1888929353064873e-05,
        2.151447124272292e-05,
        2.1812878848862974e-05,
        2.102089171411981e-05,
        2.076473758806373e-05,
        1.9382540770414954e-05,
        1.944140535670158e-05,
        1.9050583802944005e-05,
        1.8964513828152793e-05,
        1.8804870264582703e-05,
        1.8668757407079575e-05,
        1.83458817173516e-05
    ],
    "val_mse_history": [
        0.0010052569600723412,
        0.0007729056717963856,
        0.0006312612492549614,
        0.0005884796145931423,
        0.0005307412833940333,
        0.00046215432078547543,
        0.0003993297606528934,
        0.00039697716897006636,
        0.00036099034411411453,
        0.00032108280507941496,
        0.0003016810951058272,
        0.0002832437815374388,
        0.00026252554558539896,
        0.00026296231554391716,
        0.000248511462829768,
        0.0002387835417721502,
        0.00023191752425281214,
        0.0002293767684708583,
        0.00022494009188508954,
        0.00022193629175216284,
        0.0002069701486679239,
        0.00020413979043854073,
        0.0002246546832758323,
        0.00020159456428694446,
        0.00019965589066990778,
        0.00019616235608877752,
        0.00023161921745599694,
        0.0002047681443637735,
        0.00019112092292639468,
        0.00019670360810173984,
        0.00017915150609261652,
        0.00018450113052029656,
        0.00018534067527148352,
        0.0001761002800771091,
        0.00017774677917242428,
        0.00017486178156633292,
        0.00018618391875428134,
        0.0001951985436605546,
        0.0001658342946422491,
        0.000172852617284327,
        0.00016429833525422676,
        0.00016428972646967627,
        0.00017635118329911077,
        0.00016972077524513184,
        0.000167849240298708,
        0.0001537001250644453,
        0.0001550837729472677,
        0.00015454908729367993,
        0.0001532103784801146,
        0.00015829913347557443,
        0.0001506214046896273,
        0.0001517195711822391,
        0.00014723563676398557,
        0.0001478244005270269,
        0.00014689634835015402,
        0.00014256077909368113,
        0.0001467257493130159,
        0.00014048923564355257,
        0.00014869679491495195,
        0.00015341596862618437,
        0.00014425914775126732,
        0.0001412078004213892,
        0.00013970394438239374,
        0.0001388760792970069,
        0.0001389357957077322,
        0.0001410940251538505,
        0.00013846930169927085,
        0.00013849206870517777,
        0.00013838128454055952,
        0.00013519445767568134,
        0.00013450843347872596,
        0.0001354234986861958,
        0.00014057435049372587,
        0.0001382426122793857,
        0.0001397608765763179,
        0.00013409127006557732,
        0.00013090095858896345,
        0.0001361018313933881,
        0.0001388702036585745,
        0.00013200316722828114,
        0.00013808658680233228,
        0.0001333553370784535
    ],
    "test_metrics_scaled": {
        "MAE": 0.03270236011779213,
        "MSE": 0.0021833935591826256,
        "MdAE": 0.02333185076713562,
        "Pred(50)": 0.4506594331680853
    },
    "test_metrics_real": {
        "MAE": 1.1118802440049325,
        "MSE": 2.5240029544151152,
        "MdAE": 0.7932829260826111,
        "Pred(50)": 0.4506594331680853
    }
}