{
    "run_id": 3,
    "seed": 44,
    "elapsed_sec": 248.93060111999512,
    "best_val_mse": 0.00018098727094665532,
    "epochs_trained": 72,
    "train_loss_history": [
        0.001385714925175787,
        0.0010191566839575358,
        0.0009091161533418335,
        0.0007044335900793534,
        0.0005511511818278505,
        0.0004748366244731962,
        0.0003903293510611604,
        0.00032734810520196334,
        0.00028224191165907573,
        0.00025883934160918405,
        0.00022698192256488876,
        0.00020921763330406065,
        0.00019221882300639195,
        0.00017621342842865073,
        0.00016523170102066405,
        0.00015920464806172668,
        0.00015169393362092924,
        0.00013767757776232873,
        0.00012741307689379233,
        0.0001278702921800384,
        0.0001141785962552662,
        0.0001170010571368758,
        0.00010661887138418321,
        0.00010344714067397716,
        9.997177522004691e-05,
        9.030349129497723e-05,
        9.382851510000079e-05,
        8.839396148968311e-05,
        8.62187505813982e-05,
        8.358580609456301e-05,
        8.017112580344324e-05,
        7.738472797198646e-05,
        7.695669108927649e-05,
        7.770722230542807e-05,
        6.976577188556714e-05,
        7.174284350276044e-05,
        7.219633913530087e-05,
        6.10907179793046e-05,
        6.612212219020217e-05,
        6.418655398197372e-05,
        6.518338660535467e-05,
        4.6229815885713036e-05,
        4.4152732579477644e-05,
        4.3161221563557556e-05,
        4.248669650495365e-05,
        4.2557341789657746e-05,
        4.024033375683565e-05,
        4.0071770414096033e-05,
        3.8583588417058574e-05,
        3.913675042410634e-05,
        3.783036801683905e-05,
        3.846300529009675e-05,
        3.5786667913138736e-05,
        3.6581313541150645e-05,
        3.5041627684179886e-05,
        3.4858237044276586e-05,
        3.480914301335162e-05,
        3.4076668781266644e-05,
        2.9262755986566918e-05,
        2.8576078038299268e-05,
        2.7756909509565832e-05,
        2.8102488567375615e-05,
        2.7244871653523183e-05,
        2.763361494643742e-05,
        2.6725596847889893e-05,
        2.6206062898145188e-05,
        2.541628726539292e-05,
        2.425363513092332e-05,
        2.4197808695894845e-05,
        2.4043234350786678e-05,
        2.4556642947042994e-05,
        2.368173265986409e-05
    ],
    "val_mse_history": [
        0.0011309947871691536,
        0.0009823756293831944,
        0.0007563297312280981,
        0.0006362784300744547,
        0.0006342726693409645,
        0.0005211845385170761,
        0.00046439956453162663,
        0.0004837526328880304,
        0.0004050549533201906,
        0.00039383677065894074,
        0.0003587674369525235,
        0.0003389707256352932,
        0.0003230758667122178,
        0.0003247054909945436,
        0.00030539516739187036,
        0.00030337600192208717,
        0.00029529183722427064,
        0.00028068247648898643,
        0.0002811473063241432,
        0.0002740712641675209,
        0.00025858802106151877,
        0.00026297045798137186,
        0.0002465870000930044,
        0.00025548605281934864,
        0.00025045556866822017,
        0.00023865492529394445,
        0.00024691125770183274,
        0.00024102914442686332,
        0.00025201886735230403,
        0.00022905233148337372,
        0.00022816296984496306,
        0.00023181380838305503,
        0.00023377269966980764,
        0.00022811328516231233,
        0.00022180789648895309,
        0.0002399027393306236,
        0.00021360883648000246,
        0.00021674257200024908,
        0.00022596690720183348,
        0.00022125595769592884,
        0.00021405006741537054,
        0.0002028513375706708,
        0.00020202374952549125,
        0.00020181539611140758,
        0.00019793444637919013,
        0.00019617967297882877,
        0.00019770084119607236,
        0.0001944213969739372,
        0.0002013220873446863,
        0.00019554246342087388,
        0.00019354851388730902,
        0.0001980630258794263,
        0.000195864601483685,
        0.00019057473176525564,
        0.00019627701988633478,
        0.00019503830043401347,
        0.00019438253116331905,
        0.00019485252626454466,
        0.00018928151349331175,
        0.0001864211784214803,
        0.00018651549827132386,
        0.00018423713442809823,
        0.00018703511252988325,
        0.00018731294871264344,
        0.00018575139769218282,
        0.00018732967960808348,
        0.00018098727094665532,
        0.00018279347882381604,
        0.000184901113749852,
        0.00018128880459353933,
        0.00018922190004411457,
        0.0001815996591587811
    ],
    "test_metrics_scaled": {
        "MAE": 0.03346193230599836,
        "MSE": 0.0023208108938409964,
        "MdAE": 0.02442554011940956,
        "Pred(50)": 0.4264816204051013
    },
    "test_metrics_real": {
        "MAE": 1.1377056984039442,
        "MSE": 2.682857393280192,
        "MdAE": 0.8304683640599251,
        "Pred(50)": 0.4264816204051013
    }
}