{
    "run_id": 8,
    "seed": 49,
    "elapsed_sec": 234.9158411026001,
    "best_val_mse": 0.00016769217099645147,
    "epochs_trained": 66,
    "train_loss_history": [
        0.0013462972809872168,
        0.0010100655096676832,
        0.0009095838518064184,
        0.0007212732105152357,
        0.0005958408729705077,
        0.0004717758836195723,
        0.0003917471535236933,
        0.0003230852332736853,
        0.00028401739201530874,
        0.0002514671552194466,
        0.0002169515697558582,
        0.00019290933834420227,
        0.0001720352777214937,
        0.00015802364676547408,
        0.00015252826846795617,
        0.0001307599883284496,
        0.0001332689920631505,
        0.00012073850538542618,
        0.00011057139385642307,
        0.00011184974568442024,
        0.00010777158868042797,
        9.858089532865655e-05,
        9.852871779057126e-05,
        9.233285704988993e-05,
        8.981441411496264e-05,
        8.771059620660814e-05,
        8.548170572651426e-05,
        7.877286650911702e-05,
        8.100773237706151e-05,
        7.430160572808551e-05,
        7.565115732231164e-05,
        7.472901609363475e-05,
        5.6381534725107835e-05,
        5.052745195830724e-05,
        4.9261675029064446e-05,
        4.9336056068165556e-05,
        4.8742127257921555e-05,
        4.674836557632915e-05,
        4.565374534653677e-05,
        4.464666733561088e-05,
        4.300603754965435e-05,
        4.2269116686533284e-05,
        4.211960976718728e-05,
        4.082885922735187e-05,
        4.005450747971056e-05,
        4.003661830806347e-05,
        3.816890911007812e-05,
        3.8988724505916246e-05,
        3.70852816335084e-05,
        3.7688055409857755e-05,
        3.6074090640766134e-05,
        3.7710570436942246e-05,
        3.690094793632478e-05,
        3.596425403245673e-05,
        3.465326267667651e-05,
        3.468964036306405e-05,
        3.347595643286273e-05,
        3.269557232461986e-05,
        3.556593757525969e-05,
        3.3231195755976086e-05,
        2.722959938740754e-05,
        2.6232016118170108e-05,
        2.6241370741304266e-05,
        2.592277797380267e-05,
        2.6122990672309274e-05,
        2.4358207074674112e-05
    ],
    "val_mse_history": [
        0.0011147425208137163,
        0.0010117583659683084,
        0.0009380183307614599,
        0.0007513843367894712,
        0.0006486382525685875,
        0.0005862086756178314,
        0.0005210704712238719,
        0.00042968184286919594,
        0.0004116940223597437,
        0.00037024852877468864,
        0.00035616683613873376,
        0.00033674715771762393,
        0.00031044948962729744,
        0.0002845035714751639,
        0.00027654968831975646,
        0.0002683257692667563,
        0.0002839306270893853,
        0.00025856852831184233,
        0.0002448209825871761,
        0.00023759060448435635,
        0.0002399620465718207,
        0.000222649178895251,
        0.00023588005437580103,
        0.00022067874151545223,
        0.00021452159250286048,
        0.00022119297135015492,
        0.00022105379936804414,
        0.00020813065402319208,
        0.00021025905935855954,
        0.00020893775538920027,
        0.00022034903968771053,
        0.0002280048445749635,
        0.00018866527722261712,
        0.00018848298644166445,
        0.00018766768304940426,
        0.00019054925963507934,
        0.00019050478648338217,
        0.00018445084635272817,
        0.0001851066914684319,
        0.00018095104040919514,
        0.00018262438765908045,
        0.0001838398307115531,
        0.00019007770771858936,
        0.0001776146891327487,
        0.00018195683231361575,
        0.00018114706957921857,
        0.00018124428701188738,
        0.0001767663507951549,
        0.0001794340756011533,
        0.0001802206136997731,
        0.00017545915882461764,
        0.00017934112037109681,
        0.00017632997469381914,
        0.0001728120602681866,
        0.00017761780588407297,
        0.00017278983369786122,
        0.00017471529198255867,
        0.00017649888246917513,
        0.0001741018697236265,
        0.0001765895413795791,
        0.00016769217099645147,
        0.00016852283554405048,
        0.00016946467944733658,
        0.00017241764218950883,
        0.00016925340690604156,
        0.00016802943184992343
    ],
    "test_metrics_scaled": {
        "MAE": 0.03309183638407561,
        "MSE": 0.0022585584907862583,
        "MdAE": 0.024106506258249283,
        "Pred(50)": 0.4373772331867926
    },
    "test_metrics_real": {
        "MAE": 1.1251224370585708,
        "MSE": 2.610893615348915,
        "MdAE": 0.8196212127804756,
        "Pred(50)": 0.4373772331867926
    }
}