{
    "run_id": 6,
    "seed": 47,
    "elapsed_sec": 182.5074257850647,
    "best_val_mse": 0.00014067714527618065,
    "epochs_trained": 51,
    "train_loss_history": [
        0.001482886179151284,
        0.0010986157169448174,
        0.0009357829713564255,
        0.0007169373555079347,
        0.0005894729418270135,
        0.0004573057956919866,
        0.00038499901776398453,
        0.000316209002415762,
        0.0002777896416763318,
        0.0002455151121158242,
        0.0002185574134108664,
        0.00019365319970855846,
        0.00017391004141063793,
        0.00016723542073797886,
        0.00014883480763916445,
        0.00013931573721303616,
        0.00013787686129925703,
        0.00012517004947592333,
        0.00011538357988386685,
        0.00012027570593723931,
        0.00010853639821384504,
        0.0001060382621524754,
        9.794636675134757e-05,
        9.726111357621648e-05,
        9.405405313594652e-05,
        9.545661945647474e-05,
        8.538675216521702e-05,
        8.595115114386127e-05,
        8.727973310516451e-05,
        8.537030152742758e-05,
        6.194273550529836e-05,
        5.5996572467105746e-05,
        5.584647802979807e-05,
        5.3544343240716524e-05,
        5.3913152103388285e-05,
        5.30127911055526e-05,
        4.496624436390097e-05,
        4.351367605720068e-05,
        4.285483082280351e-05,
        4.253707722741907e-05,
        4.143517378298298e-05,
        4.083130703060321e-05,
        4.0276214577279724e-05,
        4.007896669983238e-05,
        3.9167435030884105e-05,
        3.66325213581925e-05,
        3.593390168099275e-05,
        3.644775386113808e-05,
        3.535496268954646e-05,
        3.6063876773458886e-05,
        3.433434154183859e-05
    ],
    "val_mse_history": [
        0.0010996676909995535,
        0.0009795834276361342,
        0.0007868846808184423,
        0.0007305269111479582,
        0.0006237473872294591,
        0.0005111315475843857,
        0.00044415375378392143,
        0.00041193678274710754,
        0.00035578690222071684,
        0.0003304268918311242,
        0.0003153334062647425,
        0.0002787395533076004,
        0.000257582199935713,
        0.00026784758433042225,
        0.0002507503837729988,
        0.00023239045964182183,
        0.00024046152666017437,
        0.00021497406302328092,
        0.00024094025217312448,
        0.00020785022284660877,
        0.00021236566646738538,
        0.0001984424090740147,
        0.00019989653709881025,
        0.00019874445153837968,
        0.0002012857033745271,
        0.00017635722985804366,
        0.00018716504439305527,
        0.0001941688947975366,
        0.00019929958359304087,
        0.00018690176627866206,
        0.00016057710464085744,
        0.00015807794674610657,
        0.00015853502088959028,
        0.00015988145484030727,
        0.00015865334990789316,
        0.00016321994899177683,
        0.00014705262314959318,
        0.00014813522562812898,
        0.0001477312183757731,
        0.0001451349856018325,
        0.00014205618291323528,
        0.0001505451473575343,
        0.00014558289019352407,
        0.00015238633726123428,
        0.0001422898550291769,
        0.00014067714527618065,
        0.00014375186206425197,
        0.0001442425664391506,
        0.0001422022164685472,
        0.000144652017288814,
        0.00014310724305495497
    ],
    "test_metrics_scaled": {
        "MAE": 0.03254055225735773,
        "MSE": 0.0022668866234885577,
        "MdAE": 0.022230181843042374,
        "Pred(50)": 0.467859820089955
    },
    "test_metrics_real": {
        "MAE": 1.106378776750163,
        "MSE": 2.6205209367527726,
        "MdAE": 0.7558261826634407,
        "Pred(50)": 0.467859820089955
    }
}