{
    "run_id": 5,
    "seed": 46,
    "elapsed_sec": 158.65503072738647,
    "best_val_mse": 0.00016312825770137845,
    "epochs_trained": 44,
    "train_loss_history": [
        0.0012954440194954788,
        0.0010527827086532343,
        0.0008820323063816312,
        0.0007379334325401008,
        0.000592411526380295,
        0.000483074146613632,
        0.00039047368150292247,
        0.000330248478269451,
        0.0002896616284747433,
        0.00026746057078568653,
        0.00023719765982164144,
        0.00021220455972289907,
        0.00019476529087019973,
        0.0001937603593431922,
        0.00016668281903881767,
        0.00016350007257515754,
        0.00015333004841823735,
        0.00014834411785926853,
        0.00013917269965064362,
        0.00012964260882042966,
        0.00012514302650404235,
        0.00011747744889299904,
        0.00011513403432133954,
        0.00011122167826583596,
        0.00010794018711726518,
        0.00010045609165477709,
        0.00010258890462039391,
        9.941564260313861e-05,
        7.83197396397684e-05,
        7.013194818672267e-05,
        7.047842069637705e-05,
        6.620382835168361e-05,
        6.602360113972284e-05,
        6.403314259477498e-05,
        6.361228201660024e-05,
        6.026269632965334e-05,
        5.9986685268650206e-05,
        5.871207677450774e-05,
        5.7730792868880994e-05,
        5.384208179464463e-05,
        5.661161970954455e-05,
        5.3386549639029155e-05,
        5.3449868101314746e-05,
        4.668563696205306e-05
    ],
    "val_mse_history": [
        0.0009867259829104303,
        0.0008537258883411906,
        0.0007408830019522979,
        0.0006398907664595771,
        0.0005756081011381817,
        0.0005522337273189498,
        0.00042317830534052036,
        0.0003771358320214812,
        0.00038334759862446665,
        0.0003679305069221914,
        0.00031001788094130064,
        0.00030811891724508367,
        0.0003089096412700168,
        0.0002958913321100795,
        0.00029181837514244294,
        0.00024741116883107223,
        0.0002704483572708821,
        0.00023753581250141075,
        0.00024774292900109015,
        0.0002587085120622803,
        0.0002163891185753399,
        0.0002563354385017464,
        0.00023785974548191417,
        0.00020453966176779765,
        0.00023727564973148173,
        0.00021557837184455711,
        0.00022346926309951015,
        0.0002449683641944776,
        0.000196451921172858,
        0.00020188388586872284,
        0.000176170169740321,
        0.00019859488388022646,
        0.00018725477468278085,
        0.00019939633399867517,
        0.00017177458875505336,
        0.00019160369512194412,
        0.00016608618041552496,
        0.00019053298602819568,
        0.00016312825770137845,
        0.00016560769115996966,
        0.00018772504528345046,
        0.00017735832186126392,
        0.00018438429535097455,
        0.00017589120786888946
    ],
    "test_metrics_scaled": {
        "MAE": 0.03179911482079637,
        "MSE": 0.002143485045799223,
        "MdAE": 0.023384597152471542,
        "Pred(50)": 0.4629907946646628
    },
    "test_metrics_real": {
        "MAE": 1.0811699039070766,
        "MSE": 2.4778687129439017,
        "MdAE": 0.7950763031840324,
        "Pred(50)": 0.4629907946646628
    }
}