{
    "run_id": 1,
    "seed": 42,
    "elapsed_sec": 305.1075665950775,
    "best_val_mse": 0.0001162114041003616,
    "epochs_trained": 86,
    "train_loss_history": [
        0.0013587735090778163,
        0.001107107151227667,
        0.0008839499954297523,
        0.000727394224017261,
        0.0005644334972380046,
        0.0004779863916463173,
        0.00037661652067820886,
        0.00031899875823273476,
        0.00027458470677486614,
        0.00024417405943916545,
        0.00021548389021774708,
        0.0001911565152957282,
        0.0001777860931812733,
        0.0001661442155117329,
        0.00015459490318065904,
        0.00014390021086107068,
        0.0001367598816594316,
        0.0001242136193477459,
        0.00012026264318898128,
        0.00011594996098424574,
        0.00010769807762695417,
        0.00010082941088906303,
        0.00010167871557478084,
        9.609613116045996e-05,
        9.002306678506194e-05,
        9.171911670591016e-05,
        9.081588056274328e-05,
        7.676802044791598e-05,
        8.242610741785158e-05,
        7.446929883203462e-05,
        7.783417694034797e-05,
        7.339604614063507e-05,
        7.263983205425637e-05,
        7.107284024928318e-05,
        6.422359329826671e-05,
        6.914986888432632e-05,
        5.966544073897837e-05,
        6.399907879261052e-05,
        6.120743799960173e-05,
        5.71559646897667e-05,
        6.1006195327092396e-05,
        5.600999933218279e-05,
        5.67506709765337e-05,
        4.162809665313479e-05,
        3.906720836363267e-05,
        3.924556160505843e-05,
        3.687469402668074e-05,
        3.669748561289384e-05,
        3.583687751289838e-05,
        3.693005495474499e-05,
        3.4465569086971906e-05,
        3.433534158219157e-05,
        3.457552735936237e-05,
        3.297747065366409e-05,
        3.2998794170999117e-05,
        3.260424676749973e-05,
        3.287501379230857e-05,
        3.161196197584175e-05,
        3.144360827991193e-05,
        3.238793242270467e-05,
        2.9854909564181737e-05,
        2.9507353562416205e-05,
        3.030009312861863e-05,
        2.9546150617643132e-05,
        2.915848297064416e-05,
        2.923896105626468e-05,
        2.4648984991073953e-05,
        2.3765820193213403e-05,
        2.349798863270677e-05,
        2.315481030138706e-05,
        2.2798719974105156e-05,
        2.2305344372716386e-05,
        2.250994846080725e-05,
        2.241390437430582e-05,
        2.07253823112989e-05,
        2.017916599503606e-05,
        2.0081977628397225e-05,
        2.024453707678488e-05,
        1.978215927480168e-05,
        2.0102863197948072e-05,
        1.976122172226961e-05,
        1.9922570331720226e-05,
        1.9495909126190933e-05,
        1.9543892951241164e-05,
        1.9284323610117233e-05,
        1.8752504138284147e-05
    ],
    "val_mse_history": [
        0.0011078754854764313,
        0.0008855591990029512,
        0.0008469397454665748,
        0.0006285178873599586,
        0.0005515190566422947,
        0.000478031840297335,
        0.00040467005000867167,
        0.0003695367539182,
        0.0003605365547795398,
        0.0003636575601837819,
        0.00029853081855001393,
        0.00027665600920052306,
        0.0002653445802738058,
        0.0002692378394490161,
        0.00024153881868649776,
        0.00024614302275406213,
        0.00022542317976097435,
        0.0002492240753924216,
        0.0002241687845629793,
        0.00021861565953939623,
        0.00021554696699303054,
        0.00022222512440132135,
        0.00020123657439221026,
        0.00019772431575115163,
        0.00019547098261128503,
        0.00018170820159485175,
        0.00017813215891833775,
        0.00018113149277472035,
        0.00017580802032931162,
        0.00017714827613718963,
        0.0001846386044654682,
        0.00016429645629648755,
        0.00016615124870995377,
        0.00017504549314838912,
        0.00016188660391092474,
        0.00017183947557806726,
        0.00016279734574596756,
        0.00016673702327117467,
        0.00016008278119514381,
        0.00016066800318724136,
        0.00016072501566806682,
        0.00016825944419329592,
        0.00016176718000251148,
        0.0001394226048182324,
        0.00014855349609688062,
        0.00014014311431141744,
        0.00014798572082950652,
        0.00013717479186591182,
        0.0001415577186421098,
        0.0001381517318041066,
        0.0001381021258210537,
        0.00013610039604360977,
        0.00013376539454571033,
        0.0001342798163239527,
        0.00013139686247105035,
        0.0001366941451499318,
        0.00013073283317856815,
        0.00012930309598392184,
        0.00013922395931162672,
        0.00012831520839067637,
        0.00013130608099637593,
        0.0001261929718589838,
        0.00013042601157864551,
        0.0001327146783046828,
        0.0001293266959276918,
        0.00012656215486393188,
        0.00012607068213715404,
        0.00012482793014804413,
        0.0001268801889575243,
        0.00012330313116701357,
        0.00012847276646785633,
        0.00012497704609172532,
        0.0001237439157039719,
        0.00012578886426968067,
        0.00012110571207228493,
        0.0001203113414511362,
        0.00011861796908204303,
        0.00012618417672978938,
        0.00012039755602591159,
        0.00012350084754112357,
        0.0001162114041003616,
        0.00012055274537102116,
        0.00011722372922878753,
        0.0001193191341717943,
        0.00012000155183204976,
        0.0001254480119440872
    ],
    "test_metrics_scaled": {
        "MAE": 0.03279920039150356,
        "MSE": 0.0022109995110901393,
        "MdAE": 0.023968229070305824,
        "Pred(50)": 0.45687952600395
    },
    "test_metrics_real": {
        "MAE": 1.115172813311121,
        "MSE": 2.555915434820201,
        "MdAE": 0.814919788390398,
        "Pred(50)": 0.45687952600395
    }
}