{
    "run_id": 10,
    "seed": 51,
    "elapsed_sec": 34.85703086853027,
    "best_val_mse": 0.010696716353100369,
    "epochs_trained": 63,
    "train_loss_history": [
        0.03990949845245602,
        0.026098044072182813,
        0.024508134114118865,
        0.023262427667421953,
        0.022266332731031034,
        0.02146166059359604,
        0.02059003392386497,
        0.019477338729692355,
        0.01887162535888504,
        0.01832348871976137,
        0.017832812170821184,
        0.017438816809456567,
        0.01644966110910232,
        0.015947808249264346,
        0.01538176628646954,
        0.015014718014898957,
        0.014636471286910225,
        0.014466958883579592,
        0.013731029995584062,
        0.013559609350311209,
        0.013180034273132985,
        0.013208437970440303,
        0.012496190986177902,
        0.012760347139318378,
        0.012419580089460527,
        0.012038361047375568,
        0.011747135128825904,
        0.011572876052778899,
        0.011379528864838031,
        0.011385505627460626,
        0.011178813742625774,
        0.010921079136089099,
        0.010844891607210192,
        0.010388131841675054,
        0.01028759610573096,
        0.010379756627870457,
        0.010131327747557388,
        0.010203791835478374,
        0.010030009567129369,
        0.010038639125129093,
        0.00978265395150425,
        0.009968988828798186,
        0.00954650188986288,
        0.009115121012781651,
        0.009103874027329897,
        0.009427471697444515,
        0.009274059173422961,
        0.008992892459072933,
        0.008876887644279977,
        0.009158920334195908,
        0.00888428634355719,
        0.008663308313496564,
        0.008364996108302504,
        0.008479523142723709,
        0.008228146256308775,
        0.008150294656884305,
        0.00785487943747062,
        0.008118030559081509,
        0.008008261274413338,
        0.008019079473962513,
        0.007683917502777613,
        0.007871677804434178,
        0.00781841628011126
    ],
    "val_mse_history": [
        0.026011508987740538,
        0.024010300993379263,
        0.022784598158573695,
        0.022300056712373794,
        0.02163451164111026,
        0.02105476775865995,
        0.02091961553496147,
        0.019393930796932444,
        0.01895251457564462,
        0.019430480212982684,
        0.018061164335980238,
        0.018009208600569496,
        0.017595388256028365,
        0.017192427164251133,
        0.016213198615809544,
        0.015933630850770777,
        0.01633512131636523,
        0.01591031844211159,
        0.01575517985098764,
        0.015395729012510552,
        0.014940218733372628,
        0.014794513663906033,
        0.014811864600749845,
        0.014375705507067325,
        0.014017081210991267,
        0.014209034092301662,
        0.014082120361726133,
        0.014198720031671429,
        0.013919232639987974,
        0.01348420868978384,
        0.013222804584641869,
        0.013515585646005798,
        0.013467361973532693,
        0.013188092240351697,
        0.013063290608294175,
        0.013114924645847318,
        0.01276204560663665,
        0.012433010678151701,
        0.012863399875744932,
        0.012322282565599878,
        0.012696304649821175,
        0.012249637589289337,
        0.01231297713072926,
        0.012021694119636531,
        0.012135799374176076,
        0.012136698911644532,
        0.011660942984863257,
        0.01258022497464241,
        0.011301588262111353,
        0.011690046647063296,
        0.011295597491340896,
        0.012112303269278556,
        0.011532451027979807,
        0.011807839853803324,
        0.011580388102822824,
        0.010962038256303921,
        0.011638554346684342,
        0.010696716353100369,
        0.011150893885128283,
        0.011132480895492855,
        0.010868292020755049,
        0.011422542742674173,
        0.011006091543208137
    ],
    "test_metrics_scaled": {
        "MAE": 0.1488043457951421,
        "MSE": 0.036907549557588376,
        "MdAE": 0.124946728348732,
        "Pred(50)": 0.34967320261437906
    },
    "test_metrics_real": {
        "MAE": 3.124891261697984,
        "MSE": 16.276229354896476,
        "MdAE": 2.623881295323372,
        "Pred(50)": 0.34967320261437906
    }
}