{
    "run_id": 3,
    "seed": 44,
    "elapsed_sec": 27.62291717529297,
    "best_val_mse": 0.013898915747990208,
    "epochs_trained": 50,
    "train_loss_history": [
        0.03992115000681001,
        0.027339593583375822,
        0.025637529531911927,
        0.024620878973937766,
        0.022864371036388435,
        0.02171870114623892,
        0.020627750382207485,
        0.020200621097215585,
        0.01911401384871225,
        0.018147140707136418,
        0.017633873026589957,
        0.017002875869143372,
        0.01651254983865941,
        0.016278516791989002,
        0.015466566372434704,
        0.015038012872849192,
        0.01488027011747567,
        0.014714539881643592,
        0.014112481448267187,
        0.013825731808129621,
        0.013398869497207354,
        0.013416295621202005,
        0.013181528826339209,
        0.013087798831794334,
        0.012961277674541485,
        0.012554157675452987,
        0.012342469915937708,
        0.0125407447164156,
        0.012023979715280691,
        0.01204079978015958,
        0.011965458938965992,
        0.01152052411819067,
        0.011547143017987208,
        0.011661514634152456,
        0.01126882477226306,
        0.01122163301856466,
        0.011285210086260827,
        0.010779946472267715,
        0.010801685034126348,
        0.010857795857425247,
        0.010654613201753522,
        0.010745754571422479,
        0.010648829948955349,
        0.010663614756598765,
        0.009908271102918958,
        0.010178097750877543,
        0.009989443041232168,
        0.00990926891764892,
        0.009646201179343826,
        0.009801188958523681
    ],
    "val_mse_history": [
        0.03163992532456279,
        0.028972531151491645,
        0.02692183292430101,
        0.02627851089975454,
        0.024812170785668122,
        0.024759130830350577,
        0.024242690176071047,
        0.022654555706952396,
        0.021660803343362126,
        0.02126411340680752,
        0.020627585125744197,
        0.019659177461266705,
        0.01961477904647825,
        0.019766145752900137,
        0.01864142080657982,
        0.018911695108819335,
        0.018927693628521893,
        0.018487199193200996,
        0.01801399059309215,
        0.017668053319724455,
        0.017762425343045726,
        0.017561439745891957,
        0.0173671624497692,
        0.017209107993519955,
        0.01649920070881579,
        0.01738764377000117,
        0.01683276922418556,
        0.016823429363625998,
        0.016083723184059706,
        0.016617613234842666,
        0.016111081527398194,
        0.015949866303914696,
        0.016023772895615816,
        0.015762921688320653,
        0.015395550837427989,
        0.015224059740899945,
        0.015471604146125738,
        0.015743085792796242,
        0.015571788826917562,
        0.015112173985908214,
        0.015226579161693777,
        0.015522957520865755,
        0.014575609921414647,
        0.01464284549074595,
        0.013898915747990208,
        0.014115952251089093,
        0.014561128415199827,
        0.014434697851375612,
        0.014817842516311866,
        0.014745405726822019
    ],
    "test_metrics_scaled": {
        "MAE": 0.13529717506379144,
        "MSE": 0.03340830284564516,
        "MdAE": 0.10257898271083832,
        "Pred(50)": 0.40683760683760684
    },
    "test_metrics_real": {
        "MAE": 2.8412406763396203,
        "MSE": 14.733061554929515,
        "MdAE": 2.1541586369276047,
        "Pred(50)": 0.40683760683760684
    }
}