{
    "run_id": 5,
    "seed": 46,
    "elapsed_sec": 30.48967981338501,
    "best_val_mse": 0.01442731641947535,
    "epochs_trained": 56,
    "train_loss_history": [
        0.0430461870544419,
        0.027776235974944975,
        0.02592013938238426,
        0.024601258670112917,
        0.023351140343108957,
        0.02298726370862248,
        0.02207125663491232,
        0.02121530894608218,
        0.020293457283429347,
        0.019327462449365732,
        0.018895279836593844,
        0.01811449179539875,
        0.01775081122902279,
        0.016993257476549062,
        0.01627758738337731,
        0.01624604746395228,
        0.015700322106404572,
        0.01566627207497249,
        0.015531591305091064,
        0.014885631196048795,
        0.014620223171932964,
        0.014051988435795113,
        0.01427217452140639,
        0.013682694046054872,
        0.01320718560576895,
        0.013001557698055189,
        0.013304578120421085,
        0.012899154947348395,
        0.012822895437212926,
        0.012514384415912993,
        0.012290620701197458,
        0.012232029202337168,
        0.011861592668526787,
        0.012316936359987879,
        0.011505776901292253,
        0.011684326875992879,
        0.01138231075482861,
        0.011443748430596019,
        0.011184356034239184,
        0.011036505990148503,
        0.011013425682785408,
        0.010560656296165318,
        0.010687906955064712,
        0.010865388820613069,
        0.010663461101203397,
        0.010479979986343913,
        0.01065852492097385,
        0.01041244830299473,
        0.010428949343325684,
        0.010563567166254685,
        0.010417613951603368,
        0.010397060889256548,
        0.010227009877372456,
        0.01009155110246977,
        0.010269870178070756,
        0.010335783988275395
    ],
    "val_mse_history": [
        0.0330745874265984,
        0.030938482672558273,
        0.028884634126289152,
        0.02858094273859186,
        0.02691941855063353,
        0.025587605213602437,
        0.025312567662986292,
        0.024451415505399202,
        0.02345537926052973,
        0.02274094080255435,
        0.022214120198725408,
        0.02113432087409881,
        0.020774764899441574,
        0.02023309794275269,
        0.019817808726471084,
        0.020139607628002668,
        0.019285683387696134,
        0.019267110180564664,
        0.018944502739024427,
        0.019032363062994457,
        0.018256960098937992,
        0.018531432226518516,
        0.018218882553718774,
        0.01755528132484349,
        0.017097546592399444,
        0.017164031625588633,
        0.017104561902000125,
        0.01687272738034631,
        0.016173482181501744,
        0.015987100035302616,
        0.016283150528205698,
        0.01589401833500582,
        0.015489058412745994,
        0.015615227050510359,
        0.015536144627295408,
        0.015583923149928064,
        0.015544883367131888,
        0.015209901425360472,
        0.01566514963393828,
        0.015147919342501932,
        0.014452509987775596,
        0.014526249287616911,
        0.015705922923254578,
        0.01518688231434289,
        0.014551207505020654,
        0.014445255417148816,
        0.01479732516885638,
        0.014989835530020241,
        0.014514961704090452,
        0.014721144014166425,
        0.01442731641947535,
        0.014713563297359771,
        0.014851426655898971,
        0.014433812404458832,
        0.014892590980220511,
        0.014676435872378582
    ],
    "test_metrics_scaled": {
        "MAE": 0.1354421772078046,
        "MSE": 0.030786919180226503,
        "MdAE": 0.10457766056060791,
        "Pred(50)": 0.41530054644808745
    },
    "test_metrics_real": {
        "MAE": 2.844285721363897,
        "MSE": 13.577031358479887,
        "MdAE": 2.196130871772766,
        "Pred(50)": 0.41530054644808745
    }
}