{
    "run_id": 8,
    "seed": 49,
    "elapsed_sec": 22.571143627166748,
    "best_val_mse": 0.013260439094718367,
    "epochs_trained": 41,
    "train_loss_history": [
        0.030579665459084266,
        0.026744203385421817,
        0.025265945674737497,
        0.02325685311641012,
        0.02257791448536576,
        0.021394735093855737,
        0.020270951466672883,
        0.019488946268601075,
        0.018522240307030022,
        0.018175450132741612,
        0.017424699202255936,
        0.016758678418261057,
        0.01628706569080146,
        0.016149254373217722,
        0.015586856404813576,
        0.015222400472480423,
        0.014934170268932167,
        0.0147171233647636,
        0.014340328726423334,
        0.014085497772701237,
        0.013697535156899568,
        0.013831397562230728,
        0.013348060437687197,
        0.013100548251056854,
        0.012899369415256897,
        0.01321856823122623,
        0.01265102413254885,
        0.012237742056651991,
        0.012143703888417507,
        0.012115994105305599,
        0.012304902369422572,
        0.011694832224094747,
        0.011578167879915967,
        0.011546308429417562,
        0.011216345121513824,
        0.011069468401695544,
        0.011560618651232549,
        0.01085866162629456,
        0.011065398907402949,
        0.011099182897038302,
        0.010649580491839774
    ],
    "val_mse_history": [
        0.029339714694136883,
        0.026484438611683567,
        0.025046276025625733,
        0.023633109660410236,
        0.022955949120452603,
        0.022425301301239105,
        0.021497350557135978,
        0.020663871817752304,
        0.02026283952052321,
        0.02020463982244073,
        0.019674460268695234,
        0.019744356093583108,
        0.019117308425747506,
        0.01830949727809137,
        0.017413437875890427,
        0.017596347493060063,
        0.016977179450457472,
        0.016936445382996143,
        0.016649712899405575,
        0.01581253344463334,
        0.015729287046673413,
        0.015912106078499626,
        0.015412399584929298,
        0.014762160709137351,
        0.015401219831482777,
        0.015587362330054786,
        0.014616640069536392,
        0.014400282058689227,
        0.014194297285739387,
        0.01498535137423109,
        0.014313056488073267,
        0.014740072190693876,
        0.014573258770732631,
        0.013807391492781354,
        0.013966769182630906,
        0.013260439094718367,
        0.01402817714739252,
        0.014155789864924178,
        0.013954768775018278,
        0.013461997877078628,
        0.01350367950116292
    ],
    "test_metrics_scaled": {
        "MAE": 0.1200955696970325,
        "MSE": 0.026247933123477025,
        "MdAE": 0.08714065700769424,
        "Pred(50)": 0.46283783783783783
    },
    "test_metrics_real": {
        "MAE": 2.5220069636376827,
        "MSE": 11.575338507453369,
        "MdAE": 1.8299537971615791,
        "Pred(50)": 0.46283783783783783
    }
}