{
    "run_id": 6,
    "seed": 47,
    "elapsed_sec": 26.03543448448181,
    "best_val_mse": 0.013146041555920989,
    "epochs_trained": 47,
    "train_loss_history": [
        0.03394145432251448,
        0.027245230353152267,
        0.025088513665357415,
        0.023925716907014043,
        0.02289680871466289,
        0.022027391181992633,
        0.020916403871865906,
        0.020191159518435597,
        0.01984857291895516,
        0.018871811606294038,
        0.018506715422002027,
        0.017988845004643105,
        0.01779980968721971,
        0.016969786324937428,
        0.016571136094553737,
        0.01647434674336442,
        0.01602479753806731,
        0.015659938748374732,
        0.015251201851179405,
        0.015035156003788722,
        0.014600008443872235,
        0.014600712141706324,
        0.01444458273543539,
        0.014014377648352968,
        0.013607082559670112,
        0.013497607202782315,
        0.013316146123736184,
        0.01317173883280888,
        0.013240801304464742,
        0.01265739503278568,
        0.012688663847060229,
        0.012401845052420181,
        0.01231721004053038,
        0.012057982483042443,
        0.012025520361351724,
        0.011902378259074628,
        0.01182192898146352,
        0.011665449631685506,
        0.011309326585496262,
        0.011188455278110899,
        0.011253191728372964,
        0.010976428055793654,
        0.01102568444092663,
        0.011105710769794426,
        0.010916839126136382,
        0.010970324977320067,
        0.010838540132176512
    ],
    "val_mse_history": [
        0.02827244365291013,
        0.02585654177073656,
        0.025229235114917974,
        0.023331508879170192,
        0.022402408670723087,
        0.021876644789712154,
        0.0212131914779388,
        0.020649487310379563,
        0.020674935555557248,
        0.019239307255748746,
        0.01957954008020639,
        0.01909027531086382,
        0.019021360523191748,
        0.01775205698437177,
        0.01777903204117379,
        0.017299903171195112,
        0.01660767039657063,
        0.017326606064591167,
        0.0171640525497708,
        0.016128451797891234,
        0.016211718580500127,
        0.015867448550340363,
        0.015921319153992666,
        0.015284716519527475,
        0.015347642866995203,
        0.015071687494077527,
        0.015053904436556976,
        0.014885729104072598,
        0.014782654577492732,
        0.014870631735679589,
        0.014942063546121364,
        0.014770237752085424,
        0.014017285881128192,
        0.014439220388432435,
        0.014350427992949446,
        0.01420825260960294,
        0.01440105764542083,
        0.013967682244976585,
        0.01376999751434535,
        0.013613549906633056,
        0.01405488447669484,
        0.013146041555920989,
        0.013543430922854184,
        0.013534840020421527,
        0.013276766684835848,
        0.013848771234575525,
        0.013471423254211561
    ],
    "test_metrics_scaled": {
        "MAE": 0.13499826459357372,
        "MSE": 0.03087487227197322,
        "MdAE": 0.11729740351438522,
        "Pred(50)": 0.39658119658119656
    },
    "test_metrics_real": {
        "MAE": 2.8349635564650484,
        "MSE": 13.61581867194019,
        "MdAE": 2.4632454738020897,
        "Pred(50)": 0.39658119658119656
    }
}