{
    "run_id": 4,
    "seed": 45,
    "elapsed_sec": 30.837185621261597,
    "best_val_mse": 0.013138869166304499,
    "epochs_trained": 56,
    "train_loss_history": [
        0.04524145607969591,
        0.02792550925431507,
        0.026546065091174475,
        0.025071450609865844,
        0.024290170235445305,
        0.022801155800341952,
        0.021710480084376677,
        0.02082120396805053,
        0.020039058942347764,
        0.019308274566214912,
        0.01799186954217754,
        0.01769342655506061,
        0.01748065508483928,
        0.01699340679701798,
        0.016464287991046298,
        0.016032964643090963,
        0.015517364594401145,
        0.015339080178730037,
        0.014947982842330726,
        0.014668833897734174,
        0.014256404916166652,
        0.014318700983398118,
        0.014030418074594772,
        0.013738304326709892,
        0.013332748476757991,
        0.01304436227287717,
        0.013023055231255689,
        0.012982184463655766,
        0.012765680822752873,
        0.012543218963475404,
        0.012482281352336309,
        0.012222360508820536,
        0.012106931458075284,
        0.012090451801575872,
        0.011952380964304416,
        0.01172075344306626,
        0.011637126105096268,
        0.01147454735081719,
        0.011227472960872918,
        0.011212905365213448,
        0.01137638697590755,
        0.01083211225115371,
        0.010807683273237579,
        0.01057819865539442,
        0.010965208445048454,
        0.010506030837340015,
        0.010447704026532568,
        0.010369328859889386,
        0.01048588271547413,
        0.010262948850511896,
        0.010261180516028283,
        0.010348234130829876,
        0.010221891895373713,
        0.010331533467682192,
        0.010114863555764362,
        0.010324846899935177
    ],
    "val_mse_history": [
        0.030007438023400095,
        0.02793210070534401,
        0.026746196050983172,
        0.025038712235650223,
        0.024308937654039624,
        0.023198424137520626,
        0.021850503098685022,
        0.021819259265624277,
        0.020660920789702435,
        0.020097166176295006,
        0.01945261145602184,
        0.019487632224688467,
        0.01917459040980973,
        0.018843278466202512,
        0.01843267837239118,
        0.017322202446149657,
        0.017103629606776055,
        0.01675356674773768,
        0.016742299094908868,
        0.016690176544016888,
        0.017186843303799503,
        0.016251584742923063,
        0.016405457773522973,
        0.015834075042567508,
        0.01633112993209912,
        0.01581005760121988,
        0.01578646887137482,
        0.015301440939834612,
        0.015174502902321132,
        0.015007561286886366,
        0.015159399158370663,
        0.014871837527625961,
        0.014396090782632725,
        0.01465544985258075,
        0.014608113516619704,
        0.015121877822194192,
        0.013979087617889066,
        0.013943857845389845,
        0.014004337440035828,
        0.01438138549958975,
        0.013999231924334127,
        0.014207248323090525,
        0.013678901244926761,
        0.013616558060256894,
        0.013631769575867867,
        0.014027485819569835,
        0.013352384152363138,
        0.013372049127356294,
        0.01324875317930639,
        0.013755306634117254,
        0.013138869166304499,
        0.013304341209183296,
        0.013550091713397841,
        0.013628206203219936,
        0.013276474838381389,
        0.013219779481876793
    ],
    "test_metrics_scaled": {
        "MAE": 0.13704626602137152,
        "MSE": 0.032505231984405324,
        "MdAE": 0.10506579279899597,
        "Pred(50)": 0.37809187279151946
    },
    "test_metrics_real": {
        "MAE": 2.877971586448802,
        "MSE": 14.334807305122748,
        "MdAE": 2.2063816487789154,
        "Pred(50)": 0.37809187279151946
    }
}