{
    "run_id": 9,
    "seed": 50,
    "elapsed_sec": 31.91274404525757,
    "best_val_mse": 0.011039523364047822,
    "epochs_trained": 58,
    "train_loss_history": [
        0.04479239411005864,
        0.027406109067402325,
        0.025776445059751976,
        0.02445499170001368,
        0.023367231808678838,
        0.022281380967065997,
        0.021399593554741265,
        0.020180525566090127,
        0.019757735675999095,
        0.019158771799459143,
        0.018148158555280187,
        0.01768071135049876,
        0.017211083011055478,
        0.016620821281507308,
        0.015858963386592817,
        0.015667747959912735,
        0.015275430852281197,
        0.01494892539399467,
        0.014716393478708912,
        0.014377977517528498,
        0.013985377445588915,
        0.013672221715238934,
        0.01359041532292506,
        0.013344108905377133,
        0.013152641761211717,
        0.013017373310630114,
        0.012906207667891773,
        0.01320331008458624,
        0.012569762065018319,
        0.012304533339504684,
        0.012080456911377152,
        0.011941727343946695,
        0.012050783491636418,
        0.011971091391632752,
        0.011548197810176988,
        0.011379880760321204,
        0.011461071761286988,
        0.01135599407063303,
        0.01118397009796558,
        0.011032891715876758,
        0.010692025943450173,
        0.010942775345578486,
        0.010804558853257675,
        0.010520301759243011,
        0.010364789527612833,
        0.010268948098872693,
        0.0101046566490312,
        0.010187251753724959,
        0.01013284891235585,
        0.010176152334434493,
        0.010052204618173442,
        0.00999117474480323,
        0.009740739825124644,
        0.009697503451143905,
        0.009841816480347544,
        0.009959412065847795,
        0.009655226276218131,
        0.009618305319407005
    ],
    "val_mse_history": [
        0.02701812274807133,
        0.02515105133114467,
        0.02366787056947506,
        0.022891702013011914,
        0.02125513551647569,
        0.02199990368970777,
        0.019890377642328698,
        0.019244860399375723,
        0.019011625388781195,
        0.018215450753443472,
        0.017781307810934465,
        0.01730884786642386,
        0.016447033271078486,
        0.01617001018455173,
        0.01520822683948066,
        0.015759600448590906,
        0.015177066127934551,
        0.015038182726117523,
        0.014938828109562386,
        0.014258269650114203,
        0.014277681891629253,
        0.014317731112999868,
        0.013706887609501684,
        0.013856965102385396,
        0.01356959339216114,
        0.01306380819880218,
        0.013397721997403828,
        0.013699996504055824,
        0.012859602608158785,
        0.013294565913665828,
        0.012829311380524856,
        0.012952195487526097,
        0.012807681389893775,
        0.012804354022661363,
        0.012771650555512585,
        0.012431201576604402,
        0.012569903088741712,
        0.012154567759686008,
        0.012683387737246492,
        0.012088150146381186,
        0.012241463308838527,
        0.01210386407597272,
        0.012206024013935435,
        0.012117491071876863,
        0.011828983305510781,
        0.01167871230282034,
        0.011618577211403362,
        0.011103848556948485,
        0.011210616316538961,
        0.01166113371440578,
        0.01150031229383955,
        0.011336980706223866,
        0.011039523364047822,
        0.011714862189560775,
        0.011791448323456055,
        0.011050403494236919,
        0.011321205576258016,
        0.011122976792470872
    ],
    "test_metrics_scaled": {
        "MAE": 0.13438883259250606,
        "MSE": 0.02947733863706759,
        "MdAE": 0.12081719189882278,
        "Pred(50)": 0.40371621621621623
    },
    "test_metrics_real": {
        "MAE": 2.8221654844426274,
        "MSE": 12.999506338946807,
        "MdAE": 2.5371610298752785,
        "Pred(50)": 0.40371621621621623
    }
}