{
    "run_id": 2,
    "seed": 43,
    "elapsed_sec": 29.609469890594482,
    "best_val_mse": 0.011062764478568465,
    "epochs_trained": 54,
    "train_loss_history": [
        0.02904382635440145,
        0.02524732321272699,
        0.02393411447541142,
        0.02230445204055583,
        0.021707875220751276,
        0.020271434465765344,
        0.01947517148504148,
        0.019072017719855113,
        0.018201104462222787,
        0.01757801817920135,
        0.016968057548855338,
        0.016959328417742284,
        0.016592758882562723,
        0.015812852657495106,
        0.01528599732460416,
        0.015028537496240163,
        0.014619094355754099,
        0.014202018548278328,
        0.014006625478897168,
        0.013658255885108089,
        0.013323408818556643,
        0.013348194745806407,
        0.013303408583588137,
        0.012810286894744756,
        0.012961929469198292,
        0.012519477332505037,
        0.012389127829359197,
        0.011947107760292687,
        0.012157204857438195,
        0.011847500276884863,
        0.011725830511969267,
        0.011311225606394665,
        0.011199734058250121,
        0.011276887408077564,
        0.011145086821206674,
        0.010908714925623213,
        0.01103290487555977,
        0.010643473324574985,
        0.010612168371183228,
        0.010331191631433154,
        0.010317909754147488,
        0.00998310683371157,
        0.01015004298117544,
        0.00981879693417981,
        0.009941289266951535,
        0.009672193968435749,
        0.009739410221975829,
        0.009467594274224675,
        0.009174434700030454,
        0.009268263195717365,
        0.00929216867151233,
        0.009155876088972982,
        0.009086466067451603,
        0.009020074308678811
    ],
    "val_mse_history": [
        0.027578202844184285,
        0.024168477149662557,
        0.022612388963135548,
        0.022302216873195283,
        0.021161164499185883,
        0.02005767498332225,
        0.01996587481600571,
        0.01958278785024514,
        0.019056292365732617,
        0.018132364799017694,
        0.01778902866345496,
        0.017354725476989904,
        0.016682400693031462,
        0.01644187406139528,
        0.01607483641285639,
        0.015726550308831376,
        0.016233331538018477,
        0.015725192273499812,
        0.015054763202345712,
        0.014820168389586214,
        0.01489008949874211,
        0.014612447432646211,
        0.014340115199122096,
        0.01430691371801405,
        0.013869416899561435,
        0.013455992493125282,
        0.013605016440363845,
        0.013627544724880643,
        0.013253957777642988,
        0.01371274343999961,
        0.013301042149956803,
        0.01317095269737634,
        0.01349804813113375,
        0.013253871915563622,
        0.013103537766259587,
        0.012707920381178985,
        0.012430659694169349,
        0.012917764338602837,
        0.012729536771983558,
        0.01251306658309808,
        0.012190703812568631,
        0.012250438774429655,
        0.012103517899596636,
        0.01150349962523637,
        0.012173263423536732,
        0.011809183122660777,
        0.011666209582625287,
        0.011603465104045575,
        0.011062764478568465,
        0.01164905381577958,
        0.011310287806111284,
        0.01109555724647034,
        0.01155279263635814,
        0.011221671155287773
    ],
    "test_metrics_scaled": {
        "MAE": 0.13948991324668927,
        "MSE": 0.03274584637887375,
        "MdAE": 0.11465565860271454,
        "Pred(50)": 0.3609671848013817
    },
    "test_metrics_real": {
        "MAE": 2.929288178180475,
        "MSE": 14.440918253083323,
        "MdAE": 2.4077688306570053,
        "Pred(50)": 0.3609671848013817
    }
}