{
    "run_id": 1,
    "seed": 42,
    "elapsed_sec": 22.89628267288208,
    "best_val_mse": 0.013624134696871487,
    "epochs_trained": 39,
    "train_loss_history": [
        0.03740003333636084,
        0.02749102410613274,
        0.02568289524286377,
        0.02548227362258702,
        0.024316528435720474,
        0.023610351572991635,
        0.022117960082405075,
        0.02150247529985345,
        0.020940078169639623,
        0.020187488021519113,
        0.019899786102148345,
        0.019000746326863157,
        0.018415571528733993,
        0.018118947415555618,
        0.017435483125095463,
        0.017075300296502453,
        0.01653464940775718,
        0.01601084022098506,
        0.015818323966647896,
        0.015515101845471226,
        0.015310076934912679,
        0.014805955080581563,
        0.014587833782734008,
        0.01442016696994554,
        0.013978227359071678,
        0.013759442276739496,
        0.013752606390424225,
        0.01315353684821071,
        0.013189400436964874,
        0.013056949742746597,
        0.01298935708722898,
        0.012841403606936943,
        0.012471431315097273,
        0.012369554019913229,
        0.012175620317801224,
        0.012227203502623858,
        0.011959427083861463,
        0.011718090211174318,
        0.011907338401378722
    ],
    "val_mse_history": [
        0.026398385756009477,
        0.024774666307012604,
        0.02397911135900237,
        0.022974800480810582,
        0.022901078879064025,
        0.021470178961861205,
        0.02120402334453561,
        0.019971969700592677,
        0.01971606375613813,
        0.019507809414531504,
        0.018131219437178266,
        0.018263568381138656,
        0.01792697304463667,
        0.017396449433966683,
        0.01786983359262715,
        0.017663780927799938,
        0.017013351206781484,
        0.016051301376334755,
        0.016090169891685765,
        0.01644271971919517,
        0.015642317912656335,
        0.01574242820459735,
        0.015318512969794017,
        0.015254949104195364,
        0.015163506033024155,
        0.015007432490031454,
        0.014525724811531974,
        0.014699537434069336,
        0.014104633754742545,
        0.014138860848590087,
        0.014373893368880775,
        0.014146125123390746,
        0.014504524491392338,
        0.013624134696871487,
        0.01405095543510863,
        0.014096594719090258,
        0.014176410885953087,
        0.013889379229030751,
        0.014167187246964003
    ],
    "test_metrics_scaled": {
        "MAE": 0.11692762380171415,
        "MSE": 0.024526758378873616,
        "MdAE": 0.08677183091640472,
        "Pred(50)": 0.42095914742451157
    },
    "test_metrics_real": {
        "MAE": 2.455480099835997,
        "MSE": 10.816300445083264,
        "MdAE": 1.8222084492444992,
        "Pred(50)": 0.42095914742451157
    }
}