{
    "run_id": 7,
    "seed": 48,
    "elapsed_sec": 18.675406217575073,
    "best_val_mse": 0.014894832958993447,
    "epochs_trained": 34,
    "train_loss_history": [
        0.044607325776347094,
        0.029711759943819166,
        0.027393684726284475,
        0.025516357251956147,
        0.02421449061331092,
        0.023249840628051636,
        0.0225529405345418,
        0.021423670219979724,
        0.02052215196914515,
        0.019888330737547,
        0.018877366069248135,
        0.01790056449874323,
        0.01749217042756476,
        0.017367758399483804,
        0.016688329490775963,
        0.016153761495512967,
        0.01552787452594054,
        0.015308055963975435,
        0.015010543108670686,
        0.015079718387248565,
        0.014723612393765729,
        0.014285663204571726,
        0.014050532638912603,
        0.013823326090730878,
        0.013332000152416984,
        0.013327898689526685,
        0.013764142909334327,
        0.01301141517731,
        0.012826348849743301,
        0.012919454641488134,
        0.012658916349161645,
        0.012417599754598068,
        0.012477423199357426,
        0.012125911524671377
    ],
    "val_mse_history": [
        0.030947542484287004,
        0.02656485631961246,
        0.02602193218171033,
        0.02572503071727319,
        0.02459552281417944,
        0.02282460727215657,
        0.022496355261602187,
        0.023400094999395576,
        0.021723995482287824,
        0.020296187892448546,
        0.019447281819502484,
        0.01927282947168183,
        0.019714005846400373,
        0.01899106168752649,
        0.018337409318294674,
        0.018140626917364868,
        0.017840174768629983,
        0.017593500605897983,
        0.01736382290253603,
        0.01743931929904532,
        0.016550129251924343,
        0.01686117967895138,
        0.016711950298318668,
        0.016112718107867765,
        0.016237436872596264,
        0.0160165599303304,
        0.015173951209478578,
        0.015867907774500645,
        0.014894832958993447,
        0.015065755272109866,
        0.015247731971140988,
        0.0158261188052735,
        0.015030590469130887,
        0.015055118228733245
    ],
    "test_metrics_scaled": {
        "MAE": 0.12838596607428948,
        "MSE": 0.02721670851686854,
        "MdAE": 0.10656271874904633,
        "Pred(50)": 0.4321608040201005
    },
    "test_metrics_real": {
        "MAE": 2.696105287560079,
        "MSE": 12.002568455939027,
        "MdAE": 2.237817093729973,
        "Pred(50)": 0.4321608040201005
    }
}