{
    "run_id": 5,
    "seed": 46,
    "elapsed_sec": 234.21928906440735,
    "best_val_mse": 0.00026052184655338105,
    "epochs_trained": 63,
    "train_loss_history": [
        0.0014413709010321235,
        0.0011930161396860365,
        0.0009784124342514036,
        0.0007718717708613853,
        0.0006450742390595719,
        0.0005378536977755738,
        0.0004387792330402776,
        0.00037775461720312135,
        0.0003358431225905011,
        0.0002966787357758318,
        0.00026948605338478893,
        0.00024305636231630092,
        0.0002256539399719734,
        0.00021284125803196804,
        0.00019677114429314334,
        0.00018618071566976313,
        0.00017027569676307763,
        0.0001624728120184844,
        0.0001573999920461585,
        0.0001436052102466802,
        0.0001419950766167967,
        0.00013232635129374504,
        0.00012673275239931546,
        0.00012764836375046444,
        0.00012259902852965467,
        0.00012160270419270105,
        0.00010664477310343707,
        0.00011032816201610198,
        0.00010536376046011552,
        9.81799785052644e-05,
        0.00010513309490344233,
        9.885187042324134e-05,
        0.00010991679809853805,
        8.54601928829988e-05,
        9.296258926612354e-05,
        9.196633440009185e-05,
        8.470820088662465e-05,
        8.842106150114478e-05,
        8.461024424400019e-05,
        8.399655132708196e-05,
        6.233088517648853e-05,
        5.6012620015136114e-05,
        5.686952132658602e-05,
        5.6357947198894307e-05,
        5.500113083321138e-05,
        5.5747256073259636e-05,
        5.215340982919175e-05,
        5.157367527701715e-05,
        5.0431108387487135e-05,
        4.9482283198430715e-05,
        4.847385439805469e-05,
        4.845408004252118e-05,
        4.869894322558609e-05,
        4.582343712403088e-05,
        4.818273723256868e-05,
        4.48097578768541e-05,
        4.4330643559453684e-05,
        4.630493121539574e-05,
        4.505356993799648e-05,
        4.360044685336374e-05,
        4.240027298285043e-05,
        4.611093056087469e-05,
        3.7817843691730995e-05
    ],
    "val_mse_history": [
        0.0013272663996118826,
        0.001132436284334055,
        0.0010195842342759142,
        0.0009060566688888107,
        0.0007683608053020174,
        0.0006925335200721613,
        0.0006765210540155808,
        0.0005787145504282094,
        0.0005769383325251058,
        0.0005098288036263969,
        0.0004916171338888159,
        0.0004764211661658635,
        0.00043294997836616,
        0.00042749323387403394,
        0.000416374120270554,
        0.000395273474955263,
        0.0003971212657339408,
        0.0003871653986425954,
        0.0003760875054537509,
        0.00036270614889333133,
        0.0003611173319163325,
        0.00038957037379674063,
        0.0003454602098748966,
        0.00034932495839253274,
        0.00037507526807560517,
        0.00033136575488409287,
        0.0003186434710035568,
        0.00032593760208795907,
        0.00032091508846362386,
        0.00032058833702839116,
        0.00031548312614602475,
        0.0003308562891108588,
        0.0003096702819267456,
        0.0003076001384628723,
        0.0003155152515664732,
        0.00029388970666589304,
        0.00031720676876240985,
        0.00030158414476341326,
        0.00030676970466137274,
        0.0003019968650412426,
        0.0002802855848825124,
        0.00028817304289675485,
        0.0002776758249435918,
        0.0002774390693833048,
        0.00027962977417554197,
        0.0002855587071977316,
        0.00028074516597701164,
        0.0002728870520215165,
        0.0002699369223304139,
        0.00026563374958815303,
        0.0002727449997039058,
        0.0002724527552380257,
        0.00028387470366039475,
        0.0002638495276425495,
        0.00027477662396092526,
        0.00026531260907110906,
        0.0002634369083947717,
        0.00026052184655338105,
        0.00026273763483534177,
        0.00026302299767481924,
        0.00027272823050958356,
        0.00027277062132165757,
        0.0002613835626708953
    ],
    "test_metrics_scaled": {
        "MAE": 0.022345004096932568,
        "MSE": 0.0010264285771305621,
        "MdAE": 0.015812892466783524,
        "Pred(50)": 0.4265723512225127
    },
    "test_metrics_real": {
        "MAE": 0.2681400491631908,
        "MSE": 0.14780571510680093,
        "MdAE": 0.18975470960140228,
        "Pred(50)": 0.4265723512225127
    }
}