{
    "run_id": 10,
    "seed": 51,
    "elapsed_sec": 348.61412382125854,
    "best_val_mse": 0.00011755543915570122,
    "epochs_trained": 93,
    "train_loss_history": [
        0.0015260200621005585,
        0.0012397031786329888,
        0.001008142586815773,
        0.000816800770512073,
        0.0006616966620283231,
        0.0005562169558011629,
        0.00045694902968720566,
        0.00040186007516880036,
        0.0003503868360188761,
        0.00030280905449987366,
        0.0002749129619932478,
        0.0002469972219709795,
        0.00021929123952121358,
        0.00021323741388658767,
        0.00019863666719439394,
        0.00017774429522284603,
        0.00016860078526915388,
        0.0001577282725881429,
        0.00015309627759066386,
        0.00014977276521333614,
        0.00014198363587031076,
        0.00012556451166974137,
        0.00014397924724554432,
        0.00011861457272352923,
        0.00011470293216033923,
        0.0001093597199483308,
        0.00010719182664222698,
        0.00011461193884054558,
        0.0001045818631066823,
        0.00010101710422210423,
        0.00010350039554142333,
        9.355445159020254e-05,
        9.047119176838742e-05,
        9.601989340459927e-05,
        9.719522771040406e-05,
        8.173436025588381e-05,
        8.790367493352662e-05,
        8.115863594816792e-05,
        7.507893406848964e-05,
        8.176207685095745e-05,
        8.13747558381451e-05,
        7.272806779053576e-05,
        7.860193415290054e-05,
        6.72562051724619e-05,
        6.962590703029787e-05,
        7.924123229215063e-05,
        7.179606378818264e-05,
        6.36218118574882e-05,
        6.717867626998302e-05,
        6.698076460822157e-05,
        6.527520588026631e-05,
        4.9309789196490736e-05,
        4.3677719172467254e-05,
        4.332175613207968e-05,
        4.324945257662599e-05,
        4.2117547161233914e-05,
        4.187642251979634e-05,
        4.147225038535253e-05,
        3.969929310056696e-05,
        3.981233208557975e-05,
        3.825934010528512e-05,
        3.9094655954829905e-05,
        3.878655711479579e-05,
        3.7062373622335813e-05,
        3.387974539586218e-05,
        3.140779580514367e-05,
        3.1725575682463734e-05,
        3.123404250705675e-05,
        3.0542032840331115e-05,
        3.001343394988638e-05,
        2.9981852400792528e-05,
        3.0226613231530427e-05,
        2.8769791033831193e-05,
        2.8747132516931284e-05,
        2.8723942858699196e-05,
        2.880315512397105e-05,
        2.8297214732557958e-05,
        2.8116509342291647e-05,
        2.797154031905224e-05,
        2.6042488026206624e-05,
        2.5876100678470133e-05,
        2.5330496745918365e-05,
        2.5607688201146438e-05,
        2.5228939502552523e-05,
        2.4845910620713014e-05,
        2.506046652432563e-05,
        2.4654063810739344e-05,
        2.474956391448405e-05,
        2.4513713101589094e-05,
        2.4332099512628627e-05,
        2.4229049027492428e-05,
        2.4231347769097268e-05,
        2.2682503327316106e-05
    ],
    "val_mse_history": [
        0.0011620564473752806,
        0.0008784808853380678,
        0.0007336106689097713,
        0.000674416875178332,
        0.0006124378366042868,
        0.0005048084968035859,
        0.00045605672642400557,
        0.0004256435613281548,
        0.00039403586836410116,
        0.000369876880634706,
        0.00034492163797972226,
        0.00032746605331162963,
        0.0003006293669974528,
        0.00028870797106937056,
        0.00027550106319266344,
        0.00025638647354008236,
        0.0002507584146431357,
        0.00024159693145249552,
        0.00024542696779929196,
        0.0002238745003759467,
        0.00022755734016364392,
        0.00022187008764738904,
        0.0002254608488301978,
        0.00021484195266451743,
        0.00020915797767024326,
        0.00020560311226160857,
        0.00020024954219013597,
        0.00020485963590680968,
        0.0001879530325613824,
        0.00018879899697861802,
        0.00018325131959050033,
        0.00018557224788280454,
        0.0001740487936382737,
        0.00018220300863354573,
        0.00018174487908470787,
        0.0001847388869250673,
        0.0001684364817879616,
        0.00016908457941925575,
        0.00016499320207527705,
        0.0001655171131290821,
        0.00016312566151064492,
        0.00017404510214533926,
        0.00015823226418675907,
        0.00016898571019660839,
        0.00016851369975234024,
        0.00016934781070366075,
        0.00015441581129132945,
        0.00015499948750917605,
        0.0001724271939918734,
        0.00015441070131593345,
        0.00015874595285602123,
        0.00014680416393429203,
        0.0001415185572821726,
        0.00014199412545180546,
        0.00013963163290370032,
        0.00013962299430353797,
        0.00014391821778279396,
        0.00013396528915758836,
        0.00013200756591837782,
        0.00013161210957467185,
        0.0001372919229501514,
        0.00013517248826385613,
        0.00013383978518138615,
        0.00013503518945204046,
        0.00012920110027796804,
        0.00012858520553719695,
        0.00013169543833283314,
        0.0001289850987866544,
        0.00013067946924027037,
        0.00012776839512581867,
        0.0001270507932745587,
        0.00012376073912154548,
        0.00012992626731296564,
        0.00012731955589996563,
        0.000123014784777762,
        0.00012650638123302082,
        0.00012796769645716274,
        0.0001281535393030722,
        0.00012662049341301222,
        0.00012182907876416701,
        0.00012686830603041548,
        0.00012714371733315755,
        0.00012311200559061937,
        0.00011980611929900249,
        0.00012776668177823534,
        0.00012048291869563163,
        0.00011882180798862102,
        0.00011755543915570122,
        0.0001231245458671267,
        0.0001264565428650417,
        0.00012119079645668231,
        0.0001256823982107109,
        0.00012197442518418771
    ],
    "test_metrics_scaled": {
        "MAE": 0.020486384850506956,
        "MSE": 0.0009192510154687692,
        "MdAE": 0.013770069926977158,
        "Pred(50)": 0.4586191129401006
    },
    "test_metrics_real": {
        "MAE": 0.2458366182060835,
        "MSE": 0.13237214622750276,
        "MdAE": 0.1652408391237259,
        "Pred(50)": 0.4586191129401006
    }
}