{
    "run_id": 3,
    "seed": 44,
    "elapsed_sec": 330.07184195518494,
    "best_val_mse": 0.00012202653314610586,
    "epochs_trained": 88,
    "train_loss_history": [
        0.0014993290042434682,
        0.0011949227751499249,
        0.0009786821280125563,
        0.0008090748128270278,
        0.0006669508429391509,
        0.0005331908646091411,
        0.00045963816403431684,
        0.00039659017961541347,
        0.00034339479693636565,
        0.0003091768941942854,
        0.0002840138092515386,
        0.0002565531838105313,
        0.00023413488509206132,
        0.00022575502714360568,
        0.00020547670002768906,
        0.00020088160582651987,
        0.00018356361551512357,
        0.00017300814136671122,
        0.00016636928956462679,
        0.0001566456868304176,
        0.00014942631465397454,
        0.00014337974060643584,
        0.00014117501701666393,
        0.00013696567221476184,
        0.00012386721837335079,
        0.0001286718807094608,
        0.0001155025337528252,
        0.00011634324782307475,
        0.00011258378185138759,
        0.00010989488171971059,
        0.00010189197975986142,
        9.834217074224135e-05,
        9.872291786079e-05,
        9.479863262760438e-05,
        9.016699070704687e-05,
        9.030416430021053e-05,
        9.207491132357887e-05,
        8.227590859554809e-05,
        8.440629000128928e-05,
        8.581491365413274e-05,
        8.236866385896833e-05,
        7.352951842774085e-05,
        7.884946279467883e-05,
        7.664112335549966e-05,
        7.148255071211761e-05,
        7.187948332613711e-05,
        6.927578141279852e-05,
        7.487976072985826e-05,
        5.582032328553764e-05,
        4.912343883884768e-05,
        4.987958314020672e-05,
        4.684876972168435e-05,
        4.626074171291113e-05,
        4.71697157495158e-05,
        4.545825219667216e-05,
        4.420998592840291e-05,
        4.406508879567189e-05,
        4.367582365172012e-05,
        4.321749998987705e-05,
        4.2459496668393094e-05,
        4.087823089976191e-05,
        4.024637009849066e-05,
        4.0455327189237426e-05,
        3.943435037322634e-05,
        3.944176938171532e-05,
        3.419932155626435e-05,
        3.266917635090224e-05,
        3.2505328791801e-05,
        3.333489522580618e-05,
        3.163891440308344e-05,
        3.1791814662808575e-05,
        3.1297390156282074e-05,
        3.123216523784917e-05,
        3.063763069459862e-05,
        3.06780052203776e-05,
        3.056935783651347e-05,
        2.972645852365667e-05,
        2.9864587415256635e-05,
        2.8937704757467402e-05,
        2.923617864445651e-05,
        2.883910334831855e-05,
        2.8997841569660107e-05,
        2.8574059224268083e-05,
        2.7710036390397288e-05,
        2.8230602588234464e-05,
        2.740376946131442e-05,
        2.6606851965147596e-05,
        2.6043532841078224e-05
    ],
    "val_mse_history": [
        0.0011835309513821585,
        0.001054183926482522,
        0.0007883188446210157,
        0.0008069485021743796,
        0.000615902881296079,
        0.0005399999183352404,
        0.0004974767392512221,
        0.0004590117171945683,
        0.00042033465481987575,
        0.0004166903351345674,
        0.0003733527853412415,
        0.0003630597001380372,
        0.00033316151761419706,
        0.0003343069457519308,
        0.00031859064164146473,
        0.0002959001230913431,
        0.0002958868633976562,
        0.0002868025041034998,
        0.0002759008622056716,
        0.00027205723910049117,
        0.0002652299016969057,
        0.00025565523573420346,
        0.00024800331609517597,
        0.00023685132830566483,
        0.00023622579482466193,
        0.000242397752864512,
        0.00022839744009330436,
        0.00023195868191742361,
        0.00022436802145906233,
        0.00021230761877625589,
        0.00020896193844858864,
        0.00021192607240192986,
        0.00019732997455882467,
        0.0002110916018480784,
        0.0001882925192011116,
        0.00019601696197320232,
        0.0001772387914046912,
        0.0001884146223647983,
        0.00018735853215931777,
        0.00019592405910901756,
        0.00017714414533705384,
        0.00016520848592887266,
        0.00022489220808685217,
        0.00016070384488703037,
        0.00017798905178623527,
        0.00016894670777306211,
        0.00017443322595602385,
        0.00019154372564998952,
        0.0001537952597839139,
        0.00014998822472324716,
        0.00015108913159201151,
        0.00015213649932941498,
        0.00014677348979720922,
        0.00015238582463558342,
        0.0001426652120772882,
        0.0001460029283374332,
        0.0001386113164660719,
        0.0001423546621949282,
        0.0001467095589182159,
        0.00013863512208720711,
        0.00013143638263293328,
        0.00013711343320001691,
        0.00013896599574984408,
        0.00014776311111235426,
        0.00013326918672887812,
        0.00013029491616787766,
        0.0001376019531877235,
        0.00013142137049612572,
        0.0001296719980261523,
        0.00013020921409343759,
        0.0001329631935630049,
        0.00012845437783125534,
        0.00012723263367874543,
        0.00013005666348126944,
        0.00012915820413366045,
        0.00012673601572452153,
        0.00012654782648149006,
        0.0001263242647246307,
        0.00012311699944872728,
        0.0001293576723332516,
        0.0001249721922309753,
        0.0001358028452285706,
        0.00012202653314610586,
        0.0001222801290500736,
        0.00012896285557491762,
        0.0001242446353500673,
        0.00012401580721699458,
        0.00012281780567923326
    ],
    "test_metrics_scaled": {
        "MAE": 0.02065480531755761,
        "MSE": 0.0008255914574841758,
        "MdAE": 0.015362871810793877,
        "Pred(50)": 0.3994486138765508
    },
    "test_metrics_real": {
        "MAE": 0.24785766381069133,
        "MSE": 0.11888516987772133,
        "MdAE": 0.18435446172952652,
        "Pred(50)": 0.3994486138765508
    }
}