{
    "run_id": 6,
    "seed": 47,
    "elapsed_sec": 291.32844519615173,
    "best_val_mse": 0.00012493367892492586,
    "epochs_trained": 79,
    "train_loss_history": [
        0.0015843043684589924,
        0.001243289987431301,
        0.0010154229743410007,
        0.0007920182577003796,
        0.0006560120828016485,
        0.0005413551638687344,
        0.00043791197262437804,
        0.00036631815781252376,
        0.0003105943017210496,
        0.0002836079145473075,
        0.00024267440316115674,
        0.00021743849122798358,
        0.0002100368078313411,
        0.0001898064727871147,
        0.00018073813566575432,
        0.00016744286230401084,
        0.00015608492331833744,
        0.0001520053909391212,
        0.00014558066785721953,
        0.00013936519865839731,
        0.00012245417576449633,
        0.00013387312853056757,
        0.00011817674364477854,
        0.0001186425108247867,
        0.00011001675202637073,
        0.00010212538970473612,
        0.00010697961114153146,
        9.557326202438589e-05,
        0.00010178067617661897,
        9.343720167922862e-05,
        9.438997939556673e-05,
        9.120084752458432e-05,
        8.590749905288928e-05,
        8.469459392388364e-05,
        8.81330495616395e-05,
        8.183858413939041e-05,
        8.114547019443991e-05,
        8.142343233296427e-05,
        7.670278381745319e-05,
        8.179779214236547e-05,
        7.404229304376824e-05,
        7.165264744125427e-05,
        6.961616625270056e-05,
        7.096440339283173e-05,
        6.65105764946322e-05,
        6.5477485091933e-05,
        6.628850316758752e-05,
        6.779492556878934e-05,
        6.474583811814406e-05,
        6.155019273803033e-05,
        6.666819203142549e-05,
        6.104456841099078e-05,
        6.071392418094772e-05,
        5.9452766699262366e-05,
        4.5050637905760614e-05,
        4.0605288367472704e-05,
        4.029552069735246e-05,
        4.0252979681487274e-05,
        3.8724492975450375e-05,
        4.049258343537448e-05,
        3.839654600628256e-05,
        3.7706941972028144e-05,
        3.6797584686819265e-05,
        3.7938735976435186e-05,
        3.515189659264625e-05,
        3.523569978816485e-05,
        3.4137841434245036e-05,
        3.553162536793493e-05,
        3.439873575017732e-05,
        3.341880177661985e-05,
        3.395990169865453e-05,
        3.296421066852507e-05,
        3.3306487636884075e-05,
        2.8239836759079596e-05,
        2.7478252756954757e-05,
        2.7054174113175906e-05,
        2.6095194805637394e-05,
        2.6793793768177976e-05,
        2.482203708835442e-05
    ],
    "val_mse_history": [
        0.0012897498465381328,
        0.001226124898848414,
        0.000987247320616896,
        0.0007964973729780795,
        0.0006316605941040451,
        0.0005599105671299995,
        0.0005174604110793905,
        0.00046133791146140524,
        0.0003931470567873117,
        0.00039625308121024675,
        0.00034576743444857144,
        0.00047280869087019234,
        0.0003301013718508106,
        0.00029943897096088,
        0.0002939833005853978,
        0.00027526913997485416,
        0.00026639774333975404,
        0.00024202211277395258,
        0.0002444970485058143,
        0.0002615267948783232,
        0.00024039042246344364,
        0.00022858429474685975,
        0.00022773820138346105,
        0.00024024893536981555,
        0.00021138220852534692,
        0.0002072568504154983,
        0.0001991131845598757,
        0.00020538961217526244,
        0.00019519463203915527,
        0.0001947437318531119,
        0.0002094200380510187,
        0.00018834435589943285,
        0.00019291202415851655,
        0.0001941433876809972,
        0.00017892042605479477,
        0.0001840287286968292,
        0.00018902127322913072,
        0.000168242756054188,
        0.0001757946365177066,
        0.000177166965356287,
        0.00017230599701416883,
        0.00016551958233228747,
        0.00016835095040179882,
        0.0001814185901287865,
        0.00016482993993930092,
        0.00016200836578177748,
        0.00017550176103216844,
        0.00020284902263469157,
        0.0001739016632458788,
        0.00015814879821087098,
        0.00017169083339793235,
        0.00016310441833727377,
        0.0001583154551070849,
        0.0001748264049005075,
        0.00013997293750423462,
        0.00014483204937669635,
        0.00014739558162425354,
        0.00013930568625485936,
        0.00013849494152472152,
        0.00014319668667213945,
        0.00014727948352681857,
        0.00013569829714985752,
        0.00013499065099439672,
        0.0001352235099786614,
        0.00013417157296573517,
        0.0001354865506970088,
        0.00013568115281209175,
        0.00013778355861432712,
        0.00013129968205088737,
        0.00013692201904419752,
        0.00013430022002855485,
        0.00013327140559438386,
        0.00013709645147321874,
        0.00012493367892492586,
        0.00012881911169759279,
        0.0001272826178542495,
        0.00012851786918569326,
        0.0001264852436968836,
        0.0001283638894367051
    ],
    "test_metrics_scaled": {
        "MAE": 0.020137729932771176,
        "MSE": 0.0008005510433135103,
        "MdAE": 0.01437846664339304,
        "Pred(50)": 0.45493431102963644
    },
    "test_metrics_real": {
        "MAE": 0.24165275919325413,
        "MSE": 0.11527935023714547,
        "MdAE": 0.17254159972071648,
        "Pred(50)": 0.45493431102963644
    }
}