{
    "run_id": 8,
    "seed": 49,
    "elapsed_sec": 238.72112655639648,
    "best_val_mse": 0.00020162775161845604,
    "epochs_trained": 64,
    "train_loss_history": [
        0.001451070973967133,
        0.0011828244951389711,
        0.0010056049436276075,
        0.0008258460069616192,
        0.0006537185550672721,
        0.0005452317363031752,
        0.0004557543096528194,
        0.00038217500277716793,
        0.00032753361652126137,
        0.00029359314607159913,
        0.0002572931004323488,
        0.00023258499591592743,
        0.00021557353474984832,
        0.00019606758494538251,
        0.00017821053298774198,
        0.00017399481084294077,
        0.00016528001691506838,
        0.00014716310979190372,
        0.00014710858291054653,
        0.00013604885219518535,
        0.00013322578646414983,
        0.00012335014664724677,
        0.00012641689744452632,
        0.00012094313653366733,
        0.00012046900353013955,
        0.00011301979193805448,
        0.00010663571065164655,
        0.00010253949299264599,
        0.00010237488946990205,
        0.00010011328649245137,
        9.235148547736973e-05,
        9.470390955982678e-05,
        8.507166631887781e-05,
        8.729174961822116e-05,
        8.567341827124447e-05,
        8.491614754059548e-05,
        7.947383396425943e-05,
        7.793991779597273e-05,
        8.052927251124474e-05,
        7.760925114639389e-05,
        7.504170509021878e-05,
        7.751774572122445e-05,
        6.879256677768429e-05,
        7.083688145884568e-05,
        7.13662424086918e-05,
        5.207376395673699e-05,
        4.9551614591534945e-05,
        4.7411717263786604e-05,
        4.634697155800125e-05,
        4.575278070167551e-05,
        4.538482304056932e-05,
        4.394672366417084e-05,
        4.415886385325524e-05,
        4.444876952779788e-05,
        4.2514417699336416e-05,
        4.247923035486145e-05,
        4.042362204200247e-05,
        4.119497149266182e-05,
        3.559165110831053e-05,
        3.4665845948795275e-05,
        3.384691208767902e-05,
        3.33897444644049e-05,
        3.36196142348793e-05,
        3.1238284585891644e-05
    ],
    "val_mse_history": [
        0.00135879675365847,
        0.0011824361390569927,
        0.001189904713550041,
        0.000912096780250444,
        0.0008181460068331162,
        0.0007961312333376888,
        0.0006719919298819632,
        0.0005820741224961306,
        0.0005459959205297908,
        0.0005535236390756088,
        0.0005090693373651705,
        0.0004383434962995893,
        0.0003884534309571535,
        0.0003874740674514843,
        0.0003761631546126164,
        0.00039702528897297734,
        0.00034183913590934056,
        0.0003325912727220737,
        0.00033022566675226014,
        0.0003260055228658789,
        0.0002978149319381262,
        0.0003012409875511858,
        0.000316651925178831,
        0.00030800738533382855,
        0.0002913945435415821,
        0.00030903547665318235,
        0.0002755774246618619,
        0.00027428149470523123,
        0.00026332238669958557,
        0.000269684726608727,
        0.00026111470680416745,
        0.0002618440974012901,
        0.0002636683932681671,
        0.0002540319570020112,
        0.000273245995444156,
        0.0002552701236260206,
        0.00024575511525348477,
        0.00025875594299310634,
        0.00024329376917076864,
        0.0002457585641751777,
        0.00023483280187717133,
        0.0002586382101332047,
        0.00023486088239890444,
        0.00025068130831940456,
        0.00024286927220307174,
        0.0002257268365527241,
        0.0002229073067075981,
        0.00021753622208883818,
        0.00021696472541624331,
        0.00021650286939561004,
        0.00020984084231308474,
        0.0002097752458360531,
        0.00021172403367323355,
        0.0002071329080087092,
        0.0002185267999206269,
        0.0002132235995809834,
        0.00021397335504457532,
        0.00021999992891822797,
        0.00020162775161845604,
        0.0002052869281964053,
        0.00020650574647556404,
        0.00020634175181642107,
        0.00020282201853114113,
        0.00020430064656097534
    ],
    "test_metrics_scaled": {
        "MAE": 0.01862322666144722,
        "MSE": 0.0006488865242836429,
        "MdAE": 0.013965392485260963,
        "Pred(50)": 0.4477269248431042
    },
    "test_metrics_real": {
        "MAE": 0.22347871993736662,
        "MSE": 0.09343965949684457,
        "MdAE": 0.16758470982313156,
        "Pred(50)": 0.4477269248431042
    }
}