{
    "run_id": 4,
    "seed": 45,
    "elapsed_sec": 221.44117212295532,
    "best_val_mse": 0.00015766372981825325,
    "epochs_trained": 60,
    "train_loss_history": [
        0.001620791699286001,
        0.0012224383986504037,
        0.0010320194879892006,
        0.0008282123519473241,
        0.0006461724477867213,
        0.0005292081280338943,
        0.00044227483807083505,
        0.0003816366312122622,
        0.00033532855706192206,
        0.0002962333626672437,
        0.0002635337820036097,
        0.0002451534687295501,
        0.00022700460961554313,
        0.00021025402986450878,
        0.00019705175944357084,
        0.00018875767986788409,
        0.00017407821504590327,
        0.0001754153998054005,
        0.000168200370099859,
        0.00015319382545830372,
        0.00014321199312132223,
        0.00013973332847487882,
        0.00013387933367386745,
        0.00012524775034541003,
        0.000138872688760504,
        0.00011909382291322887,
        0.00011230679521316025,
        0.00011325885468956061,
        0.00010568606369749712,
        0.00010701725179480637,
        0.000107152760959061,
        0.00010183929895575121,
        9.721623070237486e-05,
        9.520229505347682e-05,
        9.407725884719895e-05,
        7.546306542933137e-05,
        6.998547879780219e-05,
        6.825205504532731e-05,
        6.758337243128584e-05,
        6.626978187536357e-05,
        6.396879932605802e-05,
        6.368988181315725e-05,
        6.176016155206816e-05,
        6.197053193280902e-05,
        5.6995935540249266e-05,
        5.838497161654617e-05,
        5.819356417889536e-05,
        5.580033056349786e-05,
        5.034174828833713e-05,
        4.8289471084921e-05,
        4.7654797134343154e-05,
        4.8291015838219864e-05,
        4.6690899348585304e-05,
        4.638320736962124e-05,
        4.500455978973016e-05,
        4.505110032172424e-05,
        4.4604599099315494e-05,
        4.3818702706166e-05,
        4.336490348228757e-05,
        4.092645688826294e-05
    ],
    "val_mse_history": [
        0.001499538827828629,
        0.0013466162632703,
        0.0010882283538602103,
        0.0008508506810590708,
        0.0007803209858664661,
        0.0006190554040772607,
        0.0005875977208260526,
        0.0005271877016265001,
        0.0004272527238223067,
        0.0004175066333793495,
        0.0003931592708470331,
        0.0003706077022279842,
        0.00035733414944465316,
        0.00033545936329714413,
        0.0003136289853162421,
        0.00031470055943011617,
        0.00029873254270532774,
        0.00029401690332146507,
        0.0002868819010865211,
        0.0002673786966945017,
        0.00024894193310044286,
        0.0002605598099184165,
        0.0002448113764860993,
        0.0002737326798158381,
        0.00024069830740743966,
        0.00023120726843047458,
        0.00023789120948237768,
        0.00023114905264270166,
        0.00022528824689591853,
        0.00022506944456461252,
        0.00021251900508034304,
        0.00023381985362307177,
        0.00022733617080991368,
        0.00021534696657767784,
        0.00021859939251372436,
        0.0001811260782287546,
        0.00018660560927889752,
        0.0001897532423980634,
        0.00018397105517601727,
        0.00017967003738451648,
        0.00017906698393604483,
        0.00018398235596704527,
        0.00018471391302557252,
        0.00017286283377434842,
        0.0001739435488577306,
        0.00018481265716650342,
        0.00017312182274196834,
        0.00017444713928638377,
        0.0001705652995186796,
        0.0001663228077666276,
        0.00017391837618483828,
        0.00017189952432041195,
        0.00016291723564526843,
        0.00016333217111821134,
        0.00015766372981825325,
        0.00017181109779700204,
        0.00016138216635102465,
        0.0001723856099354254,
        0.00016330529511886675,
        0.00015982550631719745
    ],
    "test_metrics_scaled": {
        "MAE": 0.017478552580908916,
        "MSE": 0.0005908576725522,
        "MdAE": 0.012028221040964127,
        "Pred(50)": 0.4787315139502973
    },
    "test_metrics_real": {
        "MAE": 0.209742630970907,
        "MSE": 0.0850835048475168,
        "MdAE": 0.14433865249156952,
        "Pred(50)": 0.4787315139502973
    }
}