{
    "run_id": 1,
    "seed": 42,
    "elapsed_sec": 174.06645464897156,
    "best_val_mse": 0.0002272070663573192,
    "epochs_trained": 46,
    "train_loss_history": [
        0.0014178158533375462,
        0.0011959453695525176,
        0.0009845264171533656,
        0.0007921903447009836,
        0.0006316142375363403,
        0.0005455429881257026,
        0.00044738668393995407,
        0.00038282818932309853,
        0.00033770855479243724,
        0.00029453842662745304,
        0.00026242092807995303,
        0.0002452061950427918,
        0.00021792424167995273,
        0.00019609042199461826,
        0.00018854145210718955,
        0.00017608104761073116,
        0.00016494514064960728,
        0.000152812964064158,
        0.000148721705433953,
        0.00014602888934418603,
        0.00013241009790538133,
        0.0001318479820461527,
        0.00012464522619764517,
        0.00011574853558528666,
        0.0001204099864859475,
        0.00011828229208358054,
        0.0001088912903235389,
        8.854444572382823e-05,
        8.123333529782599e-05,
        8.065511728696958e-05,
        7.770517764004997e-05,
        7.409215670590797e-05,
        7.36758686267879e-05,
        7.118288402372054e-05,
        7.181431975548938e-05,
        6.273190931547186e-05,
        5.9684342035189444e-05,
        5.9821115987179e-05,
        5.8792066139053024e-05,
        5.812375251138978e-05,
        5.591653950328738e-05,
        5.578364850603182e-05,
        5.411006080241836e-05,
        5.2801330181912856e-05,
        5.3564558441685436e-05,
        4.920840112081458e-05
    ],
    "val_mse_history": [
        0.001279702448382435,
        0.0011222918811286328,
        0.0009972722307672551,
        0.000811484999557809,
        0.0007273093558484426,
        0.0006651480124132892,
        0.0005771656892994634,
        0.0005012995440232445,
        0.0004746624693272554,
        0.00045108916559147684,
        0.00043351907744465957,
        0.00045139892448262277,
        0.00040312291823331643,
        0.000374242899673705,
        0.00035158391503677637,
        0.00033551203986132973,
        0.0003361205867835658,
        0.00034920045461014687,
        0.00032996357015397255,
        0.000316118313767252,
        0.00029877034993108667,
        0.0003223158891861608,
        0.00028418116342636196,
        0.00029917685517678454,
        0.0002964816717714503,
        0.00028472483514435887,
        0.00030010368470088277,
        0.00025941574599406864,
        0.00025513611274501535,
        0.00027505402844540234,
        0.000248860356224757,
        0.0002670970806874825,
        0.00025885229391549427,
        0.00026049004601836793,
        0.00025716763154802,
        0.0002385566517909803,
        0.00024559589524983177,
        0.0002441423668405094,
        0.00024078169462137187,
        0.0002347161919009727,
        0.0002272070663573192,
        0.00023317946953135515,
        0.00025094748837538956,
        0.0002349844378123346,
        0.00023762697738351408,
        0.0002353839767816925
    ],
    "test_metrics_scaled": {
        "MAE": 0.019647859656002315,
        "MSE": 0.0007228198421099607,
        "MdAE": 0.014785271137952805,
        "Pred(50)": 0.4252329311134871
    },
    "test_metrics_real": {
        "MAE": 0.2357743158720278,
        "MSE": 0.10408605726383435,
        "MdAE": 0.17742325365543365,
        "Pred(50)": 0.4252329311134871
    }
}