{
    "run_id": 2,
    "seed": 43,
    "elapsed_sec": 276.30786657333374,
    "best_val_mse": 0.00013059623169264548,
    "epochs_trained": 74,
    "train_loss_history": [
        0.001547320814599573,
        0.0011784102479483651,
        0.0010180851707022502,
        0.0007973518142091753,
        0.0006656691977395841,
        0.0005480022617957229,
        0.00044816846256591193,
        0.0003815293667669101,
        0.0003323568013977539,
        0.00030098851843358146,
        0.000263722404143219,
        0.00024359717946778904,
        0.00021848403160565043,
        0.0002135783274779414,
        0.00018602760537617387,
        0.0001924768035689147,
        0.00016683252960014258,
        0.00015917316971198557,
        0.0001538916456086041,
        0.00014686323121938365,
        0.00013702229087675464,
        0.0001328492545908804,
        0.00012780648497390595,
        0.00012550127591650688,
        0.00012858927845211146,
        0.00011318922625173445,
        0.00010840429901524921,
        0.0001089587115204664,
        0.00010241386986873135,
        0.00010449154378276804,
        0.0001036869914653161,
        9.076545310597183e-05,
        9.881230614489493e-05,
        0.0001018697421913719,
        8.094622241170168e-05,
        8.982146468121249e-05,
        8.650668940226072e-05,
        8.21057158003635e-05,
        8.771479412665554e-05,
        7.60772782068992e-05,
        6.301470910612273e-05,
        5.7744908470300995e-05,
        5.762978843376413e-05,
        5.566849279974708e-05,
        5.535259441747933e-05,
        4.976424132700515e-05,
        4.721991843674993e-05,
        4.605103415278987e-05,
        4.496901868464914e-05,
        4.58133734668803e-05,
        4.5847150150453055e-05,
        4.3959374228683826e-05,
        4.435265671146567e-05,
        4.2739742534935745e-05,
        4.2782964004048053e-05,
        4.257605189873702e-05,
        4.1387925469544616e-05,
        4.0817581323077775e-05,
        4.106013890826111e-05,
        4.067600872359794e-05,
        4.011630428638183e-05,
        3.942557290530205e-05,
        3.901547026614574e-05,
        3.879040840450686e-05,
        3.840331271777843e-05,
        3.785685126461811e-05,
        3.7273331383657006e-05,
        3.6862983296181526e-05,
        3.6865117806539995e-05,
        3.610050511625525e-05,
        3.573643399783072e-05,
        3.534436144050885e-05,
        3.570828956523704e-05,
        3.298244773031375e-05
    ],
    "val_mse_history": [
        0.0012853946666999702,
        0.0009958880150571698,
        0.0008252948822921729,
        0.0007115293588236583,
        0.0006508947640325007,
        0.0005595597661331351,
        0.0004622192825930785,
        0.0004248364416164342,
        0.0003909722850945147,
        0.00036160675775105634,
        0.0003298824983360083,
        0.000322006953725451,
        0.00030819955646186085,
        0.0002987886281450708,
        0.00031406194522758964,
        0.00027076703453727136,
        0.00025457044797507817,
        0.0003078410237110629,
        0.0002495734476093256,
        0.00023815497219475186,
        0.00022717522804228257,
        0.00021949568948699327,
        0.00021712348377613268,
        0.00022502135658369137,
        0.00021327595540160377,
        0.0002023509882690696,
        0.00020846383943833784,
        0.000200383460063962,
        0.00019601558370814206,
        0.00020919879013301765,
        0.00018360425181696002,
        0.0001826188393947298,
        0.00018814462708979522,
        0.00018422136858844545,
        0.00018642410094961775,
        0.00016996241961142068,
        0.00020411238662321145,
        0.00019319635755166785,
        0.00018945547096873078,
        0.0001781580777533095,
        0.0001458331836756401,
        0.00014996608991715333,
        0.00014742225811164753,
        0.00014758288210185315,
        0.00015329467815304004,
        0.00014284725765195016,
        0.00014766197900604856,
        0.0001402332201894456,
        0.0001377553624456146,
        0.00014201524708793594,
        0.00014111709363707242,
        0.00013652265394335168,
        0.00013934783457738737,
        0.0001407248960982705,
        0.00014163346423206902,
        0.0001363016042979894,
        0.00014134548032595517,
        0.0001408187873198167,
        0.00013834212527317216,
        0.0001352688345044231,
        0.00013997429319234,
        0.00013867433630679638,
        0.0001386573616136817,
        0.00013221019828529393,
        0.00013413379146736486,
        0.0001350488282892569,
        0.00013092757175026673,
        0.0001330087027412738,
        0.00013059623169264548,
        0.00013358605195935632,
        0.00013758588176869668,
        0.00013364855437727915,
        0.00013201258788897517,
        0.0001342590804268283
    ],
    "test_metrics_scaled": {
        "MAE": 0.021855244872631966,
        "MSE": 0.00094647301637956,
        "MdAE": 0.015669751912355423,
        "Pred(50)": 0.4
    },
    "test_metrics_real": {
        "MAE": 0.2622629384715836,
        "MSE": 0.13629211435865665,
        "MdAE": 0.18803702294826508,
        "Pred(50)": 0.4
    }
}