{
    "run_id": 7,
    "seed": 48,
    "elapsed_sec": 220.6919298171997,
    "best_val_mse": 0.00018610269470447215,
    "epochs_trained": 59,
    "train_loss_history": [
        0.0014222091733659722,
        0.0012200925809029393,
        0.0009886938316952473,
        0.0008296166423680526,
        0.0006595668551797783,
        0.0005323886448324579,
        0.00044657880966853506,
        0.00036739779827618674,
        0.00032073916850765033,
        0.00028280441714856113,
        0.0002643010521574525,
        0.00023305269556490497,
        0.00021731975199978042,
        0.00019654144650941248,
        0.00018338498207350529,
        0.0001695071223982995,
        0.00016622259097461074,
        0.00015685811372519894,
        0.00014589154319897155,
        0.0001436306852513487,
        0.0001315437387522738,
        0.00013204058903405525,
        0.00012988595271123469,
        0.00011507077155943839,
        0.00011753162227048957,
        9.316297677526801e-05,
        8.43573296558986e-05,
        8.553761334431593e-05,
        8.288849468645019e-05,
        7.823353129101088e-05,
        7.664987001697116e-05,
        7.453171471443164e-05,
        7.300777831179011e-05,
        7.437212950604726e-05,
        6.997504322700483e-05,
        6.801076743302614e-05,
        6.802665805521598e-05,
        6.7362638165441e-05,
        6.857694215670995e-05,
        6.509622569468638e-05,
        6.416360732330174e-05,
        6.213764594503527e-05,
        6.11743738177023e-05,
        5.5273243297248075e-05,
        5.16811992544551e-05,
        5.1748189466144264e-05,
        5.065752575359697e-05,
        4.9957591877750976e-05,
        4.8606313485165833e-05,
        4.8935417352366166e-05,
        4.782522941721697e-05,
        4.732731661825015e-05,
        4.692386402276696e-05,
        4.595884113801151e-05,
        4.615975163653886e-05,
        4.483922430064711e-05,
        4.347648952505708e-05,
        4.3841845863577866e-05,
        4.1507524705172134e-05
    ],
    "val_mse_history": [
        0.001434635805449868,
        0.001276748476390513,
        0.001009250773737751,
        0.0008536774149542835,
        0.0007317930280437845,
        0.0006858228060652557,
        0.0005508529261776706,
        0.00048109760837599687,
        0.0004274734561629435,
        0.0004030956684299512,
        0.00037508611921938237,
        0.00035883011227139355,
        0.00035292427993305456,
        0.0003151737657557042,
        0.00031326510190854157,
        0.00029650370059096387,
        0.00030196292570759334,
        0.0002754366717762366,
        0.00028664369110020706,
        0.00026623247095547393,
        0.0002650802674661423,
        0.0002686679263704735,
        0.00026582223921689703,
        0.0002734439655415535,
        0.00027059858127752014,
        0.00022897701503650215,
        0.00023430660645224247,
        0.00022572160452891175,
        0.00023023516198692243,
        0.00023361726940896577,
        0.0002375157932422739,
        0.00022462802082646725,
        0.00022736476438691195,
        0.00021510324935193064,
        0.00022242269698460665,
        0.0002182635497437222,
        0.00021896734344456525,
        0.00021351019502838982,
        0.00021013684030573988,
        0.00021224859163138695,
        0.00021204035512001094,
        0.00021480236011357814,
        0.00022581321630520305,
        0.00020254242542406723,
        0.00020732509095595356,
        0.00019894054335585238,
        0.00019967581750102853,
        0.00020670616024493857,
        0.0001982031353980114,
        0.0001961923183297717,
        0.00018849677007139667,
        0.00019749610700551596,
        0.0001986081256884191,
        0.00018610269470447215,
        0.00019260318289695714,
        0.00019004159773448336,
        0.0001862481546762643,
        0.00019826493497389713,
        0.00019499950562158858
    ],
    "test_metrics_scaled": {
        "MAE": 0.020341222355189828,
        "MSE": 0.0007989845622664463,
        "MdAE": 0.014314714819192886,
        "Pred(50)": 0.44205017700477145
    },
    "test_metrics_real": {
        "MAE": 0.24409466826227794,
        "MSE": 0.11505377696636826,
        "MdAE": 0.17177657783031464,
        "Pred(50)": 0.44205017700477145
    }
}