{
    "run_id": 9,
    "seed": 50,
    "elapsed_sec": 182.37257313728333,
    "best_val_mse": 0.00013304702512532054,
    "epochs_trained": 49,
    "train_loss_history": [
        0.0014724309346712953,
        0.0011951918283266208,
        0.0009320914773784236,
        0.0007233002567624622,
        0.000592500261913469,
        0.00048406471544860973,
        0.0004024512983320765,
        0.00035333556015560943,
        0.0003093288843799302,
        0.0002754027561328143,
        0.0002457857588949613,
        0.00022018919908738932,
        0.00020254936293761285,
        0.0001918518731748961,
        0.0001748557544241412,
        0.00017106323079479934,
        0.000154785609053398,
        0.00014814736952171732,
        0.00014189733787945392,
        0.0001393004150925936,
        0.00012992995954242317,
        0.00012521814599268048,
        0.00011903595219508685,
        0.00011971833655765606,
        0.000113748214164813,
        0.00010922074970645565,
        9.887360764501375e-05,
        0.0001001789315945329,
        9.846921281011592e-05,
        9.467161955635067e-05,
        9.436309780686407e-05,
        8.798283805503846e-05,
        8.645945957647192e-05,
        6.905164965042815e-05,
        6.354531156626792e-05,
        6.239864846135443e-05,
        5.995996588494751e-05,
        5.893681281406659e-05,
        5.890041583181072e-05,
        5.8866400494550015e-05,
        5.5792945973531486e-05,
        5.4826164459936026e-05,
        5.435053640123231e-05,
        5.27919834638903e-05,
        5.155695649110851e-05,
        5.258117388208274e-05,
        5.085873331516122e-05,
        4.992432326825001e-05,
        4.327393094060617e-05
    ],
    "val_mse_history": [
        0.0013075560853260074,
        0.0010506249619805722,
        0.0008906578585056062,
        0.0007402987713431845,
        0.0006355719593851253,
        0.0005850380586230729,
        0.00048004101222813225,
        0.0004404570095303301,
        0.00040892532060195967,
        0.0003509425085962475,
        0.00034517050024969334,
        0.0003094493046237728,
        0.00028470552739793056,
        0.000275487785943455,
        0.00027227793044615336,
        0.00025750271896327883,
        0.0002622325071769326,
        0.0002434410320258824,
        0.00024802408574048384,
        0.00022798572717864563,
        0.00023471191391330573,
        0.00020640115865737323,
        0.00020514759347215822,
        0.00019521235096721387,
        0.00020743489367209986,
        0.0001939255820669267,
        0.00019606502670426026,
        0.00019798792841973007,
        0.00016880510448048723,
        0.00020405159834040908,
        0.00019308560987388895,
        0.0001726003387476131,
        0.00018696929771067528,
        0.00015609762171310437,
        0.0001489808861298185,
        0.00014566290697049137,
        0.000157935791382621,
        0.00016006997935591997,
        0.00014277126332514148,
        0.00014486716030562177,
        0.00014281978871784484,
        0.0001397834550433049,
        0.00015467297288148505,
        0.00013304702512532054,
        0.00014724358627370856,
        0.00014507743773290932,
        0.00014136603842369785,
        0.00013312595346326122,
        0.00013450390851312317
    ],
    "test_metrics_scaled": {
        "MAE": 0.017489153546709102,
        "MSE": 0.0005772868930503189,
        "MdAE": 0.01278904639184475,
        "Pred(50)": 0.4812433011789925
    },
    "test_metrics_real": {
        "MAE": 0.20986984256050922,
        "MSE": 0.08312931259924593,
        "MdAE": 0.153468556702137,
        "Pred(50)": 0.4812433011789925
    }
}