{
    "run_id": 5,
    "seed": 46,
    "elapsed_sec": 329.64254808425903,
    "best_val_mse": 0.00042306069143970704,
    "epochs_trained": 56,
    "train_loss_history": [
        0.0015507497164914017,
        0.001305710051888845,
        0.0011017922834817956,
        0.0010086973668091417,
        0.0009155636738509393,
        0.0008852110247320716,
        0.0007974167063826156,
        0.0007615123682913499,
        0.0007204222563996155,
        0.0006956837822029851,
        0.0006686583255711747,
        0.0006669366742713273,
        0.0006142720044150146,
        0.0005975355127578185,
        0.0005985571170324539,
        0.000561687835943303,
        0.0005559133349398556,
        0.0005356444112648636,
        0.0005096784460061157,
        0.0005045003407327673,
        0.0004909676097629831,
        0.00046826867655334734,
        0.0004492009427160251,
        0.00045010673678916644,
        0.00042415623225104736,
        0.00041673347708925387,
        0.0004114356058907058,
        0.00039339391802537937,
        0.0003751716914197651,
        0.00037208533371947276,
        0.00037062069808407134,
        0.00035769422749964226,
        0.0003529700709527548,
        0.00033609629592989986,
        0.000335927521845358,
        0.00032524372292851026,
        0.0003093044678787823,
        0.0003133965816557879,
        0.00030768258891935386,
        0.00030293802305670015,
        0.0002713586849198404,
        0.0002693803139089524,
        0.00026721169753727734,
        0.000259323525563224,
        0.00026205582483845846,
        0.00025054265625313796,
        0.0002443596322853792,
        0.00024007177260692084,
        0.00024179296149716385,
        0.00024145068628920278,
        0.00023765387238726315,
        0.00022736630136645735,
        0.00022809243580635858,
        0.0002299307158897902,
        0.00022924944720407916,
        0.00022092503255647132
    ],
    "val_mse_history": [
        0.0014778387999656506,
        0.0014136364323300448,
        0.0012684283027088465,
        0.0011787889376531492,
        0.0010473917316518313,
        0.0010221123464544811,
        0.0009217021056186904,
        0.0009253483092961046,
        0.0008450962059866115,
        0.00084174249177592,
        0.0008117737803997848,
        0.0007987309847512024,
        0.0008072940461798323,
        0.000740726925274976,
        0.0007404706371829847,
        0.0007003540861030564,
        0.0006938954008146982,
        0.0007015517280748174,
        0.0006953685423615745,
        0.0006530026886511282,
        0.0006306687769846213,
        0.0006188725892690912,
        0.000621399847295857,
        0.0005943067090424398,
        0.0006012651597166285,
        0.0005904469619793893,
        0.0005680452466244097,
        0.0005954168712082574,
        0.0005709866302871897,
        0.0005596428586495963,
        0.0006059407655652119,
        0.0005517365974946633,
        0.0005255684925532821,
        0.0005129908618469171,
        0.000535108717031989,
        0.00049142410583173,
        0.0004991516736937321,
        0.0005101055423955897,
        0.0004988815301507827,
        0.0005166458092724022,
        0.0004641675099720582,
        0.0004718859458120922,
        0.0004684946452969218,
        0.0004809219487335625,
        0.00046701415935107864,
        0.00043718604010520366,
        0.0004411565234400328,
        0.0004432882445694459,
        0.0004606913967622648,
        0.0004467505930674148,
        0.00042306069143970704,
        0.0004468490215660304,
        0.00043548656046127376,
        0.0004246554579767024,
        0.00044197313421509414,
        0.0004680182597079115
    ],
    "test_metrics_scaled": {
        "MAE": 0.02824477944183138,
        "MSE": 0.0014095827027537147,
        "MdAE": 0.02254340797662735,
        "Pred(50)": 0.19824439422909787
    },
    "test_metrics_real": {
        "MAE": 0.22595823553465105,
        "MSE": 0.09021329297623774,
        "MdAE": 0.1803472638130188,
        "Pred(50)": 0.19824439422909787
    }
}