{
    "run_id": 10,
    "seed": 51,
    "elapsed_sec": 486.5150125026703,
    "best_val_mse": 0.00039837657665669655,
    "epochs_trained": 81,
    "train_loss_history": [
        0.0015365131493768115,
        0.0012408905750137483,
        0.0011256543038249028,
        0.0010122426425024107,
        0.000936748756744476,
        0.0008622763827703526,
        0.0007944505219577542,
        0.0007569933014249392,
        0.0007341834617124589,
        0.0007053521703691283,
        0.0006614336561515781,
        0.000628234859267602,
        0.0005922789987897359,
        0.0005840087635519204,
        0.0005593180059804582,
        0.000574864346385048,
        0.0005496242858192234,
        0.0005035805125666421,
        0.0005235228793485715,
        0.0005058033671268373,
        0.0004878316352895988,
        0.0004842381374787931,
        0.0004594640062944228,
        0.00044591145071439984,
        0.0004347060524359174,
        0.00043255440318477526,
        0.0004369814653163255,
        0.00041978122909265374,
        0.00040700443715315106,
        0.00040149966592779445,
        0.0003680802206470521,
        0.00037073332854848366,
        0.00037227690937422604,
        0.00035898524108281553,
        0.00033961392833302135,
        0.000336317587391118,
        0.000338150296899441,
        0.00033194960248262136,
        0.0003285849583469252,
        0.0003136025629895525,
        0.0003083706293804617,
        0.00029582391286615015,
        0.00030170093338375935,
        0.00028506821908913,
        0.000285093088551596,
        0.0002814445936201082,
        0.0002796017588748088,
        0.0002751656629621529,
        0.0002608542222639555,
        0.0002664443368044694,
        0.00025746825924694635,
        0.00025755825214793346,
        0.0002514363444415243,
        0.00024671985227924827,
        0.0002500009807198167,
        0.00023550496234077544,
        0.00021275846525034133,
        0.00021390579559680956,
        0.00021487978758303046,
        0.0002006545368577032,
        0.00020425315005252886,
        0.00019268921558154704,
        0.00018930203634562003,
        0.00019055619787123807,
        0.00018848725944927105,
        0.00019076164540341491,
        0.00018309447454061898,
        0.0001792470777596272,
        0.00018703971211691265,
        0.00018421429503943823,
        0.0001767249732189444,
        0.00018155675699745187,
        0.00017937380416505652,
        0.00018020934177289554,
        0.00017467099266133644,
        0.0001709746165239554,
        0.00017140970465573589,
        0.00016773168459143276,
        0.00017662210398779472,
        0.0001708377474077631,
        0.00016598930430997204
    ],
    "val_mse_history": [
        0.0016233392280648401,
        0.0014837773792133505,
        0.001249058213291701,
        0.001105273295010249,
        0.0011821157140207191,
        0.0010566803618367096,
        0.0009353298779420875,
        0.0009966497790121047,
        0.0009812434347494265,
        0.0009485259075237137,
        0.0008777703937456933,
        0.0008406678481422383,
        0.0008409242013484804,
        0.0008286697886872286,
        0.0008143655833416878,
        0.0008423655572876234,
        0.0007946494796127323,
        0.0007818739669810502,
        0.0007631576495092851,
        0.0007492747901638787,
        0.0007666470107578306,
        0.0007167221377931752,
        0.0006891771716482461,
        0.0007028158201451045,
        0.0006954665349474407,
        0.0006833567204021384,
        0.0006810286475494005,
        0.0006517066326448447,
        0.0006641202307271313,
        0.0006295005717056216,
        0.0006268919491769731,
        0.0005951512065838882,
        0.0005907272590142281,
        0.0005969015545274999,
        0.0005776083039127227,
        0.0005578104184736411,
        0.0005490518215086997,
        0.0005565272846825407,
        0.000553305109214127,
        0.0005510902558213908,
        0.000541802005062385,
        0.0005238666038533625,
        0.0005463964889057622,
        0.0005231716392927752,
        0.0005271832536022096,
        0.000519040259870947,
        0.0005015809597202868,
        0.0005169512882600409,
        0.0004737237797964757,
        0.0005453636879676364,
        0.0004819855930783441,
        0.00046380423319685306,
        0.0004977675475003768,
        0.00048274144822072314,
        0.0005001277148018685,
        0.0004896905446310975,
        0.0004390706410804388,
        0.0004445763340083036,
        0.0004487402788117424,
        0.00045161580601625823,
        0.000442196808912896,
        0.00043376913264866774,
        0.00045590147191827956,
        0.0004381595730273481,
        0.0004326185276715495,
        0.00043027098723791534,
        0.0004307175339162814,
        0.0004344613752785206,
        0.00042679626935009427,
        0.00042800039822454844,
        0.0004106777978908094,
        0.0004118044232764662,
        0.0004180472205383485,
        0.00041810466058809684,
        0.00041819669428149874,
        0.00039837657665669655,
        0.00041925631067100716,
        0.0004133301870151635,
        0.00042932306253444573,
        0.00043059281946367637,
        0.00043443790489134515
    ],
    "test_metrics_scaled": {
        "MAE": 0.031501724823308354,
        "MSE": 0.0017916768648052047,
        "MdAE": 0.024475017562508583,
        "Pred(50)": 0.1898975872244402
    },
    "test_metrics_real": {
        "MAE": 0.25201379858646683,
        "MSE": 0.1146673193475331,
        "MdAE": 0.19580014050006866,
        "Pred(50)": 0.1898975872244402
    }
}