{
    "run_id": 3,
    "seed": 44,
    "elapsed_sec": 294.05051445961,
    "best_val_mse": 0.0005603054390052966,
    "epochs_trained": 49,
    "train_loss_history": [
        0.0016392327045047608,
        0.0013100428723287463,
        0.001167249064448314,
        0.0010529897854844182,
        0.0009309354662553616,
        0.0008730699924528476,
        0.0007971711338177557,
        0.000776978868625041,
        0.0007177550649564517,
        0.0007044029314688247,
        0.0006633326142917596,
        0.0006285577517241779,
        0.0006063556493647507,
        0.0005789795606525379,
        0.0005617322140728663,
        0.000560281747342455,
        0.0005073912927936793,
        0.0004916271190641534,
        0.0004900993562765315,
        0.0004849404521059784,
        0.0004733323183053902,
        0.0004725427121440206,
        0.0004586439534595181,
        0.000430578473361062,
        0.00044201052599850013,
        0.0004165202474551303,
        0.0004127314118542065,
        0.00041231378869844394,
        0.0004069088715301692,
        0.0003966193739420544,
        0.00039268722846827584,
        0.00038835625243288966,
        0.0003834920527745118,
        0.0003694533077731122,
        0.0003784727181769803,
        0.00036468926269854387,
        0.000357027420391923,
        0.000339215777090239,
        0.0003327684331299296,
        0.0003390572162319777,
        0.0003315475376458428,
        0.0003270235164669238,
        0.000335513807611661,
        0.00032096917935919725,
        0.000311646971752596,
        0.0003183011874352815,
        0.00030977645934878015,
        0.00031328374811556914,
        0.00030464102372398455
    ],
    "val_mse_history": [
        0.0015387854984664098,
        0.0013286377771084001,
        0.001163746069628681,
        0.0011243478978023656,
        0.0010063578963492635,
        0.0010038300923727243,
        0.0009088060714872909,
        0.0008767624002326424,
        0.000838939354767483,
        0.0008411411851474574,
        0.0008364134269681898,
        0.0007336108809689001,
        0.000776638817744438,
        0.0007612603052826329,
        0.0007486961885326401,
        0.0007459037054388735,
        0.000706432436543977,
        0.000718603236240499,
        0.0006833335768598822,
        0.0006692856611644521,
        0.0006550137705036489,
        0.000676339739600065,
        0.0006780499070751987,
        0.0006192858522499117,
        0.0006746969660501259,
        0.000614365509888795,
        0.000667815895378221,
        0.0006678796264201247,
        0.0006703842901498826,
        0.0006046008505256097,
        0.0006011929232747997,
        0.0006077566484339107,
        0.000590756865131151,
        0.0006208671872873578,
        0.0006097874050916416,
        0.000634801389727874,
        0.0006143978750125159,
        0.0005899910318483214,
        0.0005839294708906873,
        0.0005808372839689776,
        0.0006018860917588023,
        0.0005777080418047131,
        0.0006019130257015318,
        0.0005603054390052966,
        0.0005647850507716176,
        0.0005898397436332312,
        0.0005910499139733365,
        0.0005992283590138556,
        0.000584821850556772
    ],
    "test_metrics_scaled": {
        "MAE": 0.026026722928371635,
        "MSE": 0.0012296122668957253,
        "MdAE": 0.01998181641101837,
        "Pred(50)": 0.21561306009030914
    },
    "test_metrics_real": {
        "MAE": 0.20821378342697308,
        "MSE": 0.07869518508132642,
        "MdAE": 0.15985453128814697,
        "Pred(50)": 0.21561306009030914
    }
}