{
    "run_id": 8,
    "seed": 49,
    "elapsed_sec": 280.01373267173767,
    "best_val_mse": 0.0004691499462197672,
    "epochs_trained": 47,
    "train_loss_history": [
        0.0019138291790027563,
        0.0014123165517996408,
        0.0012461992397660843,
        0.0011542391113758448,
        0.0010445948901829788,
        0.0009619174589093554,
        0.0008994291880777669,
        0.0008513524359678789,
        0.0008217182000647115,
        0.000742934116202186,
        0.0007345508386865013,
        0.0006836073676650382,
        0.0006986202466329192,
        0.000636061928167979,
        0.0006383691727617253,
        0.0006068116233769902,
        0.0006119790438003148,
        0.0005860854709412945,
        0.0005530502124192456,
        0.0005471713947267027,
        0.0005316146835340126,
        0.000507017476501412,
        0.0004981871842277255,
        0.0004930924275265026,
        0.00046883064337108454,
        0.0004379879276779033,
        0.0004338581497358973,
        0.00042766493187197115,
        0.0004107350730536334,
        0.000406190246187754,
        0.0003940326725205523,
        0.0003943598763936806,
        0.00038623738976017004,
        0.0003730007388501116,
        0.0003689927574075562,
        0.0003559119461849485,
        0.00035798464017333523,
        0.0003577327659638142,
        0.00034627987143482497,
        0.00034597575173488863,
        0.00034309111107799447,
        0.00033656530091895164,
        0.0003328734999721698,
        0.00033114546762015763,
        0.0003344875745096942,
        0.00033112580852550884,
        0.00031715533504546713
    ],
    "val_mse_history": [
        0.0013309751718304035,
        0.0011654665261172149,
        0.001091990206901898,
        0.0009174457056906908,
        0.0009510453784490297,
        0.0008076273209282426,
        0.0007861674744243169,
        0.000784603649891133,
        0.0007025653797117191,
        0.0008512384280766377,
        0.0006622605700223386,
        0.0007066017732902485,
        0.000649026145045318,
        0.0006611942627700568,
        0.0006585307165455142,
        0.0006284488288527243,
        0.0006078314234971938,
        0.000614712219830699,
        0.000613234137543367,
        0.0005624811411348047,
        0.0005406536338116098,
        0.0005468723223141449,
        0.0005921774034546858,
        0.0005425438525714314,
        0.0005553491694029229,
        0.0005164030912468409,
        0.0005315756800975979,
        0.000508922970336171,
        0.0005229627020965661,
        0.0004909478748287323,
        0.000510319530895766,
        0.0005085795267227182,
        0.0004918855364803611,
        0.0005053868684229815,
        0.0004875970988030208,
        0.0004838303584582318,
        0.000479643091386952,
        0.0004964988084260676,
        0.0005068416232663313,
        0.0004868962540905782,
        0.0004737337750316425,
        0.0004691499462197672,
        0.00047247126469106835,
        0.0004720710112896516,
        0.00047794131369271266,
        0.00047768263196548206,
        0.00047533575662727463
    ],
    "test_metrics_scaled": {
        "MAE": 0.0253780240189433,
        "MSE": 0.001251682249879855,
        "MdAE": 0.01852564327418804,
        "Pred(50)": 0.2461162506545645
    },
    "test_metrics_real": {
        "MAE": 0.2030241921515464,
        "MSE": 0.08010766399231072,
        "MdAE": 0.14820514619350433,
        "Pred(50)": 0.2461162506545645
    }
}