{
    "run_id": 4,
    "seed": 45,
    "elapsed_sec": 221.51489639282227,
    "best_val_mse": 0.0006098300269014181,
    "epochs_trained": 37,
    "train_loss_history": [
        0.0014965555527918408,
        0.0013134638069497765,
        0.0011420746433845794,
        0.0010219048265418295,
        0.0009183034476346189,
        0.0008532079534779768,
        0.0008095042708967077,
        0.0007599752147660566,
        0.0007318265671040679,
        0.0007101854234382412,
        0.0006431386041999519,
        0.0006294490761884892,
        0.0006233570569632943,
        0.000603462127772601,
        0.0005804839148875449,
        0.0005637114135070557,
        0.0005313036941075361,
        0.0005557254813825956,
        0.0005257795108761791,
        0.0004996461095058629,
        0.000510396716220528,
        0.00047928552977330246,
        0.0004409529207795889,
        0.0004411610720394253,
        0.0004332275839394577,
        0.00041530660947548885,
        0.0004151013698470993,
        0.00042441612477935113,
        0.00040551197214307123,
        0.0004100712088295136,
        0.00038310396321800284,
        0.00037236441077096203,
        0.0003716109929672185,
        0.0003723749974769338,
        0.0003802646274964086,
        0.00036247785698211184,
        0.00034141051481990296
    ],
    "val_mse_history": [
        0.0014553048683081022,
        0.0014314346241881381,
        0.0012312900464962816,
        0.0011700158279561903,
        0.00114609754509761,
        0.0009706583724293511,
        0.0009256318907696003,
        0.000882839121929596,
        0.0008916661112666583,
        0.0007912225005044061,
        0.0007917143381238156,
        0.0007832933905649795,
        0.0007269386747581963,
        0.0007294278433960236,
        0.0007231076919581454,
        0.0006961236241921598,
        0.000684159714900772,
        0.0006792127717850149,
        0.0007231540576274669,
        0.0007580019216182222,
        0.0007320826693089,
        0.0007280504594125094,
        0.0006495430282353257,
        0.0007410223836454483,
        0.0006479873410554025,
        0.0006363911494088327,
        0.0007016932655235007,
        0.0006937110359915964,
        0.0006364762500399223,
        0.0007116426656269487,
        0.0006193041146689514,
        0.0006098300269014181,
        0.0006215815109195092,
        0.0006181311243746263,
        0.0006982158715215813,
        0.0006171461930150939,
        0.0006998718694020347
    ],
    "test_metrics_scaled": {
        "MAE": 0.02309458565501415,
        "MSE": 0.0009638725757329888,
        "MdAE": 0.01761055737733841,
        "Pred(50)": 0.24991304347826088
    },
    "test_metrics_real": {
        "MAE": 0.1847566852401132,
        "MSE": 0.06168784484691128,
        "MdAE": 0.14088445901870728,
        "Pred(50)": 0.24991304347826088
    }
}