{
    "run_id": 9,
    "seed": 50,
    "elapsed_sec": 327.72761034965515,
    "best_val_mse": 0.0005707513948131436,
    "epochs_trained": 54,
    "train_loss_history": [
        0.0015429803243023343,
        0.0012565992518648273,
        0.0011448855421890346,
        0.0010217479963543347,
        0.0009389604861108206,
        0.0008639855421872772,
        0.0007946184668789532,
        0.0007427256788325489,
        0.0007214297869320848,
        0.000686117766052025,
        0.0006432454349200462,
        0.0006390823808128756,
        0.0005983597849799001,
        0.0005659046422021531,
        0.0005815587799722715,
        0.0005449045704881428,
        0.000521160748991717,
        0.000520033038728319,
        0.00048581239151596826,
        0.0004901560580975983,
        0.00045963310307438646,
        0.0004617210044441316,
        0.00044954920164232853,
        0.00043067602619741686,
        0.0004139273304061039,
        0.0003935557085586831,
        0.00039294068567342997,
        0.0003776516792851525,
        0.00037331818148614776,
        0.0003544668151516817,
        0.00035745477543394757,
        0.0003448442745799471,
        0.000339280664264056,
        0.0003435327416465091,
        0.00032843464462386785,
        0.0003224405204099113,
        0.0003143320917613317,
        0.0003046791901703584,
        0.0003023118238793119,
        0.00029647904076371466,
        0.00028614545591201595,
        0.00025459145265861147,
        0.000255298350016107,
        0.00026300650601019456,
        0.000244958774513323,
        0.000242569592937798,
        0.00025261878713105323,
        0.0002360477111683155,
        0.00022970266087022059,
        0.00022189697281694526,
        0.00023339403038335148,
        0.00022390081881224576,
        0.00022202140086703462,
        0.00022311740775445574
    ],
    "val_mse_history": [
        0.001743607117270338,
        0.0014048192754458064,
        0.0012604156932256607,
        0.0011542551594805489,
        0.0011796501290440233,
        0.0010315620407741668,
        0.001028621330489961,
        0.0009736869226604675,
        0.0009440105121981244,
        0.0009310301892007496,
        0.0009140641126431085,
        0.0009015023031339317,
        0.0008144406961536678,
        0.0008495655060570151,
        0.0008543865945145078,
        0.000856071385340088,
        0.0008086931007571412,
        0.000836883176339285,
        0.0007662200136285345,
        0.0007546689969127052,
        0.0008148634818844458,
        0.0007674511657009326,
        0.0007321229910260844,
        0.000737723751287361,
        0.0007544985445193455,
        0.0007142617912462711,
        0.0007192599266684182,
        0.0007112758429216783,
        0.0007039905913097217,
        0.0006898161987282596,
        0.0007092104594114509,
        0.0006725532242103313,
        0.0006553946772490688,
        0.0006838610730895411,
        0.000696313736282842,
        0.0006712222431007108,
        0.0006341574139240965,
        0.0006495074787391779,
        0.0006905252118876605,
        0.0006398133663563463,
        0.0006470527084703062,
        0.0006223902109996803,
        0.0005979277788487787,
        0.0006311993632485158,
        0.0006196016724997455,
        0.0006063805555286953,
        0.0006052018125352844,
        0.0005803158201049651,
        0.0005707513948131436,
        0.0005787891337938713,
        0.0005945320266448282,
        0.0005810423707078917,
        0.0005949707558253139,
        0.0005746656245885707
    ],
    "test_metrics_scaled": {
        "MAE": 0.025351744411502015,
        "MSE": 0.0011584875481142464,
        "MdAE": 0.018998531624674797,
        "Pred(50)": 0.22729251937646958
    },
    "test_metrics_real": {
        "MAE": 0.20281395529201612,
        "MSE": 0.07414320307931177,
        "MdAE": 0.15198825299739838,
        "Pred(50)": 0.22729251937646958
    }
}