{
    "run_id": 2,
    "seed": 43,
    "elapsed_sec": 234.51138544082642,
    "best_val_mse": 0.0004955342486064541,
    "epochs_trained": 39,
    "train_loss_history": [
        0.001540258534200563,
        0.0012822338604938093,
        0.001121367901593514,
        0.0010375632513942516,
        0.0009342000473521981,
        0.0008639399932757155,
        0.0008455129801108054,
        0.0007834210397758349,
        0.0007369843033072692,
        0.0007070984245288664,
        0.0006665296355755632,
        0.0006520307951704078,
        0.0006264133249083227,
        0.0006192006459471151,
        0.0005903850625231587,
        0.0005640275326483167,
        0.000564487714105589,
        0.0005362985239538064,
        0.0005266764465666615,
        0.0004905296857855558,
        0.0004956900613653583,
        0.0004898039621222875,
        0.00047007763646481754,
        0.00044955037430458776,
        0.00045083633814532444,
        0.0004457461784553935,
        0.0004314640585863871,
        0.00042974799553408764,
        0.00042607937017333155,
        0.00041095990989656697,
        0.00036877018068480537,
        0.00035265381024912227,
        0.00034946230462848784,
        0.00033626985241617626,
        0.0003382871949447451,
        0.000338403597538433,
        0.00033591739258937244,
        0.00031783590661354155,
        0.0003067699395586188
    ],
    "val_mse_history": [
        0.0016128892247320075,
        0.0014450507494795175,
        0.0012093166038619006,
        0.0011374183176559934,
        0.0010884964784153672,
        0.000984931859688979,
        0.000925687996179658,
        0.0008596142281211709,
        0.0008339786180269883,
        0.0008541290200144296,
        0.0007760835805752841,
        0.0007975604829002283,
        0.0007372453693325984,
        0.0007255160301779588,
        0.000753539477510932,
        0.0007155344842362182,
        0.0007037298917370242,
        0.0006448806450804188,
        0.0006752059088204262,
        0.000638076385597555,
        0.0006445432547044369,
        0.0006547411207081087,
        0.0006195568754803675,
        0.0005834558890675571,
        0.0005908852350312634,
        0.0005586396931330553,
        0.0005639175573067394,
        0.0006045599398536932,
        0.00057561132819486,
        0.0005660209266710731,
        0.0005209446868407803,
        0.0005117864695581886,
        0.0005149964721049625,
        0.0004955342486064541,
        0.0005202326862986895,
        0.000513126293087232,
        0.0005104541377740856,
        0.0004962971144962009,
        0.0005039405255025207
    ],
    "test_metrics_scaled": {
        "MAE": 0.024566182632056698,
        "MSE": 0.0010654389332420777,
        "MdAE": 0.019597383216023445,
        "Pred(50)": 0.23268577402212737
    },
    "test_metrics_real": {
        "MAE": 0.19652946105645358,
        "MSE": 0.06818809172749297,
        "MdAE": 0.15677906572818756,
        "Pred(50)": 0.23268577402212737
    }
}