{
    "run_id": 1,
    "seed": 42,
    "elapsed_sec": 241.86743545532227,
    "best_val_mse": 0.0005987032864854399,
    "epochs_trained": 40,
    "train_loss_history": [
        0.001511566147122434,
        0.001301079208091036,
        0.0011265030708263542,
        0.001031093683919416,
        0.0009245123626246105,
        0.0008904410957965362,
        0.0008154068022160669,
        0.000765950248686223,
        0.000715724708061316,
        0.00068097834209766,
        0.000659997278821002,
        0.0006249153267670313,
        0.0006154747262170483,
        0.0005975422575839299,
        0.0005626738276068385,
        0.0005371603936988609,
        0.0005382984196981661,
        0.0005141481415423761,
        0.0005015165814773738,
        0.0004927322558586112,
        0.0004598319295282157,
        0.00045112527781288676,
        0.00045234172926843474,
        0.00039734237089616823,
        0.0003866586771580746,
        0.00039251297857749467,
        0.00038386171177224145,
        0.000367677162171994,
        0.00036482282654775954,
        0.00036119921557799803,
        0.000352424544467603,
        0.00035167001369891776,
        0.00033380928527644994,
        0.00033377595555832254,
        0.00033125807441760307,
        0.00031956598949507584,
        0.00031296218694000055,
        0.00031661276683735194,
        0.0003081988958499431,
        0.00029272296697998077
    ],
    "val_mse_history": [
        0.0015705376339564402,
        0.0013502736752156904,
        0.0011967640853477613,
        0.0010144799737767188,
        0.000981597721506636,
        0.0009855764024150743,
        0.0009258257651349678,
        0.0008595562643143058,
        0.0008693170572348652,
        0.0008402707228532027,
        0.0007884992465151729,
        0.0007979867552330915,
        0.0007574077558782977,
        0.0007879600609005769,
        0.0007291458010379457,
        0.0007459915270182461,
        0.0007257310359635615,
        0.0006994370593330693,
        0.0006589723755355836,
        0.0006936424638451806,
        0.000668547799509624,
        0.0006817406682880372,
        0.0006867911611391979,
        0.0006546007621533952,
        0.0006697596224030661,
        0.0006412744890748361,
        0.0006446442896639181,
        0.0006610514253270404,
        0.0006347080428311173,
        0.0006253275972135866,
        0.0006412269095647582,
        0.0006289742142242373,
        0.0006204810326245758,
        0.0006413504495639797,
        0.0005987032864854399,
        0.0006300919386045011,
        0.000617507374742104,
        0.000615137372506533,
        0.0006122584121970674,
        0.0006234450602438266
    ],
    "test_metrics_scaled": {
        "MAE": 0.023332785137351566,
        "MSE": 0.0010627623679821622,
        "MdAE": 0.016977183520793915,
        "Pred(50)": 0.2689068333767474
    },
    "test_metrics_real": {
        "MAE": 0.18666228109881253,
        "MSE": 0.06801679155085838,
        "MdAE": 0.13581746816635132,
        "Pred(50)": 0.2689068333767474
    }
}