{
    "run_id": 6,
    "seed": 47,
    "elapsed_sec": 305.94729924201965,
    "best_val_mse": 0.0003915679358453008,
    "epochs_trained": 53,
    "train_loss_history": [
        0.0020961764620350504,
        0.0014498132475694691,
        0.0013095006400736134,
        0.0011474408073148593,
        0.0010277237507436536,
        0.0009726794094833741,
        0.0008771109234581481,
        0.0008319800136355059,
        0.0008118419547061326,
        0.0007611161809989808,
        0.0007492912707292769,
        0.0006919712089840782,
        0.0006869647820808735,
        0.0006738365675463636,
        0.000656787466129907,
        0.000609094099751306,
        0.0005893622399066532,
        0.0005808025179124487,
        0.0005620351004759677,
        0.0005332185038174717,
        0.0005354722876750441,
        0.0005025278327651138,
        0.000506877717037385,
        0.0004925886667785419,
        0.00047728919825251644,
        0.00047905904745053514,
        0.00044305999415021353,
        0.00043996919973946397,
        0.0004309449366643859,
        0.00042480919217938976,
        0.00040904035465006783,
        0.00040855875214650664,
        0.0003959713585209101,
        0.00038570189160772744,
        0.0003725033831544447,
        0.0003703998272536218,
        0.0003776514311347886,
        0.0003372476021286275,
        0.0003315933119005135,
        0.00032080153909957613,
        0.00031645077675708115,
        0.0003058927895759361,
        0.0003110192689296367,
        0.00030018679392397694,
        0.00030233902378121885,
        0.000301458103965974,
        0.00029879482435142947,
        0.0002898036642057521,
        0.00028311067987823134,
        0.0002835248043687132,
        0.00028124878915389815,
        0.0002742600512714202,
        0.00026110953559940465
    ],
    "val_mse_history": [
        0.0011095102309659052,
        0.0009566939284312228,
        0.0009453399773761131,
        0.0008492086986885265,
        0.0007740706397908941,
        0.000772417530123744,
        0.0007433458447357142,
        0.0006751349845909193,
        0.0006263182457954702,
        0.000665360770332392,
        0.0006443965724318935,
        0.0006163137351902656,
        0.0006293714088165197,
        0.000573559800672084,
        0.0006298132785506103,
        0.0005725388117418729,
        0.0005906066665720714,
        0.0005381065693596964,
        0.0005930689925371915,
        0.0005534427221118468,
        0.0005226321072704554,
        0.0004856545703117475,
        0.0005094164475085177,
        0.0005012326326175509,
        0.000469263284027045,
        0.0004768867926353187,
        0.0005119003169503595,
        0.0005027198082756535,
        0.0004670309940757018,
        0.00048596926256291504,
        0.000457706162630084,
        0.00045919170562604025,
        0.0004353171392568049,
        0.0004680061490207509,
        0.00043667814540782686,
        0.0004502808953557784,
        0.00047689704013670613,
        0.00041716492302443144,
        0.0004054814407774566,
        0.00040826115610856616,
        0.00041285275529867393,
        0.00042555023259397464,
        0.00040447746372869985,
        0.00041633065508109,
        0.0004101616351577504,
        0.00039517749415407115,
        0.00040497684470449177,
        0.0003915679358453008,
        0.0004078675629047177,
        0.00039891286556401534,
        0.0003953456690914885,
        0.0004003088578291917,
        0.00039589161175741
    ],
    "test_metrics_scaled": {
        "MAE": 0.028526381576005434,
        "MSE": 0.0015320303318940983,
        "MdAE": 0.021260522305965424,
        "Pred(50)": 0.2048780487804878
    },
    "test_metrics_real": {
        "MAE": 0.22821105260804347,
        "MSE": 0.0980499412412223,
        "MdAE": 0.1700841784477234,
        "Pred(50)": 0.2048780487804878
    }
}