{
    "run_id": 7,
    "seed": 48,
    "elapsed_sec": 272.3748149871826,
    "best_val_mse": 0.0005445047346894728,
    "epochs_trained": 46,
    "train_loss_history": [
        0.0018626836660979806,
        0.0013764461894568644,
        0.001180976597449779,
        0.0010630172265212567,
        0.0010285895688828437,
        0.0009060572784227062,
        0.0008747862938923247,
        0.000834278091725106,
        0.0007554021945696532,
        0.000730360239663002,
        0.0007296032378355066,
        0.0006689855258369598,
        0.0006538151924542035,
        0.0006090460796373296,
        0.0006063250840854476,
        0.0005982463330215787,
        0.0005583172200701818,
        0.0005581526720973335,
        0.0005350294751865715,
        0.0005161110752554745,
        0.0005074876968099392,
        0.0004932471757753151,
        0.00047777980353873176,
        0.0004728018627831357,
        0.00045084024207378543,
        0.0004474007168028038,
        0.0004249795014143992,
        0.0004346604530923957,
        0.0004098707392576647,
        0.0003969933885099109,
        0.00039223916952132163,
        0.00038985447666690514,
        0.0003710516971075681,
        0.0003823144759620558,
        0.0003733795841579099,
        0.00035797858560009013,
        0.00035350587672981326,
        0.00034752153726578015,
        0.0003369073757934721,
        0.00030420085382885237,
        0.0002980858870145503,
        0.00030837619810259446,
        0.0002983748382537574,
        0.0002897195545196346,
        0.00028593828039447545,
        0.00028409298611605714
    ],
    "val_mse_history": [
        0.0015506468348563428,
        0.0013572725206277632,
        0.001308461367140055,
        0.0012520725423055294,
        0.0011269052500549653,
        0.0010048341836255738,
        0.0010250004096314517,
        0.0009627276690619993,
        0.0009201199568191332,
        0.0008732626535681179,
        0.0008680667554232025,
        0.0008904403184970237,
        0.0008922530659262838,
        0.0008134723421763887,
        0.000801850359491164,
        0.0008053414609680187,
        0.0007728396708724072,
        0.0007634833309112212,
        0.0007577227166577704,
        0.0007153165812497514,
        0.0007056054847419552,
        0.0006891182707878591,
        0.0007185791215897029,
        0.0007417254455654917,
        0.0007088090898646446,
        0.0006646070172908893,
        0.0006796382942811028,
        0.000688231275310419,
        0.0007016721491254497,
        0.000624628714096867,
        0.000646034264840587,
        0.00061862517080636,
        0.0006677400281789074,
        0.0006287899764884374,
        0.0005856563605730957,
        0.000608294197787835,
        0.0005993051028930783,
        0.0005919945316824244,
        0.0005983256613813009,
        0.0005774688900018589,
        0.0005445047346894728,
        0.0005514985274881439,
        0.0005556683386961678,
        0.0005636240613601204,
        0.0005506005690246098,
        0.0005556827552764819
    ],
    "test_metrics_scaled": {
        "MAE": 0.025724003582176514,
        "MSE": 0.0012188635567030562,
        "MdAE": 0.01947913132607937,
        "Pred(50)": 0.21960308518935784
    },
    "test_metrics_real": {
        "MAE": 0.2057920286574121,
        "MSE": 0.0780072676289956,
        "MdAE": 0.15583305060863495,
        "Pred(50)": 0.21960308518935784
    }
}