{
    "run_id": 8,
    "seed": 49,
    "elapsed_sec": 182.3009672164917,
    "best_val_mse": 0.00042914026765102217,
    "epochs_trained": 43,
    "train_loss_history": [
        0.0015980461993102388,
        0.0012661603483870394,
        0.0012529635972174098,
        0.0011231878120339348,
        0.0010483517748825538,
        0.00101317327462521,
        0.0009350685670200535,
        0.0009053982998270809,
        0.0008494699486780613,
        0.000807559706631009,
        0.0007816071531110841,
        0.000780577053763365,
        0.0007245831426878307,
        0.0007114671871589383,
        0.0006943040942756102,
        0.0006924742572873073,
        0.0006724376552340187,
        0.000652181006838632,
        0.0006185157408096652,
        0.0006162519138065957,
        0.0006273231475090081,
        0.000591526727379152,
        0.0005845175338474683,
        0.0005774093453325579,
        0.0005640234461429339,
        0.0005583962299630501,
        0.0005681997877182505,
        0.0005424756711450153,
        0.0005337779515400866,
        0.0005073733188989992,
        0.0005162771406285727,
        0.0005110987827037043,
        0.0005030947258749045,
        0.00047317371980269815,
        0.00046958342565131734,
        0.00047555006831064353,
        0.00047431258975430974,
        0.0004727738121828572,
        0.00042828596902139094,
        0.0004399798274386114,
        0.000420245900881844,
        0.0004451190805415709,
        0.00040393779568517833
    ],
    "val_mse_history": [
        0.001041188097735769,
        0.0010603823708582442,
        0.0010049592220166244,
        0.0009024785948269836,
        0.0009452915422145196,
        0.0008636812037338722,
        0.0007097821571194181,
        0.0008300867776461264,
        0.0006684368256021335,
        0.000691246051473393,
        0.0007174347824241778,
        0.0006499366640931156,
        0.0006659370145744902,
        0.0006238445353671276,
        0.0005937181870673314,
        0.0006189475217233839,
        0.0005911915526116851,
        0.0005856340120810661,
        0.0005776034101350374,
        0.0005525508867272669,
        0.0005651413443475725,
        0.0005309695947885492,
        0.0005497914019232363,
        0.0005455644238506947,
        0.0005111824525763667,
        0.0005100754456622554,
        0.0005402186364428162,
        0.0005313226776909666,
        0.0005059202137837597,
        0.0004756971288706411,
        0.0004852300888227435,
        0.0004722862516559407,
        0.0004917903094653657,
        0.0004738313836997209,
        0.0004677051038695341,
        0.0004668513143243434,
        0.0004544777638044674,
        0.00042914026765102217,
        0.000468958227497967,
        0.00043636993045874275,
        0.0004361092670493681,
        0.0004389975960665102,
        0.0004367854670506228
    ],
    "test_metrics_scaled": {
        "MAE": 0.031105965729494683,
        "MSE": 0.0018607646116352889,
        "MdAE": 0.022057846188545227,
        "Pred(50)": 0.3258570697595088
    },
    "test_metrics_real": {
        "MAE": 0.6532252803193883,
        "MSE": 0.8205971937311624,
        "MdAE": 0.46321476995944977,
        "Pred(50)": 0.3258570697595088
    }
}