{
    "run_id": 1,
    "seed": 42,
    "elapsed_sec": 354.59411787986755,
    "best_val_mse": 0.00039168911878524387,
    "epochs_trained": 86,
    "train_loss_history": [
        0.001507427264232105,
        0.0012520235027688761,
        0.0011478142164018667,
        0.0011120044671521607,
        0.000993432501257976,
        0.0009174195685254806,
        0.0009179236080613431,
        0.0008797485329354493,
        0.0008497439889621046,
        0.0008259021398905789,
        0.000767359435065353,
        0.0007431619828519038,
        0.0007329413700247867,
        0.0006749633005531463,
        0.0006766868435254557,
        0.0006704722299513609,
        0.0006634925555438048,
        0.0006265831066927983,
        0.0006338467496343778,
        0.0005870191031505324,
        0.0006126677802131004,
        0.0005769025947745073,
        0.0005811338244703706,
        0.0005621452973973208,
        0.0005552478721583497,
        0.0005353315964446754,
        0.0005212794779751093,
        0.0005346241210138614,
        0.0005286056259395917,
        0.0004962468726937253,
        0.0004933107300443828,
        0.0004830214448998323,
        0.0004927119797836989,
        0.0004768792365143388,
        0.00045724384884516546,
        0.00046487490479312247,
        0.00044342287618341484,
        0.00046369682569784423,
        0.0004494204825169699,
        0.00045068736638338816,
        0.00044287016839595174,
        0.0004260084130714513,
        0.000432633414891662,
        0.0004228007675606311,
        0.0004234151430012738,
        0.0004099382907797217,
        0.0004169648752736602,
        0.0004088024806408018,
        0.00041550440211832694,
        0.0004137922740620401,
        0.0003836149997506131,
        0.00038935633825276704,
        0.0003741204074724878,
        0.00037256537168798995,
        0.00036305959534065345,
        0.00034742834192200383,
        0.0003441385730592085,
        0.0003426717659917258,
        0.00035322837106439544,
        0.0003373978172284439,
        0.0003278934011964679,
        0.0003236805634301456,
        0.00032926148911393497,
        0.0003083286731254303,
        0.0003175130895314834,
        0.0003094744256412746,
        0.0003158468377047918,
        0.0003018490370754382,
        0.0003095703187892478,
        0.00030424545681556674,
        0.0003095665426873051,
        0.00030119166784879734,
        0.0003099985533986241,
        0.00029823865715711024,
        0.00029770328561166964,
        0.000298733797947164,
        0.0003084471586973165,
        0.0003004351508857452,
        0.0002939182171774346,
        0.00029763029151643513,
        0.000289011672080701,
        0.00029672638053089296,
        0.00029708697937428095,
        0.00028925691381959557,
        0.000283564229308699,
        0.00029332941735954487
    ],
    "val_mse_history": [
        0.001136518030874031,
        0.0009993091745645023,
        0.0009676859629475755,
        0.0009426908326450728,
        0.0008944432573069854,
        0.0007896310210406642,
        0.0008116610457474362,
        0.0008019097628866583,
        0.0007120857189300136,
        0.0007347770973312064,
        0.0006703018871872394,
        0.0006706946638518744,
        0.0006765270838085887,
        0.0006492475401405307,
        0.0006405495926256333,
        0.0006269188674800351,
        0.0006177341240355845,
        0.00059163062519175,
        0.0006120942024519827,
        0.0005847007013272829,
        0.0005942114220905205,
        0.0005588567486342463,
        0.0005680857734667881,
        0.0005761094610630316,
        0.0005397841010751887,
        0.0005675449310905112,
        0.000528919869047728,
        0.0005580842331661504,
        0.0005200498812994455,
        0.0005386171229179039,
        0.0005080176841067458,
        0.0005239709753536784,
        0.00051218875430405,
        0.0005057489004548555,
        0.0004925442588703901,
        0.0005037866694138919,
        0.0004998896323893868,
        0.000501171327456299,
        0.0004742592431352898,
        0.00048624506597543833,
        0.0004656464144564848,
        0.00048053861996674843,
        0.00046527872178679815,
        0.00047083344385104835,
        0.0004658096419253624,
        0.0004568512687962529,
        0.00046168416667968944,
        0.00046148979129507844,
        0.0004834294149791753,
        0.00045486891778969904,
        0.00044144588525365803,
        0.00046917569236150613,
        0.0004498036472044735,
        0.0004457528032880454,
        0.00044549813481774503,
        0.00041685783727677935,
        0.000424242142979118,
        0.0004180953406804527,
        0.00042515240760533684,
        0.00040945265521566626,
        0.00041266606751049666,
        0.0004122731378532231,
        0.0004176549049828669,
        0.00042240748880432213,
        0.0004059040151132577,
        0.0004115265898739534,
        0.00040044019894253753,
        0.0004118209858032584,
        0.0004056892817565521,
        0.00041251143855021915,
        0.00041362376295451235,
        0.0003996451869652665,
        0.00040258663326893444,
        0.0003965188363598741,
        0.00039598933704923023,
        0.0004043834012099344,
        0.00041126440194779064,
        0.00041117927763529677,
        0.00039331631603414547,
        0.0004087554735360522,
        0.00039168911878524387,
        0.00039230485707422334,
        0.00040123988156037733,
        0.00039357172702427157,
        0.0004002819981724831,
        0.0004082897801252937
    ],
    "test_metrics_scaled": {
        "MAE": 0.03188760834146422,
        "MSE": 0.0019472550203709586,
        "MdAE": 0.022906839847564697,
        "Pred(50)": 0.31712707182320443
    },
    "test_metrics_real": {
        "MAE": 0.6696397751707487,
        "MSE": 0.8587394639835927,
        "MdAE": 0.48104363679885864,
        "Pred(50)": 0.31712707182320443
    }
}