{
    "run_id": 5,
    "seed": 46,
    "elapsed_sec": 142.3396716117859,
    "best_val_mse": 0.0005803860707299849,
    "epochs_trained": 34,
    "train_loss_history": [
        0.0015931602913600666,
        0.0012792402789079753,
        0.0011483936361659215,
        0.0010584790482398732,
        0.0009918571560175238,
        0.000914844627467249,
        0.0008682305656653166,
        0.0008269744807840391,
        0.0008186598568298852,
        0.000784856545324394,
        0.0007602339361992425,
        0.000705761230121726,
        0.0007125821945956281,
        0.0006754081062417454,
        0.0006554688503802303,
        0.0006530659460010019,
        0.0006508019393877361,
        0.0006052301331853941,
        0.0006015234183228705,
        0.0005916696356994506,
        0.0005869029279152969,
        0.0005616882722181448,
        0.000564361745222463,
        0.0005451622285474562,
        0.0005210002876261015,
        0.000501731792284497,
        0.0005146062012318856,
        0.0004761212815396376,
        0.0004912360678619473,
        0.0004867349766886086,
        0.00048757759897106215,
        0.0004736358032664838,
        0.00046243721614918644,
        0.00047039912158513327
    ],
    "val_mse_history": [
        0.0012175166726250178,
        0.001304502222180122,
        0.0011121555293394443,
        0.0010262881335693177,
        0.0008922433983653109,
        0.0009130481433761049,
        0.0009737448190181407,
        0.0009005139910963665,
        0.0008544459925421287,
        0.0007706424167337829,
        0.0008295371955819617,
        0.0007903289593754755,
        0.0008021192152650077,
        0.000737288945686081,
        0.0007100354054273699,
        0.0006976548450917672,
        0.0006531170511990471,
        0.0007096028987772126,
        0.0006528863219469834,
        0.0006588109976202777,
        0.0006479062546567559,
        0.0006958453461961002,
        0.0007037329764250616,
        0.0006685740184786046,
        0.0006937177646304117,
        0.0006247129005515725,
        0.0006250614856342209,
        0.0005933524322207147,
        0.0005803860707299849,
        0.0006060236456064818,
        0.0006164711427878637,
        0.0006069123370123328,
        0.0005882642629198361,
        0.000603779914866214
    ],
    "test_metrics_scaled": {
        "MAE": 0.03249576293567138,
        "MSE": 0.0020561744729304574,
        "MdAE": 0.023628734052181244,
        "Pred(50)": 0.3083905998133537
    },
    "test_metrics_real": {
        "MAE": 0.682411021649099,
        "MSE": 0.9067729425623318,
        "MdAE": 0.4962034150958061,
        "Pred(50)": 0.3083905998133537
    }
}