{
    "run_id": 7,
    "seed": 48,
    "elapsed_sec": 46.081902503967285,
    "best_val_mse": 0.0009469261766970252,
    "epochs_trained": 11,
    "train_loss_history": [
        0.0016129034591633878,
        0.0012395076683307208,
        0.0011703271511907083,
        0.0010391590642335633,
        0.0009827297529824467,
        0.0009148720570080041,
        0.0008945997882026225,
        0.0008269807227057304,
        0.0008138595342006404,
        0.0007684686972149596,
        0.0007513033516804804
    ],
    "val_mse_history": [
        0.0013702186504800761,
        0.0012787783853369242,
        0.0012809632658025997,
        0.0010212321944261026,
        0.0010172286584790382,
        0.0009469261766970252,
        0.0009794834842705733,
        0.0009666291822132198,
        0.0010433051828906282,
        0.0009762008044203171,
        0.0009628328227418219
    ],
    "test_metrics_scaled": {
        "MAE": 0.028206913127039348,
        "MSE": 0.0015541814911577707,
        "MdAE": 0.020466530695557594,
        "Pred(50)": 0.3757950979560682
    },
    "test_metrics_real": {
        "MAE": 0.5923451756678263,
        "MSE": 0.6853940376005768,
        "MdAE": 0.4297971446067095,
        "Pred(50)": 0.3757950979560682
    }
}