{
    "run_id": 3,
    "seed": 44,
    "elapsed_sec": 201.85586547851562,
    "best_val_mse": 0.0005211219320264618,
    "epochs_trained": 48,
    "train_loss_history": [
        0.0017436551467214032,
        0.0013039536913991025,
        0.0012032728171182286,
        0.0011298844782824187,
        0.0010178664298329284,
        0.0009434226591318649,
        0.0009106166304061748,
        0.0008707341857784076,
        0.0008315152399980542,
        0.000808720484338541,
        0.0008032513540007629,
        0.0007544009794295773,
        0.0007493378735051552,
        0.0006919471043323773,
        0.0006848572500186302,
        0.0006788093967069395,
        0.0006434089496170782,
        0.0006334692281923031,
        0.0006227253095261548,
        0.0005941198260183921,
        0.0006056385429484657,
        0.0006009077029378334,
        0.0005530035229890983,
        0.0005688674871753311,
        0.0005718592057976355,
        0.0005608850689396624,
        0.0005419726288365054,
        0.0005105334737447071,
        0.0005080080594381866,
        0.0004927384516098581,
        0.0005008684736206492,
        0.00045607397162646736,
        0.000476818262522144,
        0.00045337459203003403,
        0.0004739923693522403,
        0.00047007490812113614,
        0.0004486595604942252,
        0.0004592581768756483,
        0.0004394257787843958,
        0.00042943686065586645,
        0.00043352679545311657,
        0.0004383487106204721,
        0.00042916833710465046,
        0.00042107876308555733,
        0.0004186334505948991,
        0.0004071585800108711,
        0.00040724612908760323,
        0.00040318427887310886
    ],
    "val_mse_history": [
        0.0012267164806869161,
        0.0010923279725739128,
        0.0009405594831452911,
        0.0009113753065421873,
        0.0009625188537588112,
        0.0008762641135363805,
        0.0009040037079209916,
        0.0008484435831135566,
        0.0008018283476198321,
        0.0007384324109291595,
        0.0007039590039250452,
        0.0007040679844229309,
        0.0006762598645883235,
        0.0006967532673937918,
        0.0006706951608346325,
        0.0006547836256403472,
        0.0006830137073801247,
        0.00064736865786141,
        0.0006579476516900135,
        0.0006361096645622628,
        0.0006248124489802425,
        0.0006285394471755261,
        0.0006167886477038568,
        0.000621514250162124,
        0.0005823146829580924,
        0.000626454264182446,
        0.0006198154047591766,
        0.0006007572351154097,
        0.0005980457466903913,
        0.0005604567543464532,
        0.0005579681584024843,
        0.0005756373817114179,
        0.0005614616926182534,
        0.000547822634383663,
        0.0005833736789892705,
        0.0005777361834357825,
        0.0005572067316118249,
        0.0005260532820625823,
        0.0005381801954511381,
        0.0005571528545713397,
        0.0005501381926759708,
        0.0005459054870082321,
        0.0005211219320264618,
        0.0005389719612114873,
        0.0005442723027832625,
        0.0005527780881923877,
        0.0005487826864293188,
        0.0005489810099274109
    ],
    "test_metrics_scaled": {
        "MAE": 0.03076491290118957,
        "MSE": 0.0018134573057411614,
        "MdAE": 0.021841850131750107,
        "Pred(50)": 0.34703274215552526
    },
    "test_metrics_real": {
        "MAE": 0.646063170924981,
        "MSE": 0.7997346718318522,
        "MdAE": 0.45867885276675224,
        "Pred(50)": 0.34703274215552526
    }
}