{
    "run_id": 9,
    "seed": 50,
    "elapsed_sec": 241.7422435283661,
    "best_val_mse": 0.0005110037339249742,
    "epochs_trained": 57,
    "train_loss_history": [
        0.001939940742888298,
        0.0013355975644103464,
        0.0010972160543613926,
        0.0010938388696087647,
        0.0009768622203362263,
        0.0009493974059711749,
        0.0009149590081203169,
        0.0008964271378415457,
        0.0008438022063004164,
        0.0007781983607333929,
        0.000773325184626609,
        0.0007374151077004654,
        0.0007232974689391059,
        0.0007247378130357348,
        0.0006698462578043801,
        0.000676921084671998,
        0.0006702574053018184,
        0.0006391917446248994,
        0.0006368621559199374,
        0.0006022855555572657,
        0.0005932474808545066,
        0.0005812688241544285,
        0.0005902511689628479,
        0.0005618903446390403,
        0.0005628590519261963,
        0.0005475850636512267,
        0.0005228408850534657,
        0.0005192772332692203,
        0.0005148728221678278,
        0.0005130142285187751,
        0.0004967392555337605,
        0.0005065890291140635,
        0.000512434516127063,
        0.0004938880066978,
        0.00048378921763782035,
        0.0004781887822569307,
        0.000472297423864339,
        0.00047297702050308216,
        0.00044851858267433637,
        0.0004686155265538263,
        0.0004562860928423137,
        0.00045776261146801865,
        0.00044632639514251,
        0.0004589672218405854,
        0.00043197483838393574,
        0.00043448591020770296,
        0.00044252295075325324,
        0.000448135075909088,
        0.00043111887461364776,
        0.00042512690284227035,
        0.0004238697328823715,
        0.00041388022116776573,
        0.0004202194723255265,
        0.00040360862015529866,
        0.00042780696368880115,
        0.00040384102146028233,
        0.00039113563374577664
    ],
    "val_mse_history": [
        0.0013930950725344587,
        0.0011315253277036814,
        0.0011742494724266055,
        0.0011694215332552864,
        0.0009629753055588275,
        0.0010456777555225565,
        0.0010028458814826402,
        0.0009341507728890997,
        0.0008931958954064849,
        0.0009114732554040101,
        0.0008720339231560129,
        0.0008110648178076542,
        0.0007842797925103671,
        0.0007231364556091051,
        0.0008050553987110404,
        0.000720968625090555,
        0.0007187538755111052,
        0.0007348920231841011,
        0.0007300137338610061,
        0.0006755536296559761,
        0.0007410085111229677,
        0.0006309979864260233,
        0.0006464708475861768,
        0.000661393185737826,
        0.0006559079284499715,
        0.0006595791368366538,
        0.0006281033708267041,
        0.0006221656479929732,
        0.0006197123496559468,
        0.0005872495166909423,
        0.0006324844207801076,
        0.0006281732575734316,
        0.00059745005582487,
        0.0005806441717069748,
        0.0005960679902796824,
        0.0005792620067530629,
        0.0005871203522118015,
        0.0005995994712237866,
        0.0006097839707915934,
        0.0005686402661562084,
        0.0005728051836454126,
        0.0005867627773542357,
        0.0005785616756413817,
        0.0005355320477383269,
        0.0005691093540770749,
        0.0005491347734126703,
        0.0005193478378712038,
        0.0005685324723910352,
        0.0005647509856536256,
        0.000580363656449508,
        0.0005882361374576884,
        0.0005110037339249742,
        0.0005692031952197038,
        0.0005431798660581706,
        0.0005469906834059213,
        0.0005457804335953746,
        0.0005383154877128172
    ],
    "test_metrics_scaled": {
        "MAE": 0.030355163229483437,
        "MSE": 0.0017806554371277217,
        "MdAE": 0.02214004658162594,
        "Pred(50)": 0.35339112697603264
    },
    "test_metrics_real": {
        "MAE": 0.6374584278191522,
        "MSE": 0.7852690477733253,
        "MdAE": 0.4649409782141447,
        "Pred(50)": 0.35339112697603264
    }
}