{
    "run_id": 2,
    "seed": 43,
    "elapsed_sec": 135.93820476531982,
    "best_val_mse": 0.0006294511880974931,
    "epochs_trained": 32,
    "train_loss_history": [
        0.0015168233846851262,
        0.0011890324305069064,
        0.001133466363694579,
        0.0010426775623643646,
        0.000947480515535492,
        0.0009114977975562313,
        0.0008319889995176601,
        0.0007950113284352322,
        0.0007738715901179404,
        0.0007185260241511325,
        0.000735827830200155,
        0.0006918855009679432,
        0.000676478300039752,
        0.0006486593620524497,
        0.0006424134877857389,
        0.0006445101732018129,
        0.0006247092970878071,
        0.0005902682820937666,
        0.0005940773316264539,
        0.0005568732034810691,
        0.0005552877888564975,
        0.0005505463228471767,
        0.0005182235373601723,
        0.0005060834394219008,
        0.0004984473663448032,
        0.000500507672790351,
        0.0005008357600100091,
        0.0004891268400651439,
        0.00047755169379785586,
        0.0004759028627118669,
        0.000474187240274981,
        0.0004635662102213238
    ],
    "val_mse_history": [
        0.001488620989474304,
        0.0012577982990435322,
        0.0012328997972866618,
        0.0011833992980014934,
        0.0010404248664078579,
        0.001001977406464542,
        0.0010423144985103464,
        0.0009697417869448683,
        0.0009080533965173448,
        0.0009279216630994534,
        0.0008723099765515647,
        0.0008815274441898932,
        0.0007799086116153362,
        0.0008367686754354186,
        0.000778076591602663,
        0.0007628600718145908,
        0.0008085778902127796,
        0.0007171886030445077,
        0.0008287748570187791,
        0.0007410394605076389,
        0.0008011889773601586,
        0.0007317131876563996,
        0.0006753221077720129,
        0.0007532528588649805,
        0.0007247909093894009,
        0.0006562461100885491,
        0.0006294511880974931,
        0.000723957470475006,
        0.0006866142782857584,
        0.0006449968000468712,
        0.0006836592082115639,
        0.000679032210061117
    ],
    "test_metrics_scaled": {
        "MAE": 0.030046726229886436,
        "MSE": 0.0018369965382980026,
        "MdAE": 0.020933426916599274,
        "Pred(50)": 0.3474025974025974
    },
    "test_metrics_real": {
        "MAE": 0.6309812508276151,
        "MSE": 0.8101154733894191,
        "MdAE": 0.43960196524858475,
        "Pred(50)": 0.3474025974025974
    }
}