{
    "run_id": 10,
    "seed": 51,
    "elapsed_sec": 211.5449960231781,
    "best_val_mse": 0.0005570002049094838,
    "epochs_trained": 50,
    "train_loss_history": [
        0.0015797664770491094,
        0.001282229230209941,
        0.0011957552525385723,
        0.0010603443037046447,
        0.001025675984263001,
        0.0009295979483030098,
        0.0008862917783416807,
        0.0008324577205185632,
        0.000799728427952366,
        0.0007792352362635265,
        0.0007570176275460488,
        0.0007128916191288389,
        0.0007086213096872031,
        0.0006776300934508496,
        0.0006383251725598639,
        0.0006254325023690808,
        0.0006114277314314094,
        0.0005859744116849655,
        0.0005902651285145057,
        0.0005563805261324519,
        0.0005448077484142398,
        0.0005286795899497051,
        0.0005346890114188768,
        0.0005177461609025786,
        0.0005199885503980318,
        0.0004960891307501945,
        0.00048604943939817497,
        0.0004927994494480606,
        0.0004780015249797071,
        0.0004548527027507502,
        0.0004662612029794026,
        0.0004476869324063775,
        0.00044567814791618556,
        0.00043064516842692557,
        0.0004231929616649092,
        0.0004168277433776557,
        0.00042168247896720476,
        0.0004266333326534008,
        0.00038277843149939385,
        0.00038332023879680745,
        0.0003744040923623175,
        0.0003644267559899199,
        0.0003676367510633399,
        0.0003699561624053886,
        0.00035830106782340954,
        0.0003523188760472294,
        0.00034544085774627356,
        0.0003584565829056095,
        0.0003564700880695449,
        0.0003416273179258074
    ],
    "val_mse_history": [
        0.0015040843147792336,
        0.0012517214678678817,
        0.00122304119419591,
        0.0010716416378612945,
        0.0010411488471749298,
        0.001011914473914709,
        0.0009813066323751279,
        0.00097623083468476,
        0.0008704900467713261,
        0.0008939551664822652,
        0.0009039682625177533,
        0.0008146777814197607,
        0.000784957506697681,
        0.0008120348906089375,
        0.0007799980982805757,
        0.0007857321916550908,
        0.0007589252198386715,
        0.0006991960190175821,
        0.0007676811301171692,
        0.0006690558064874496,
        0.0006573492143228796,
        0.00067813143949278,
        0.0007306131428662538,
        0.0006844354341531851,
        0.0006549801361552137,
        0.00063749960652014,
        0.0006722851224574916,
        0.0006949065417159954,
        0.0006244501994648924,
        0.0007368187815667853,
        0.0006516443754008686,
        0.0007283532880124715,
        0.0006225742570519193,
        0.0006059529443974177,
        0.0006534893749301939,
        0.0006565355679718575,
        0.0006142499924577422,
        0.0006156631755069971,
        0.0005797948299952561,
        0.0005799114800439949,
        0.0006453909991397138,
        0.0006212183246648962,
        0.0005687943093942845,
        0.000588045115942833,
        0.0005570002049094838,
        0.0006072462909336402,
        0.0005677723857387738,
        0.0005584669063350415,
        0.0006159497315383492,
        0.0005768869338875886
    ],
    "test_metrics_scaled": {
        "MAE": 0.030926648709136174,
        "MSE": 0.0018378274889137558,
        "MdAE": 0.02235160954296589,
        "Pred(50)": 0.33489162770930725
    },
    "test_metrics_real": {
        "MAE": 0.6494596228918597,
        "MSE": 0.8104819226109663,
        "MdAE": 0.46938380040228367,
        "Pred(50)": 0.33489162770930725
    }
}