{
    "run_id": 6,
    "seed": 47,
    "elapsed_sec": 206.23638033866882,
    "best_val_mse": 0.0007029009318626755,
    "epochs_trained": 49,
    "train_loss_history": [
        0.0014332209891916997,
        0.0012539695626062964,
        0.0011227874609160823,
        0.0010253175460645842,
        0.00095273961099158,
        0.0009070979095678013,
        0.000840055628455674,
        0.00080454599641157,
        0.0007787910013316863,
        0.0007569588725608476,
        0.0007239541962273302,
        0.0006891002308872392,
        0.0006762638059889135,
        0.0006474488605992268,
        0.0006322989112450655,
        0.0006031672079248895,
        0.0005863199934587536,
        0.0005762699329886067,
        0.0005942560729422255,
        0.0005502265135024099,
        0.0005503404991651209,
        0.000542522332613946,
        0.0005380359260324844,
        0.000551480720015083,
        0.0004894442653941843,
        0.0005020583616265794,
        0.0005061112911454275,
        0.000481681892086585,
        0.0004801190663070243,
        0.00047445203565067067,
        0.00046598375211976594,
        0.00047185905314661475,
        0.0004485737634034834,
        0.0004326047860070566,
        0.00042730146523482207,
        0.00045561235363149343,
        0.00042114374377876543,
        0.0004075988341382376,
        0.00040708826179483516,
        0.0004152223494499002,
        0.000398411069501524,
        0.00037900700744283796,
        0.0003728271429027991,
        0.0003640253669351794,
        0.0003619352474419717,
        0.000362829796827512,
        0.00035511933696390425,
        0.00037333809362648864,
        0.00033329394948118413
    ],
    "val_mse_history": [
        0.0015466538453084728,
        0.0014324463476633857,
        0.001393234900527887,
        0.0012793537679072296,
        0.0012188317541767548,
        0.001233344611830097,
        0.0011345765184820032,
        0.0011320415937433803,
        0.0011125705687130409,
        0.0010489952024035723,
        0.0010764011302860329,
        0.0010367949343711813,
        0.0009857108131273498,
        0.0009597824331434444,
        0.0009666141777968856,
        0.0009423131686480175,
        0.0009563078307520729,
        0.0009053512980049562,
        0.0008955724902973322,
        0.000908378053798963,
        0.0008845490900662235,
        0.0008857590814984479,
        0.000856715656603944,
        0.0008712789339302087,
        0.0008210895267188418,
        0.0008697644440374919,
        0.0008390249002041384,
        0.0008143351724759234,
        0.0008171657469938287,
        0.0008594584845058003,
        0.0008398931472097368,
        0.0007840227456981415,
        0.0007827180882305148,
        0.0007780690086628413,
        0.0008607231098954611,
        0.0008129708479009623,
        0.0007643058751309684,
        0.0007825149381648544,
        0.0008055165057043465,
        0.0007756686072255505,
        0.0007885635577825257,
        0.0007443787304056259,
        0.0007619072768822673,
        0.0007029009318626755,
        0.0007673135761780287,
        0.0007512604720438881,
        0.0007408525002500225,
        0.0007554535297966254,
        0.0007149359595941959
    ],
    "test_metrics_scaled": {
        "MAE": 0.03058910962298348,
        "MSE": 0.0018124640181562818,
        "MdAE": 0.02228141948580742,
        "Pred(50)": 0.33196546122937504
    },
    "test_metrics_real": {
        "MAE": 0.6423713020826531,
        "MSE": 0.7992966320069202,
        "MdAE": 0.4679098092019558,
        "Pred(50)": 0.33196546122937504
    }
}