{
    "run_id": 4,
    "seed": 45,
    "elapsed_sec": 167.91224718093872,
    "best_val_mse": 0.0006325099217335012,
    "epochs_trained": 40,
    "train_loss_history": [
        0.0017958679517829008,
        0.0012921242216619225,
        0.0011752482122345132,
        0.0010864036506279533,
        0.0009902004156988103,
        0.0009429398805920887,
        0.0008781300564299898,
        0.0008297920420296252,
        0.0007973830557972629,
        0.0007543715828113846,
        0.000739004588689665,
        0.0007508527889599771,
        0.0007327606449700537,
        0.000699187882483775,
        0.0006679507133570395,
        0.0006471924131671579,
        0.0006318178460637199,
        0.0006119206571707,
        0.000602945704618969,
        0.0006008297324134653,
        0.0005898101797846267,
        0.0005586114168516116,
        0.0005612545308789536,
        0.0005439806095201394,
        0.0005106123810857792,
        0.000534524123737935,
        0.0004924086411145134,
        0.0005024481440996512,
        0.0004966004346074749,
        0.00048323390369019257,
        0.00048332079760200633,
        0.0004746057956558371,
        0.00046617380374775884,
        0.000473885519789822,
        0.00045681422525967316,
        0.00045790493975080574,
        0.0004546414155849,
        0.00043404100017447765,
        0.00044595021762392845,
        0.00045163933582934577
    ],
    "val_mse_history": [
        0.0013327850343513516,
        0.0012875893112740437,
        0.00115274719684608,
        0.0011734810694965076,
        0.0010379126469626002,
        0.0009669176274317271,
        0.0010298981389865814,
        0.0009241603936616643,
        0.0008821037931136188,
        0.0008836601037291007,
        0.0008825161892075369,
        0.0008496066974297676,
        0.0007801239500291656,
        0.0007639364310267177,
        0.0008326062392483395,
        0.0008027828755647929,
        0.0007649311456801943,
        0.0007550305793280358,
        0.0008020117646234638,
        0.0007060982504763383,
        0.0007391127204533734,
        0.0007088784525491002,
        0.000717932277592723,
        0.000760789257317597,
        0.0006638090029729807,
        0.0007170081067793112,
        0.0007212608443887851,
        0.0006928627534468115,
        0.000660988988132449,
        0.000717925099593288,
        0.0006330296791908891,
        0.0006552641369922278,
        0.0006991048509610675,
        0.0007067940203150045,
        0.0006325099217335012,
        0.0006805904944734328,
        0.000674058729894539,
        0.0006832207946146205,
        0.0006590723414904453,
        0.0006807119883490521
    ],
    "test_metrics_scaled": {
        "MAE": 0.02936466442851459,
        "MSE": 0.0016487963687558933,
        "MdAE": 0.021471768617630005,
        "Pred(50)": 0.35052163502650935
    },
    "test_metrics_real": {
        "MAE": 0.6166579529988064,
        "MSE": 0.727119198621349,
        "MdAE": 0.4509071409702301,
        "Pred(50)": 0.35052163502650935
    }
}