{
    "run_id": 1,
    "seed": 42,
    "elapsed_sec": 15.075728178024292,
    "best_val_mse": 0.0012977384712188665,
    "epochs_trained": 58,
    "train_loss_history": [
        0.02370073708506035,
        0.019589297130836972,
        0.01672210395336151,
        0.015295950326669428,
        0.014094158042488354,
        0.012853774767635124,
        0.011590109534362064,
        0.010691466591587024,
        0.009286747433777366,
        0.00812387173064053,
        0.007236091629602015,
        0.006515651238649818,
        0.005624484063342347,
        0.004897662148245477,
        0.004251314148340108,
        0.0038503188448625486,
        0.0032425028367600007,
        0.002998470265551337,
        0.0026110161515784315,
        0.0023217156099105654,
        0.0021034420193505607,
        0.0018137241015210748,
        0.0016616784379168946,
        0.0014752297579044742,
        0.0013241085375609275,
        0.001229838501915635,
        0.0009746764955967332,
        0.0008494637561463086,
        0.0007818472743175725,
        0.0008121603831698718,
        0.0006699731370255384,
        0.000590014218635458,
        0.0004996914589745367,
        0.0005480043574217624,
        0.0004543370032479288,
        0.00038122997718476525,
        0.00038313437481909724,
        0.0003463561034680294,
        0.00038919878191206536,
        0.000269644563923066,
        0.0002635120072357365,
        0.0002717827874221257,
        0.00023855602103139972,
        0.00023792535776010482,
        0.0001915504073102576,
        0.000179989216069641,
        0.0001913033846774072,
        0.00011980386733349796,
        0.00012411521905895435,
        0.00013115606795963686,
        0.00011098944728473725,
        9.985207360451958e-05,
        0.00010376061936767655,
        0.00010344109281114859,
        9.964051934210666e-05,
        0.00010303555348920262,
        9.550314519271654e-05,
        8.616292454917129e-05
    ],
    "val_mse_history": [
        0.01903636876104501,
        0.0175746675547145,
        0.015070372121228425,
        0.014527563490582941,
        0.01314811428021008,
        0.012463756542721886,
        0.011175808612572098,
        0.01028212469901334,
        0.009665681591921911,
        0.008618842158839622,
        0.008091801365691964,
        0.00828820577144124,
        0.007256080243307593,
        0.006611840805629792,
        0.005865695827076474,
        0.005571063371475794,
        0.00530022121882127,
        0.004828411578454795,
        0.004800886781037749,
        0.003956717778826497,
        0.0036780301411885137,
        0.0033411213097409975,
        0.003566728770941406,
        0.003447917230473135,
        0.003167081917625867,
        0.003012069297096097,
        0.002686024454876919,
        0.002741218101790846,
        0.002364429207835196,
        0.0023477369846252832,
        0.0022891910159214845,
        0.0021816828334473635,
        0.0020603221908218686,
        0.0020775078283338513,
        0.0019363040509212176,
        0.001922490366246603,
        0.0018316686490416883,
        0.001743440426236056,
        0.0015588213623154241,
        0.0016851201211828093,
        0.0016627854779163746,
        0.0016877241655938076,
        0.0014907697810177456,
        0.001594917148553827,
        0.0016518362997971691,
        0.001534314070106341,
        0.00150091387868978,
        0.001423940652327117,
        0.0014225671193198951,
        0.0013574564010898772,
        0.001506694169478665,
        0.0014153173994971016,
        0.0012977384712188665,
        0.0013048130076120453,
        0.001443893976159015,
        0.0014080834199531095,
        0.0014281433677741926,
        0.0014120464002319736
    ],
    "test_metrics_scaled": {
        "MAE": 0.10904977561602759,
        "MSE": 0.020598006637877888,
        "MdAE": 0.08270871639251709,
        "Pred(50)": 0.36046511627906974
    },
    "test_metrics_real": {
        "MAE": 1.3085973073923312,
        "MSE": 2.966112955854416,
        "MdAE": 0.9925045967102051,
        "Pred(50)": 0.36046511627906974
    }
}