{
    "run_id": 4,
    "seed": 45,
    "elapsed_sec": 14.167688131332397,
    "best_val_mse": 0.0022232639591701336,
    "epochs_trained": 53,
    "train_loss_history": [
        0.021418456876251313,
        0.018225985183380543,
        0.016187747710916613,
        0.014029132262138384,
        0.012536712107248604,
        0.011034566729462573,
        0.009859193216211029,
        0.008447217512210566,
        0.007489785972783076,
        0.0064778378416251925,
        0.0054982739193032365,
        0.004650793740958241,
        0.00398979595795806,
        0.003492467339050823,
        0.002919510079248409,
        0.002522230924556165,
        0.002134746308937403,
        0.0019306091121896836,
        0.0015864680797676555,
        0.001404585963921688,
        0.0011484180949212584,
        0.0010705416619852517,
        0.0009672302341121915,
        0.00081100629800598,
        0.0007166213464058404,
        0.0006612472542786105,
        0.0005836983959722732,
        0.0005141739432604352,
        0.0004981130497201645,
        0.00040504616424316605,
        0.0003611644193110156,
        0.0003647251445727306,
        0.0002904643128853682,
        0.00026274380556320204,
        0.00024245790249811502,
        0.00024127529530752715,
        0.0002131127481724044,
        0.00020118182468909903,
        0.0001909046609008718,
        0.00016540087612416495,
        0.000154636146271514,
        0.00014585065064238735,
        0.00014444247000418338,
        0.00015034351602350528,
        0.00011033401391874317,
        0.00011933848862619406,
        0.00011732589561818583,
        0.00010632549196348659,
        6.679110646083635e-05,
        8.069476506794412e-05,
        9.248170686727722e-05,
        0.00011460250720379658,
        5.6003466940118026e-05
    ],
    "val_mse_history": [
        0.017696957069565228,
        0.015223585995406099,
        0.013013220471837651,
        0.012310671253763747,
        0.011408096060197008,
        0.010723677103376822,
        0.010045391027205584,
        0.008911278418176948,
        0.007951858785226426,
        0.0076673029265281745,
        0.00667077667052178,
        0.006089078790311185,
        0.005553508430636746,
        0.005401413277499166,
        0.00500218203538309,
        0.00447096754602784,
        0.0041013673649735955,
        0.004108667019907231,
        0.003748602319064279,
        0.003698300686125097,
        0.0033790166893888757,
        0.00334696371064148,
        0.0031867231296595832,
        0.003181840479077563,
        0.0031493265372129152,
        0.002997564371266648,
        0.002904496516385575,
        0.0028106693248852706,
        0.0029219937091844042,
        0.002753892263269999,
        0.002866149366355106,
        0.0026583437089056266,
        0.0026909731545218377,
        0.0027746049746641735,
        0.002625084183391771,
        0.0026476606996182397,
        0.0025325567440677987,
        0.002493222401820691,
        0.002511883695959773,
        0.0024660947121515637,
        0.002489355233638521,
        0.0025274473325033785,
        0.0024310467189963296,
        0.0023379233594498765,
        0.0024557692243600856,
        0.0023343695698590816,
        0.0024035761292863075,
        0.0022232639591701336,
        0.0023046613732980673,
        0.0022275042374486657,
        0.0023856784809826886,
        0.0023838757060342,
        0.0023955869322012137
    ],
    "test_metrics_scaled": {
        "MAE": 0.12956847395333979,
        "MSE": 0.030449582854468853,
        "MdAE": 0.09987934678792953,
        "Pred(50)": 0.35802469135802467
    },
    "test_metrics_real": {
        "MAE": 1.5548216874400773,
        "MSE": 4.384739931043515,
        "MdAE": 1.1985521614551544,
        "Pred(50)": 0.35802469135802467
    }
}