{
    "run_id": 10,
    "seed": 51,
    "elapsed_sec": 12.303481101989746,
    "best_val_mse": 0.0028328350374599645,
    "epochs_trained": 47,
    "train_loss_history": [
        0.03407097731583885,
        0.020051953066805645,
        0.016924882234473314,
        0.01536342468046184,
        0.01438531810085156,
        0.013086972314132644,
        0.012157208582253328,
        0.01116762754640409,
        0.010067519043306154,
        0.00927381746005267,
        0.008441566482984594,
        0.007261130376718938,
        0.006330368822507028,
        0.0056721699656918645,
        0.004938442574348301,
        0.004355627562368422,
        0.004026821083971299,
        0.0034134997503965027,
        0.003011241919427578,
        0.002785291094499241,
        0.0023747537264301043,
        0.0022986028240536273,
        0.0019640792112373415,
        0.001750580774907056,
        0.0016143963641038032,
        0.0015354450565480094,
        0.001297782704101077,
        0.0011719574491767812,
        0.0011140968726457295,
        0.0010270837943867914,
        0.0010105562930610697,
        0.000861215502560039,
        0.0008179192982165009,
        0.0007752528844970843,
        0.0006266735297685954,
        0.0005636676332609827,
        0.0005434439838219468,
        0.0005077615605322145,
        0.0005041858740566698,
        0.0004615845575244748,
        0.00040887161591984165,
        0.0003815832696740732,
        0.0003402647342746994,
        0.00032469805095648296,
        0.0002918893048575098,
        0.00026690547699347787,
        0.0002829973797945838
    ],
    "val_mse_history": [
        0.022872897929506055,
        0.018806823792791742,
        0.016426050219897587,
        0.015543477844662139,
        0.01484900256963798,
        0.013684276139731616,
        0.013266461830347681,
        0.012450346934764772,
        0.011648618117350634,
        0.01085682050115313,
        0.00999097876800337,
        0.008828341644318961,
        0.008283461139806237,
        0.007847406480694765,
        0.007545409272744668,
        0.007144185989236348,
        0.006668383730628812,
        0.006290217165930306,
        0.005696807208190766,
        0.005457251884387213,
        0.0054040284058656475,
        0.005022123734284116,
        0.004892747601619806,
        0.004465809891318222,
        0.00447059702230567,
        0.004319378084838151,
        0.00409405995117492,
        0.003935047672568763,
        0.0038582186845484887,
        0.003610626129623602,
        0.0036042034841408904,
        0.003462215721334472,
        0.003412021055477712,
        0.003633498319525448,
        0.003274858249675814,
        0.003446748543771043,
        0.0034698391917756415,
        0.0032670835805245968,
        0.0032397754066294114,
        0.003021358452600113,
        0.0031508916906270003,
        0.0028328350374599645,
        0.0031142318860551497,
        0.0028784701653472174,
        0.0029738984502096647,
        0.0029804271465382597,
        0.0028482144938646145
    ],
    "test_metrics_scaled": {
        "MAE": 0.11062809574353444,
        "MSE": 0.02279713470114518,
        "MdAE": 0.0751931220293045,
        "Pred(50)": 0.43243243243243246
    },
    "test_metrics_real": {
        "MAE": 1.3275371489224133,
        "MSE": 3.282787396964906,
        "MdAE": 0.902317464351654,
        "Pred(50)": 0.43243243243243246
    }
}