{
    "run_id": 2,
    "seed": 43,
    "elapsed_sec": 14.421841382980347,
    "best_val_mse": 0.0021469487351519715,
    "epochs_trained": 54,
    "train_loss_history": [
        0.020928497725565518,
        0.01729545708679195,
        0.01560269646413092,
        0.014119824654023562,
        0.013361233336451863,
        0.01158365307907973,
        0.010730893870017359,
        0.009522592409380845,
        0.00852661320740091,
        0.007740530649399651,
        0.006510585577260437,
        0.005809136632264459,
        0.005084638400668544,
        0.004387213073537818,
        0.0037707875728041733,
        0.0033676747577763826,
        0.0030465122333095808,
        0.002670173905789852,
        0.0023928790444707766,
        0.0020329215459891463,
        0.0017378901316468338,
        0.0015936903108792779,
        0.0013529188575505812,
        0.0012470151953623697,
        0.001127162365134739,
        0.0009817364947853743,
        0.0008572079230881562,
        0.000815150288170636,
        0.0006866264698536335,
        0.0005999608396190784,
        0.0005656383017464707,
        0.0005474251004281022,
        0.0004465138964275996,
        0.0004208605175725617,
        0.00041464180503680836,
        0.0003311252304099201,
        0.000327940935780394,
        0.000287097242029891,
        0.000283555967403767,
        0.00023831268429473442,
        0.00020318519482316334,
        0.00021935496394819763,
        0.0002060343009751315,
        0.00016142420341306465,
        0.00018206331153903323,
        0.00013972184025468388,
        0.00015831135141135226,
        0.00013716797175220564,
        0.00010654908929024844,
        0.00010799021722180311,
        8.082247443651016e-05,
        9.428163752350624e-05,
        7.939088732850256e-05,
        7.55970528384101e-05
    ],
    "val_mse_history": [
        0.019024695760374584,
        0.01795202763474877,
        0.015729581235216724,
        0.014474523728255587,
        0.013839101840602783,
        0.012621615555409235,
        0.011863054185269648,
        0.011522872821182561,
        0.010123405576738898,
        0.009525922063534835,
        0.008273304273661667,
        0.007478474820837867,
        0.0069426829756409495,
        0.006665795326790765,
        0.005971474292163857,
        0.005581467186022443,
        0.005218524302297484,
        0.004763006714900897,
        0.004457257209727143,
        0.004108111444879066,
        0.003914099202934284,
        0.003814319378168486,
        0.0035458367255045264,
        0.0033890368757883756,
        0.0032099591724467267,
        0.003177153893485928,
        0.0030157112561288698,
        0.0029108159910329356,
        0.002778300151453566,
        0.0026056583638299317,
        0.00278537748315662,
        0.002656339877989569,
        0.002630404118055514,
        0.002530994738973609,
        0.0024329123940335564,
        0.002429875395920663,
        0.0024885228560580985,
        0.002428631954966113,
        0.0024663160226613703,
        0.0023221485489197803,
        0.002390974624185099,
        0.002341265922682738,
        0.0022944553968237058,
        0.0021779300008282847,
        0.0022896880402672832,
        0.0023937262870818263,
        0.002295921609990513,
        0.0022125503258760082,
        0.0021469487351519715,
        0.0021912705328785203,
        0.0022709207257523363,
        0.0022001942519240614,
        0.0022039680680977607,
        0.002193413078998401
    ],
    "test_metrics_scaled": {
        "MAE": 0.1288621474090403,
        "MSE": 0.0291487282318232,
        "MdAE": 0.09384007751941681,
        "Pred(50)": 0.35693215339233036
    },
    "test_metrics_real": {
        "MAE": 1.5463457689084836,
        "MSE": 4.19741686538254,
        "MdAE": 1.1260809302330017,
        "Pred(50)": 0.35693215339233036
    }
}