{
    "run_id": 3,
    "seed": 44,
    "elapsed_sec": 13.917750358581543,
    "best_val_mse": 0.0024656737365601807,
    "epochs_trained": 52,
    "train_loss_history": [
        0.022962097663964544,
        0.01924830501499985,
        0.01741928629843252,
        0.015542601566163024,
        0.014143513036625727,
        0.013098085734860173,
        0.01189722651116816,
        0.011212149185926787,
        0.009819487086497247,
        0.008631969466140227,
        0.008015851185025116,
        0.007006799927746345,
        0.006475732823933608,
        0.005600454995042778,
        0.005024050240172074,
        0.004578292171936482,
        0.004021106709011032,
        0.003572953976773923,
        0.003212243118157078,
        0.0028373698803729245,
        0.002497767819191462,
        0.0022051593717021334,
        0.0019719307130019715,
        0.0017902284454196758,
        0.00163605126830849,
        0.001504706901323516,
        0.00128999152792468,
        0.001194414512948632,
        0.0011832741323035277,
        0.0009662136780597003,
        0.0009125598875211186,
        0.0008994872294611664,
        0.0008294242127573982,
        0.0007111305030515982,
        0.0006489016623423336,
        0.0005468448323102036,
        0.0005054174010313416,
        0.0004623758505268987,
        0.00045520361735335816,
        0.00040915975397573284,
        0.00037110633724556205,
        0.00031946364098465503,
        0.00032177082726515696,
        0.00025306991078650755,
        0.000279536828124297,
        0.00023577904867124743,
        0.0002662798572211094,
        0.00021847077320801743,
        0.00020912339885918689,
        0.00017794569108186157,
        0.00020314959082108025,
        0.0001548968204328308
    ],
    "val_mse_history": [
        0.02094360444227325,
        0.018475315122481413,
        0.016980125262373445,
        0.015609660201255239,
        0.014658901090476262,
        0.013626688871939022,
        0.01336771175314331,
        0.012994146422121293,
        0.01120397396080752,
        0.010847573664986324,
        0.00935077729293923,
        0.00917529403180719,
        0.007976297432804003,
        0.007817459394774648,
        0.007233047337122385,
        0.006697786957077639,
        0.006249756349294308,
        0.005877773213948535,
        0.005859450482842533,
        0.005402756772772193,
        0.005489826951510997,
        0.004913481203543305,
        0.004474548447798379,
        0.0047543122054095974,
        0.004289662071688264,
        0.0038313627110189417,
        0.004111827777559295,
        0.003874107757699706,
        0.003709802222824256,
        0.003699433653036474,
        0.0035767666694253913,
        0.0035192563778275033,
        0.0034554509751470795,
        0.00301317589573587,
        0.0034024641524908685,
        0.0030495430591835943,
        0.003085695414456529,
        0.0029806194742681407,
        0.0029953550929473585,
        0.0029409586751723417,
        0.0026797773665705217,
        0.002712871292716372,
        0.002763896322048788,
        0.0025449143917960692,
        0.0026650278910639955,
        0.0025105598790622287,
        0.0024656737365601807,
        0.002664000231790394,
        0.0026823238274750207,
        0.0025480041141388915,
        0.002564906260809739,
        0.0025918024125576263
    ],
    "test_metrics_scaled": {
        "MAE": 0.11418195826814354,
        "MSE": 0.020775943514151914,
        "MdAE": 0.09694573283195496,
        "Pred(50)": 0.3786127167630058
    },
    "test_metrics_real": {
        "MAE": 1.3701834992177224,
        "MSE": 2.9917358660378754,
        "MdAE": 1.1633487939834595,
        "Pred(50)": 0.3786127167630058
    }
}