{
    "run_id": 9,
    "seed": 50,
    "elapsed_sec": 13.799999713897705,
    "best_val_mse": 0.0019193018328439245,
    "epochs_trained": 52,
    "train_loss_history": [
        0.021223576014329282,
        0.018192769796587526,
        0.015240121464843728,
        0.013734846770031645,
        0.012543850127674108,
        0.011307036743632384,
        0.00974129779330854,
        0.008702815217631204,
        0.007720433676149696,
        0.006451643170190177,
        0.005775615710133154,
        0.005213013212778605,
        0.004549932023344029,
        0.0038690014031349815,
        0.003428585992826681,
        0.0030605959743427646,
        0.002590105784059103,
        0.0022908922999964228,
        0.002049814201641961,
        0.0018347684337641113,
        0.001665740173796491,
        0.0015340763761612054,
        0.001264885168555858,
        0.0012006262064720172,
        0.0010394183411595545,
        0.0008644740399176953,
        0.0008489655168107545,
        0.0007345657496313964,
        0.0007074929832534898,
        0.0006359087469588433,
        0.0005708788835493448,
        0.00047379626776091757,
        0.00043317408058750773,
        0.0004135607435143486,
        0.0003747747370653087,
        0.00034091870551752174,
        0.00033699926802260703,
        0.0003025775909658738,
        0.00029398768645998125,
        0.0002858154126442969,
        0.00026668038406439464,
        0.000247780596172171,
        0.0002209283070247433,
        0.0002550652876899611,
        0.0002059607291422643,
        0.000215081267288042,
        0.0001978832105123729,
        0.0002265254680813606,
        0.0002031050520275,
        0.00020158276476130206,
        0.00018980186345548386,
        0.00019313888328724714
    ],
    "val_mse_history": [
        0.021227672535275906,
        0.017931781684735443,
        0.016062308235915514,
        0.01466612597466957,
        0.013495328858678851,
        0.012796984617298163,
        0.011853271114836068,
        0.011380724143515639,
        0.009925015007607675,
        0.009176951189385277,
        0.00788548672526101,
        0.007471449042853039,
        0.006495968571027573,
        0.005786541971560204,
        0.005230901976617568,
        0.004954681099387059,
        0.004716085126010723,
        0.003994202483750957,
        0.003627895204937667,
        0.0036444263208472148,
        0.003412692907902059,
        0.0033042551991483552,
        0.0032423934071247385,
        0.002927204255738938,
        0.0028722215668860276,
        0.0028658406257941935,
        0.0025657477022827044,
        0.0023477882896277584,
        0.0024007600798291034,
        0.00260525816816974,
        0.0023778233053117106,
        0.002402208803472269,
        0.002162728329151225,
        0.0021588196317360044,
        0.0020594213148675323,
        0.0021930451930470773,
        0.0019899627499549745,
        0.0022500812520376916,
        0.0020965957273860578,
        0.002072670865785255,
        0.00208612687919295,
        0.00196344945216119,
        0.0019840019696735147,
        0.0020979860451607346,
        0.0020526061279719588,
        0.002003150156417922,
        0.0019193018328439245,
        0.002109179395164479,
        0.002072627088857476,
        0.0020069338657299645,
        0.001996118166989008,
        0.00203601541615429
    ],
    "test_metrics_scaled": {
        "MAE": 0.12595560000574385,
        "MSE": 0.02889251490250339,
        "MdAE": 0.09656613320112228,
        "Pred(50)": 0.2727272727272727
    },
    "test_metrics_real": {
        "MAE": 1.5114672000689262,
        "MSE": 4.160522145960488,
        "MdAE": 1.1587935984134674,
        "Pred(50)": 0.2727272727272727
    }
}