{
    "run_id": 6,
    "seed": 47,
    "elapsed_sec": 13.801860570907593,
    "best_val_mse": 0.0021882388834318896,
    "epochs_trained": 52,
    "train_loss_history": [
        0.03627380480590676,
        0.01998163520558072,
        0.01736265089628952,
        0.015718236284530056,
        0.01469796331033909,
        0.01367128659372351,
        0.012478734290094247,
        0.011488146903658552,
        0.009951986244414002,
        0.00913373124120491,
        0.008043791850962276,
        0.007302549642710281,
        0.006420230924517715,
        0.005531714526504012,
        0.004821960606828465,
        0.004023248834502218,
        0.0035695541209341693,
        0.0029755757423117757,
        0.002840343032065513,
        0.002584986441485983,
        0.0021545532340366794,
        0.0019240734609151592,
        0.0016574071510279153,
        0.0014146153373336087,
        0.0014441617862238282,
        0.0012257153862654897,
        0.0011327052405769272,
        0.0009654657146061904,
        0.0009130226644629147,
        0.0008321017405251041,
        0.0007564798085825584,
        0.0007027501572987863,
        0.000562856680283273,
        0.0005800494696554129,
        0.0005004123398196368,
        0.0004922606056684994,
        0.00045354689646046607,
        0.00037864969846331014,
        0.00034769090094154565,
        0.0003204741634103162,
        0.00029771320185838186,
        0.0002755727111304753,
        0.0002670124383907283,
        0.00025878552974713134,
        0.0002125855658960063,
        0.00021369356383209897,
        0.00023940120418046716,
        0.00021815911725622884,
        0.00018184559308532958,
        0.00016809238138323833,
        0.00018027701465013837,
        0.00014182209746260404
    ],
    "val_mse_history": [
        0.02389526742993594,
        0.02080802155430722,
        0.019036072015072913,
        0.017972440513402542,
        0.01680913942177565,
        0.015373255070678719,
        0.014769573060023767,
        0.014640522723871768,
        0.012137908051775436,
        0.01171386145987217,
        0.010243040274165206,
        0.009199018899296337,
        0.008133874092594839,
        0.007159875798448682,
        0.006894383267880506,
        0.0058892573500895565,
        0.005805071771307913,
        0.005105265505988132,
        0.005012110641581217,
        0.004723719474463311,
        0.004386976123906764,
        0.0041379233734164115,
        0.003868262858332793,
        0.0038431961662999023,
        0.003624785400819218,
        0.0038969227735126733,
        0.003370593582126354,
        0.0032706651981468543,
        0.0033785060571451765,
        0.0031280491346127102,
        0.003073243414064812,
        0.003175616054284669,
        0.0030283506263898167,
        0.002843843845859155,
        0.0027511359946868724,
        0.0027423911150739467,
        0.002982597039820041,
        0.002626690560997895,
        0.002647046942133086,
        0.002618639939918123,
        0.002651144258249883,
        0.002747628722151902,
        0.0026128909848203144,
        0.002599128605146765,
        0.0025075984325560914,
        0.0024581905775207745,
        0.0021882388834318896,
        0.0024133362186866546,
        0.0024234244982124196,
        0.0023953838481779537,
        0.002570275369406989,
        0.002526348846736661
    ],
    "test_metrics_scaled": {
        "MAE": 0.11875245309711317,
        "MSE": 0.02418904885970476,
        "MdAE": 0.08988174796104431,
        "Pred(50)": 0.340625
    },
    "test_metrics_real": {
        "MAE": 1.425029437165358,
        "MSE": 3.4832230357974856,
        "MdAE": 1.0785809755325317,
        "Pred(50)": 0.340625
    }
}