{
    "run_id": 5,
    "seed": 46,
    "elapsed_sec": 20.797998666763306,
    "best_val_mse": 0.0012269973930613106,
    "epochs_trained": 79,
    "train_loss_history": [
        0.022999827603676488,
        0.018305868033452757,
        0.015767704737040082,
        0.014414273069373198,
        0.013249508820341102,
        0.012401761814752327,
        0.01171475368485387,
        0.010638877608081592,
        0.009777691887159433,
        0.009039932334729071,
        0.008148565085139125,
        0.007424388539844326,
        0.006657696548583252,
        0.006341891385714657,
        0.005232801445527002,
        0.004886848164356447,
        0.004495326355182832,
        0.003914779772666017,
        0.0036517813830869274,
        0.0033783176705972956,
        0.0028632738016312943,
        0.0026580377086897248,
        0.0024069521395306635,
        0.0022037980570790493,
        0.0018156586115115456,
        0.0017461463750805706,
        0.0014999916235475602,
        0.001314439416975282,
        0.0013396844440389292,
        0.001125105434454911,
        0.0011640277965593018,
        0.0009458374458647865,
        0.0008972941080823408,
        0.0007999332412769685,
        0.0007314568378725588,
        0.0006493442830105778,
        0.0006167603662366413,
        0.0005704022503778105,
        0.0005402937626578412,
        0.0004626355230097293,
        0.00046299985577726537,
        0.0004642403532800797,
        0.0003659022831405829,
        0.0003471494725090452,
        0.00025670191545421923,
        0.0002855471205683508,
        0.0003019210668104019,
        0.0002806966014239671,
        0.00025947126814571673,
        0.00023089037886165898,
        0.00022188288174740072,
        0.00018881928049917666,
        0.00019705261552839407,
        0.00015438675945915746,
        0.00017408312089953272,
        0.0001632643594608193,
        0.00013608923726938623,
        0.0001277089702918082,
        0.00011665320038706081,
        9.816512991684638e-05,
        8.259356978084855e-05,
        8.795794832881906e-05,
        8.977657875480613e-05,
        8.889259787403197e-05,
        9.686432287838085e-05,
        8.961912234813748e-05,
        9.70202563946389e-05,
        8.93276106320887e-05,
        7.300997055088893e-05,
        7.801756690111818e-05,
        7.172556817879792e-05,
        7.748689592647549e-05,
        6.956010606050508e-05,
        5.818451317541725e-05,
        7.192196357469324e-05,
        6.377157387110596e-05,
        5.797348702409571e-05,
        5.686603431708396e-05,
        5.216456097027081e-05
    ],
    "val_mse_history": [
        0.019978622400091576,
        0.01812724986376942,
        0.016134924500383938,
        0.015070738757080076,
        0.01420815187690424,
        0.013268913610575726,
        0.012428994842996801,
        0.011635946890365045,
        0.010678241304561794,
        0.009927860922830333,
        0.009018440084797831,
        0.008541683537050418,
        0.007831757531249877,
        0.007085831534907625,
        0.006815273894277702,
        0.006284304521036782,
        0.005693448895851199,
        0.005170019651667672,
        0.0048736594063956435,
        0.004514761301193918,
        0.004248178495884198,
        0.003808552087648151,
        0.003628894048482745,
        0.0033574870521781673,
        0.003220068956037464,
        0.0030585421238297113,
        0.002813937009104802,
        0.0026669689750183382,
        0.002514217847968589,
        0.002479890901470977,
        0.0022723076508210757,
        0.002242719367497806,
        0.0021454460313410336,
        0.002153173260089171,
        0.002090374304443962,
        0.0019043117081616154,
        0.0018427600587476165,
        0.0018859946364184826,
        0.001798659489893093,
        0.0017538971448512871,
        0.0017156083685416288,
        0.0016961409093079346,
        0.0016753299069722704,
        0.0015622115773394568,
        0.001635366674890028,
        0.001591434611788759,
        0.0015258313442844005,
        0.0016215111170923314,
        0.0014837867859828976,
        0.0014620332304919647,
        0.0015939524322384757,
        0.0014144796209596684,
        0.001458218492414105,
        0.0013463732806809898,
        0.0013704716969202841,
        0.0014798132381327264,
        0.0014425006489275124,
        0.0013882980370749057,
        0.0013274385785998163,
        0.0014706994880537747,
        0.001380608819451788,
        0.0013710380540899825,
        0.001323871471209613,
        0.0013813780894368559,
        0.0013284578707150046,
        0.001397165743405764,
        0.0013168431389596479,
        0.0014290274477974428,
        0.0012893395960538521,
        0.001317204535523704,
        0.0013638114496159052,
        0.0012868672419362008,
        0.0013521616043670368,
        0.0012269973930613106,
        0.0013299028962436656,
        0.0012853597210062953,
        0.001312459565311667,
        0.0013764535222073864,
        0.0012868611126888585
    ],
    "test_metrics_scaled": {
        "MAE": 0.1259349566692161,
        "MSE": 0.027289571515632608,
        "MdAE": 0.10056181252002716,
        "Pred(50)": 0.3111111111111111
    },
    "test_metrics_real": {
        "MAE": 1.5112194800305934,
        "MSE": 3.9296982982510955,
        "MdAE": 1.206741750240326,
        "Pred(50)": 0.3111111111111111
    }
}