{
    "run_id": 8,
    "seed": 49,
    "elapsed_sec": 14.802723169326782,
    "best_val_mse": 0.0023580609927791496,
    "epochs_trained": 56,
    "train_loss_history": [
        0.03388673682431025,
        0.020560423873497973,
        0.017317620295632098,
        0.01608562669051545,
        0.015076516058096396,
        0.013637834318381335,
        0.012989814712532929,
        0.011890640748398644,
        0.010621641059073487,
        0.00946518694815625,
        0.008417962827453655,
        0.007493660885873916,
        0.006424856170113864,
        0.005620569275093398,
        0.004803000679904861,
        0.004111860181936728,
        0.0035495892096410638,
        0.0030887784906164077,
        0.002789404923428914,
        0.0024295994637733593,
        0.002196224546475735,
        0.0019222613153812875,
        0.0017308164820341128,
        0.0014790222817932122,
        0.001363279723591404,
        0.0011446547739199428,
        0.0010509990138026686,
        0.000981419698863257,
        0.0009427981840937199,
        0.0007663917620707902,
        0.0007423457532630502,
        0.0006424349612123998,
        0.0005609254357945506,
        0.0005566652464559801,
        0.0004881389892813916,
        0.0004427340568197126,
        0.00040463359637215034,
        0.0004163632711684581,
        0.00040111596117640145,
        0.0003339467409335027,
        0.0003087212767890638,
        0.00026974729270088055,
        0.00026960869301027353,
        0.00023146110977125187,
        0.0002149003853056846,
        0.00016489564315114486,
        0.00018339209668088836,
        0.00018071356250532388,
        0.0001514421473595056,
        0.00012126482943131123,
        0.00012626674205031512,
        0.00012875350384352455,
        0.00010103216543159631,
        0.0001245668567467614,
        0.00010359859458211368,
        8.66669233216401e-05
    ],
    "val_mse_history": [
        0.02120985182547526,
        0.01800408488991613,
        0.01652862953126917,
        0.015076418353688238,
        0.014697255823929193,
        0.013914970984786236,
        0.012654530487913472,
        0.011645184466952386,
        0.01093458871206736,
        0.010459162122168873,
        0.009719492183307034,
        0.00899763139633463,
        0.008068412450945393,
        0.0074963899803168685,
        0.006863142650326993,
        0.006750708959882895,
        0.006385044818312748,
        0.005575869527578946,
        0.005283953183875655,
        0.005130912679158577,
        0.004797471380585981,
        0.004682902347022148,
        0.004274321436351286,
        0.004343044250024983,
        0.00399381477139535,
        0.0037380407532354516,
        0.0038477095130176613,
        0.0037713650993706836,
        0.0036622110654192766,
        0.00345197120683313,
        0.003293060965066635,
        0.0032421236069691355,
        0.0030832814567066645,
        0.0031094692517812986,
        0.0029337304399310047,
        0.0030073921604023904,
        0.0029530994018166345,
        0.0027597183790156656,
        0.0028338066393006666,
        0.002860632973353607,
        0.002719054551568217,
        0.0025532879986188703,
        0.002656341022686412,
        0.002524918830616141,
        0.002470218945374796,
        0.0026805625427953074,
        0.0025827118124404414,
        0.002473839824385313,
        0.0026119246997633495,
        0.0024485848387104004,
        0.0023580609927791496,
        0.0024548811349985357,
        0.0024783841885416703,
        0.0024601449439201396,
        0.002406494668346788,
        0.002411736349076418
    ],
    "test_metrics_scaled": {
        "MAE": 0.12332071209479331,
        "MSE": 0.02420245071064222,
        "MdAE": 0.09959743916988373,
        "Pred(50)": 0.3255131964809384
    },
    "test_metrics_real": {
        "MAE": 1.4798485451375196,
        "MSE": 3.4851529023324797,
        "MdAE": 1.1951692700386047,
        "Pred(50)": 0.3255131964809384
    }
}