{
    "run_id": 7,
    "seed": 48,
    "elapsed_sec": 9.355079889297485,
    "best_val_mse": 0.0032910966999703303,
    "epochs_trained": 35,
    "train_loss_history": [
        0.03360307100228965,
        0.01994793160618948,
        0.017989914172462054,
        0.016479156631976365,
        0.01481389574806339,
        0.013786552916280925,
        0.012575591500249825,
        0.011458757925512535,
        0.01024492936641244,
        0.009262060475469168,
        0.008076250479955758,
        0.007048362927577857,
        0.0061312993190118245,
        0.005418171544027115,
        0.004748722927096034,
        0.0040634856467867,
        0.003588629009235384,
        0.003097060906085452,
        0.0026805356338237677,
        0.0023198742228227533,
        0.0020853160258931373,
        0.001700425725097635,
        0.001611047722690273,
        0.0013949947695696858,
        0.0012953131104170878,
        0.0012558215449514267,
        0.0009617840512094387,
        0.0008829891619305791,
        0.0007390121118597952,
        0.0007800470849490791,
        0.0006214385311717965,
        0.0006392910623877209,
        0.00060605196330081,
        0.0005344048221948989,
        0.000390109815400917
    ],
    "val_mse_history": [
        0.023242202436017656,
        0.020060719997530622,
        0.017459746722718612,
        0.016584478330352394,
        0.016134737764381263,
        0.013976959840510908,
        0.013404085676955986,
        0.012178593715735233,
        0.010976653487538663,
        0.010985619793759773,
        0.010213858825301108,
        0.00925328452605091,
        0.008672581982278008,
        0.007874368393529799,
        0.006864771492267441,
        0.007253084244808879,
        0.005870732447908869,
        0.00529358917433632,
        0.0054381764497839795,
        0.005467449271476446,
        0.005093059800446501,
        0.0050369364670508916,
        0.0040553607112995445,
        0.00393928498572433,
        0.00427865521363018,
        0.004112112818564532,
        0.0034837374053516557,
        0.004124224085518168,
        0.0035919077910631196,
        0.0032910966999703303,
        0.003982907603991078,
        0.00354026604540963,
        0.003357739606090996,
        0.0034437817016270814,
        0.003689720986162909
    ],
    "test_metrics_scaled": {
        "MAE": 0.11117616240416878,
        "MSE": 0.024177016679112637,
        "MdAE": 0.0777563750743866,
        "Pred(50)": 0.3850574712643678
    },
    "test_metrics_real": {
        "MAE": 1.3341139488500253,
        "MSE": 3.48149040179222,
        "MdAE": 0.9330765008926392,
        "Pred(50)": 0.3850574712643678
    }
}