{
    "run_id": 4,
    "seed": 45,
    "elapsed_sec": 265.9084720611572,
    "best_val_mse": 0.00017354150207293703,
    "epochs_trained": 76,
    "train_loss_history": [
        0.0016101260892480939,
        0.0011944067826771862,
        0.0009983909435383267,
        0.0008201208131446312,
        0.0006129197301790999,
        0.0005116630741472809,
        0.0004116419885852611,
        0.00034872372599834597,
        0.0003076027543598058,
        0.0002696314785932471,
        0.00023954753692159364,
        0.00022553526483179908,
        0.0002052190860509981,
        0.0001928474202726897,
        0.000177754293934979,
        0.00017405850455264645,
        0.00015493172705947054,
        0.00016318548239513316,
        0.00013759728098741003,
        0.00013738250473499167,
        0.00013209360307651346,
        0.00012396478882132665,
        0.00011869511536347751,
        0.00011957209692649001,
        0.00011170556581585827,
        0.00011123016061013525,
        0.00010469878826799663,
        9.85714874816236e-05,
        9.408125123522252e-05,
        0.0001005432870558041,
        8.956755903232414e-05,
        8.307206978361875e-05,
        9.013476279656544e-05,
        8.57917092268578e-05,
        8.054002063463872e-05,
        7.819802303456507e-05,
        7.533531241430482e-05,
        7.57782417476818e-05,
        7.316140524574804e-05,
        7.163173721086601e-05,
        7.050272053857138e-05,
        6.75712181888447e-05,
        6.458088771939442e-05,
        6.277510749340477e-05,
        6.32215198255954e-05,
        6.33546134393479e-05,
        6.160450950039373e-05,
        5.95182978619901e-05,
        5.975207694758638e-05,
        6.067239155527204e-05,
        5.7073439278746056e-05,
        5.89289031850172e-05,
        5.246427659421716e-05,
        5.1624485751240886e-05,
        5.2895482103292225e-05,
        5.8550252029034544e-05,
        4.792396614889964e-05,
        4.849124730832915e-05,
        5.057395631350549e-05,
        4.4633914913964526e-05,
        4.944421597571478e-05,
        4.5780011950594443e-05,
        4.862099664002882e-05,
        3.51547920770983e-05,
        3.0630445701840604e-05,
        3.1800424310438734e-05,
        3.163124415121773e-05,
        3.130922009144806e-05,
        3.0879558448080876e-05,
        2.9349363332076376e-05,
        2.97029672529041e-05,
        2.9056420093000087e-05,
        2.8607206762129393e-05,
        2.8311380998702003e-05,
        2.785990550295577e-05,
        2.409799999843599e-05
    ],
    "val_mse_history": [
        0.0013609214399411657,
        0.0010012385837195055,
        0.000893502152173546,
        0.0007911470420525641,
        0.0006987095090610211,
        0.0006103586386845784,
        0.0005291464580857868,
        0.0004908402588896853,
        0.0004832431714044,
        0.0004411804447452364,
        0.00042617009002754084,
        0.00040406854346796854,
        0.00038035056268728517,
        0.000371039310131076,
        0.0003604141332988894,
        0.00033350456757241364,
        0.0003373848789730134,
        0.0003247981708111155,
        0.00031260659828470807,
        0.0003025689046187172,
        0.00030563505314899466,
        0.0002882261370880478,
        0.00029420510538759553,
        0.0002719429440369252,
        0.00027207325876597605,
        0.0002765721169511181,
        0.0002762777537737879,
        0.000253067268472114,
        0.0002592403247705457,
        0.00027820050555444443,
        0.000250407056009014,
        0.0002490785278238617,
        0.00023838314728890584,
        0.00024961636256673876,
        0.00023981843731820423,
        0.00023034616831537648,
        0.00022675892253937115,
        0.0002248892258688671,
        0.0002361918796602374,
        0.0002240416406807466,
        0.0002336170534636464,
        0.00022615344037696364,
        0.0002125269470832491,
        0.00022105137170940124,
        0.00022863571376930227,
        0.00021425658734355868,
        0.00021065082895066231,
        0.00021104927471529578,
        0.00021158854930045093,
        0.0002185534480967011,
        0.00020857105519756452,
        0.0002033966024141461,
        0.00020903474705736966,
        0.00021529017692662218,
        0.00021486082437329788,
        0.00020205971856847925,
        0.00020454753338181706,
        0.0002099856015471414,
        0.00019123794618223076,
        0.00019855601743023034,
        0.00019380725110289393,
        0.0001978222103662035,
        0.00019965749890048365,
        0.00018262240974250722,
        0.00018025174040784005,
        0.00018750330217356855,
        0.0001785180348269955,
        0.00018144947309632766,
        0.00017654458171627828,
        0.00017866630496066516,
        0.00017354150207293703,
        0.00017604520456624933,
        0.00018022599302286563,
        0.00018014622242835775,
        0.00018490474837769288,
        0.00017661178658381758
    ],
    "test_metrics_scaled": {
        "MAE": 0.02911841073390223,
        "MSE": 0.0017066053597916866,
        "MdAE": 0.020165547728538513,
        "Pred(50)": 0.35314625850340137
    },
    "test_metrics_real": {
        "MAE": 0.6114866254119469,
        "MSE": 0.7526129636681338,
        "MdAE": 0.4234765022993088,
        "Pred(50)": 0.35314625850340137
    }
}