{
    "run_id": 5,
    "seed": 46,
    "elapsed_sec": 256.27416610717773,
    "best_val_mse": 0.00010052933638706145,
    "epochs_trained": 73,
    "train_loss_history": [
        0.0013932677409778734,
        0.0011624339162465355,
        0.0009147754529486615,
        0.0008150231594107841,
        0.0006320129812134902,
        0.0005158429326838203,
        0.00042851882955211745,
        0.0003820038393234423,
        0.000332745042264835,
        0.0002888684756606851,
        0.00026316805082508886,
        0.00024353542701741133,
        0.0002201921084574719,
        0.00019848449714744056,
        0.00019503395345165747,
        0.00017425459591246351,
        0.00017105616468541892,
        0.00015719942024495438,
        0.0001570142260609386,
        0.00014197884376004595,
        0.00013633987548791683,
        0.0001349054450716248,
        0.00012569942489527278,
        0.00012332878529557533,
        0.00011694979573683662,
        0.00010631432489877042,
        0.00011262982738328521,
        0.00010100049855847639,
        9.726072643447838e-05,
        9.788606657459137e-05,
        9.325101304330639e-05,
        8.804780446444094e-05,
        9.007353846226164e-05,
        8.602404796965905e-05,
        8.01635746216917e-05,
        8.115512427276724e-05,
        8.001836856045789e-05,
        8.013652127157597e-05,
        7.511990933327847e-05,
        7.646585083846058e-05,
        6.845629747866874e-05,
        7.128218816115919e-05,
        6.975367996642287e-05,
        6.564545883296704e-05,
        6.859696871308665e-05,
        5.986188513748031e-05,
        6.350017316872102e-05,
        6.153712102739647e-05,
        6.0402146180035425e-05,
        4.783737451972734e-05,
        4.124323992919317e-05,
        4.093419985568658e-05,
        4.0959513005843764e-05,
        3.932653575959747e-05,
        3.880884332293759e-05,
        4.0081273512562376e-05,
        3.884503698368007e-05,
        3.7231975922924054e-05,
        3.2874720646569577e-05,
        3.239418868174341e-05,
        3.132198911692325e-05,
        3.110058401951739e-05,
        2.994860245211782e-05,
        3.1371165120978314e-05,
        3.0194102043718164e-05,
        2.9541354523982044e-05,
        2.909449875738262e-05,
        2.852460869501157e-05,
        2.8586228286470128e-05,
        2.834835639169887e-05,
        2.762832191994186e-05,
        2.7519968736003357e-05,
        2.5915287339937548e-05
    ],
    "val_mse_history": [
        0.001295230323775758,
        0.0010307129997089047,
        0.0009011028584162034,
        0.0006854990721151056,
        0.0006864569991885388,
        0.0005332582194011391,
        0.0004969926571788023,
        0.0004251624197034193,
        0.0003699540634497103,
        0.00034413280334221033,
        0.0003322908210709333,
        0.0003284551027720668,
        0.0003026220040543594,
        0.00027829799805138546,
        0.00026360769548697103,
        0.00025726016787630654,
        0.0002567975759823111,
        0.00025616231244807283,
        0.00023363353192905562,
        0.0002254352307419186,
        0.00025302819714417997,
        0.00023117463158861044,
        0.00021076567166625695,
        0.0002199456111328207,
        0.0001921906577574908,
        0.00018560702354292985,
        0.00017855171262991297,
        0.00018504085834958924,
        0.00021202808784164,
        0.00018105652669367971,
        0.0001739406197920124,
        0.00016440008796495597,
        0.00016450300745336213,
        0.00017085050809996665,
        0.00016192323454163458,
        0.00017732591922906978,
        0.00015809650001962422,
        0.00015254162219788877,
        0.0001457710222172282,
        0.0001475274685172848,
        0.00014737834425557954,
        0.00014634700558770802,
        0.0001373810553683152,
        0.00015069127383625909,
        0.0001365299860105176,
        0.0001466530373755485,
        0.00013814024924671723,
        0.00014035493441196494,
        0.00014156356981935925,
        0.00012045976553505667,
        0.0001227017663249662,
        0.00011553487872950341,
        0.0001226680782183439,
        0.00011379125664848268,
        0.0001180909586765922,
        0.0001184753771579195,
        0.00011782344831611512,
        0.00011493757233132675,
        0.0001063731932510254,
        0.00010535172701542844,
        0.00010561385812292812,
        0.0001042930197827906,
        0.00010433859311111131,
        0.00010730025086441447,
        0.000106801955592564,
        0.00010323428962166696,
        0.0001048723002538098,
        0.00010052933638706145,
        0.0001005765851206625,
        0.00010271402957748129,
        0.00010242883241166925,
        0.00010368764303778007,
        0.00010274520173391235
    ],
    "test_metrics_scaled": {
        "MAE": 0.028997585528771904,
        "MSE": 0.0016533266681851046,
        "MdAE": 0.020273810252547264,
        "Pred(50)": 0.35385402455661663
    },
    "test_metrics_real": {
        "MAE": 0.60894929610421,
        "MSE": 0.7291170606696311,
        "MdAE": 0.42575001530349255,
        "Pred(50)": 0.35385402455661663
    }
}