{
    "run_id": 9,
    "seed": 50,
    "elapsed_sec": 171.95990896224976,
    "best_val_mse": 0.00016796241212298417,
    "epochs_trained": 49,
    "train_loss_history": [
        0.001354424089209413,
        0.0010686524128143745,
        0.000909902574641601,
        0.0007016480964824642,
        0.0005524403815260589,
        0.0004447884825562606,
        0.0003728517497112142,
        0.00032184404788360805,
        0.00027995531415040705,
        0.00024696396594005917,
        0.00021839428543397776,
        0.00019516809650700108,
        0.00017854567135638396,
        0.00016724789191885437,
        0.00015866276103184166,
        0.00014661856645608844,
        0.00014003320288857792,
        0.00013279631029197462,
        0.00012556854807885628,
        0.00012119094782265651,
        0.00011160087623808647,
        0.00011068133820309508,
        0.00010385700955640994,
        9.987736485666061e-05,
        9.641089823217264e-05,
        9.320659846174117e-05,
        8.92895843780615e-05,
        8.724575635094888e-05,
        8.314084360809311e-05,
        8.622822500607837e-05,
        7.792189454544578e-05,
        7.761754499124164e-05,
        6.350419286558694e-05,
        5.6410099394235915e-05,
        5.418257121753398e-05,
        5.387723602453105e-05,
        5.304895195654213e-05,
        5.044379608172334e-05,
        5.030718714707806e-05,
        4.399233619283773e-05,
        4.207490829581075e-05,
        4.186757156307588e-05,
        4.079070470263129e-05,
        4.0215543562714086e-05,
        3.9995234377421516e-05,
        3.92625577902534e-05,
        3.828537086783585e-05,
        3.793266719478341e-05,
        3.5633342177455996e-05
    ],
    "val_mse_history": [
        0.0012272703738719242,
        0.001111174710168675,
        0.0009206078920604248,
        0.0007658159768266786,
        0.0006931846743212626,
        0.0005529633733647238,
        0.0004634379764415391,
        0.00040831619202697146,
        0.0003729485703562411,
        0.0003577689752426063,
        0.0003270642338467557,
        0.00030536395187905736,
        0.00030188581149641623,
        0.0002978456084399149,
        0.0002768508107203725,
        0.00026277667661342316,
        0.00025404795903478136,
        0.0002584801205363166,
        0.0002388639410157623,
        0.000260611172523372,
        0.00023922191364589399,
        0.0002309891763643133,
        0.00022477408287939417,
        0.00021875166616347269,
        0.00021176448708166553,
        0.00021194020435572343,
        0.0002075810774125948,
        0.00019574633784059613,
        0.00021166667580540854,
        0.00020540828363944927,
        0.00019779884355640968,
        0.00020287558340172866,
        0.00018854871760938535,
        0.00018973863318638538,
        0.00017877323136281478,
        0.00017959519960269814,
        0.000181476124897175,
        0.00019248876408153444,
        0.0001802100021942696,
        0.0001710786741758563,
        0.0001750191563409934,
        0.00017005757418300593,
        0.00017558266887073557,
        0.00016796241212298417,
        0.00016915445079867573,
        0.00017774011638541434,
        0.00017424645831215233,
        0.00017720620301413318,
        0.00017000519055379465
    ],
    "test_metrics_scaled": {
        "MAE": 0.029510451842195307,
        "MSE": 0.0016963005023789203,
        "MdAE": 0.020736798644065857,
        "Pred(50)": 0.351627748423385
    },
    "test_metrics_real": {
        "MAE": 0.6197194886861015,
        "MSE": 0.7480685215491039,
        "MdAE": 0.435472771525383,
        "Pred(50)": 0.351627748423385
    }
}