{
    "run_id": 3,
    "seed": 44,
    "elapsed_sec": 197.31515884399414,
    "best_val_mse": 0.0001631941282656158,
    "epochs_trained": 57,
    "train_loss_history": [
        0.0014048238616889087,
        0.00118982512778283,
        0.0009820737222861718,
        0.0007795323180169833,
        0.0006249831002705361,
        0.0004977029899306654,
        0.00042363430754037776,
        0.0003617709639323097,
        0.0003137844927009541,
        0.0002791791029061849,
        0.0002508627861525102,
        0.00022920929066147855,
        0.00020553382666602072,
        0.00019699584728597092,
        0.0001801447489029887,
        0.00016700342642249173,
        0.00015926723877657159,
        0.00014717592380819803,
        0.0001396237030039181,
        0.0001355275812662896,
        0.00012659893101264505,
        0.00012216593225929706,
        0.00012073528743151586,
        0.00010923284964477627,
        0.00011027761770799656,
        0.0001049068579369753,
        0.00010126422353655931,
        9.851221058700886e-05,
        9.040904773563643e-05,
        8.936285501113924e-05,
        9.622895079273912e-05,
        7.886626173100673e-05,
        8.391061450594095e-05,
        7.708705103587189e-05,
        7.451439354684709e-05,
        8.063092865205801e-05,
        7.225421946088028e-05,
        7.53056215881542e-05,
        6.941121177556788e-05,
        6.604073987088777e-05,
        6.905989996743246e-05,
        6.415603774214406e-05,
        5.997281813458442e-05,
        4.7688084821327264e-05,
        4.6651595890521135e-05,
        4.505257789842985e-05,
        4.236313546635862e-05,
        4.334864406781937e-05,
        4.134317853770887e-05,
        4.181778301529202e-05,
        4.011284137998659e-05,
        3.5950666659184473e-05,
        3.4157547934623636e-05,
        3.372906955112894e-05,
        3.364173780075234e-05,
        3.27696830760674e-05,
        3.1293819884937184e-05
    ],
    "val_mse_history": [
        0.0009766617174504896,
        0.000891299529092998,
        0.0007576966949338906,
        0.0007098416565459181,
        0.0005864878738474764,
        0.0005592415672442772,
        0.00047524261404474475,
        0.0004458771001099822,
        0.0004098526136860401,
        0.0003705026838977599,
        0.0003598568711861209,
        0.0003138997978262539,
        0.0003063940811044118,
        0.000309571080159944,
        0.00028596241226878753,
        0.00028461766325467804,
        0.0002764540682524182,
        0.0002839068155748096,
        0.0002577392299999082,
        0.0002660591719243603,
        0.0002690665987773831,
        0.00025331145855189626,
        0.0002515676178041847,
        0.0002352083370487122,
        0.00023942064481846716,
        0.00023939652865503423,
        0.0002345104383432219,
        0.0002234668804055561,
        0.0002150299670168211,
        0.0002356058916461411,
        0.00021614352907259248,
        0.00021046792662873166,
        0.00020554339095283012,
        0.00020948053795597646,
        0.0003024729636138212,
        0.00019197441942829337,
        0.00025902357055557137,
        0.00020017291388795707,
        0.0001856304465660625,
        0.00019432164495089354,
        0.0001924296816134981,
        0.00019985190860070807,
        0.00020069434174021112,
        0.00017745618623888737,
        0.00017983178488137827,
        0.0001802439111858737,
        0.0001729021012596902,
        0.00018307469552683307,
        0.00017458185261319265,
        0.00017616208181741146,
        0.00017764805200554633,
        0.0001631941282656158,
        0.00017074129539911798,
        0.00016467227086179237,
        0.00017099440507479909,
        0.00016541269279415666,
        0.0001648672425043063
    ],
    "test_metrics_scaled": {
        "MAE": 0.030409566632415706,
        "MSE": 0.0018284677116680106,
        "MdAE": 0.021197166293859482,
        "Pred(50)": 0.32747793618465715
    },
    "test_metrics_real": {
        "MAE": 0.6386008992807298,
        "MSE": 0.8063542608455927,
        "MdAE": 0.4451404921710491,
        "Pred(50)": 0.32747793618465715
    }
}