{
    "run_id": 10,
    "seed": 51,
    "elapsed_sec": 222.03764367103577,
    "best_val_mse": 0.00014735774025952602,
    "epochs_trained": 64,
    "train_loss_history": [
        0.0014528648056575724,
        0.0011742223302361183,
        0.0009609007674557886,
        0.0007816164050038234,
        0.0006244904158327198,
        0.0004968823162508781,
        0.00041420996170776986,
        0.0003692194815360749,
        0.0003065977046076878,
        0.00027007623974376196,
        0.00024023497795356882,
        0.00022120154529377953,
        0.0001885274099194448,
        0.00017919438362130866,
        0.00016284641823665502,
        0.00015379598683777716,
        0.00014330859996612046,
        0.0001319918746696104,
        0.00012572666647172494,
        0.00012143157266534454,
        0.00011629487035533274,
        0.0001093653615554366,
        0.00011163741382563205,
        0.00010320159485198733,
        9.842718859252129e-05,
        9.193871554659885e-05,
        9.291452008161541e-05,
        9.138319264673201e-05,
        8.501282473044268e-05,
        8.168444974802985e-05,
        8.364308111527036e-05,
        7.750662169676422e-05,
        7.44388364964958e-05,
        7.434409578217037e-05,
        7.065462526840178e-05,
        7.27103574510813e-05,
        6.640483454106194e-05,
        6.956613271999166e-05,
        6.320575623283472e-05,
        6.522630532380175e-05,
        6.489545655759533e-05,
        5.893970866288512e-05,
        4.550430289503817e-05,
        4.221402531121709e-05,
        4.1857091408937734e-05,
        4.1066307724874014e-05,
        4.1405246750173436e-05,
        3.858358691578556e-05,
        3.857143513944746e-05,
        3.914675908201304e-05,
        3.7261284202692e-05,
        3.5792024038858014e-05,
        3.592527845927773e-05,
        3.604195180746718e-05,
        3.487700348858621e-05,
        3.5449096915499584e-05,
        3.343727686048794e-05,
        3.442683685612233e-05,
        2.873909141742432e-05,
        2.773489971531456e-05,
        2.7960541556816532e-05,
        2.686300482610513e-05,
        2.7157058310828772e-05,
        2.5393766294690763e-05
    ],
    "val_mse_history": [
        0.0012874095172629367,
        0.001134275311989017,
        0.0009885637692114788,
        0.0007774995285829079,
        0.0006799908907389254,
        0.0005775087216734093,
        0.0005300653782494598,
        0.0004795597270086338,
        0.0004083454566349858,
        0.00039543857899268536,
        0.0003969319731446883,
        0.00036303497693443567,
        0.0003195407176499725,
        0.00030533123722511937,
        0.00030184800645134143,
        0.00027676389785804444,
        0.00027867464059950126,
        0.00026172592311748553,
        0.0002630634657552738,
        0.0002619146103941754,
        0.0002478447189468303,
        0.00025939372171859555,
        0.0002351100993141108,
        0.00023755234742304357,
        0.00022625131728235608,
        0.00022974032071791862,
        0.00022152354893141213,
        0.0002316961053173861,
        0.00020816774019113385,
        0.00022605818188716062,
        0.00022542982174168032,
        0.0001983662062423229,
        0.00020857786224895533,
        0.0002016444943243352,
        0.00022082154928446606,
        0.00019171758131631002,
        0.000200891219234707,
        0.00018393572835073276,
        0.00018954636408974996,
        0.0002104282238013744,
        0.0002220722199467398,
        0.0001921884926850397,
        0.00018040473071151436,
        0.0001695411408667413,
        0.00016937775387816767,
        0.00016413715765197217,
        0.00016938192227529956,
        0.00017341220683433648,
        0.00016338541700246036,
        0.00017997280582630516,
        0.00016221344144493822,
        0.0001618421526155836,
        0.00015769742376044656,
        0.00015723942883556506,
        0.00015872479998604725,
        0.00016138035214047284,
        0.00016018549638180268,
        0.0001622519698047817,
        0.00014735774025952602,
        0.0001557864167662681,
        0.00015110357536899082,
        0.0001631417559095819,
        0.00015931458643432867,
        0.00016523052346669928
    ],
    "test_metrics_scaled": {
        "MAE": 0.02869602416746336,
        "MSE": 0.0016353634660165855,
        "MdAE": 0.0203767791390419,
        "Pred(50)": 0.3704460333673817
    },
    "test_metrics_real": {
        "MAE": 0.6026165075167306,
        "MSE": 0.7211952885133142,
        "MdAE": 0.4279123619198799,
        "Pred(50)": 0.3704460333673817
    }
}