{
    "run_id": 8,
    "seed": 49,
    "elapsed_sec": 245.6810817718506,
    "best_val_mse": 0.00010878976445193114,
    "epochs_trained": 70,
    "train_loss_history": [
        0.0014701435306177057,
        0.0011833069413196516,
        0.001003045924988489,
        0.0008135886549981173,
        0.0006645729206827169,
        0.0005249870789036749,
        0.0004409631933143859,
        0.0003634092161399161,
        0.0003178939790463535,
        0.0002731932687442694,
        0.00024049603470478628,
        0.0002220758361836545,
        0.00019316750947312116,
        0.0001769822265925475,
        0.00017155699679698023,
        0.000159361930951322,
        0.00014751801963886808,
        0.00014165891215232087,
        0.00013312483184037488,
        0.00012538607081326043,
        0.0001231609711817935,
        0.00011654499523845705,
        0.00010739838453951292,
        0.0001051019621472509,
        0.00010263191715210311,
        9.569365656864092e-05,
        9.274150734328427e-05,
        9.74730938980401e-05,
        8.536458982616379e-05,
        8.784745160883671e-05,
        8.036938024201167e-05,
        8.874167489883931e-05,
        7.737386827786124e-05,
        7.966490819186317e-05,
        7.395247437751099e-05,
        7.036308529151177e-05,
        7.092842191410777e-05,
        7.32020958967308e-05,
        6.619893777784338e-05,
        6.680726199887205e-05,
        6.17539677404538e-05,
        6.572785922493697e-05,
        6.331432497511676e-05,
        6.386038788852245e-05,
        5.8884182785024774e-05,
        4.783621219335948e-05,
        4.074975259812512e-05,
        4.286416675297178e-05,
        4.129768370536001e-05,
        4.019135914407712e-05,
        3.9100181816617305e-05,
        3.841944841002258e-05,
        3.8198036213769975e-05,
        3.8694140726730215e-05,
        3.67188957276826e-05,
        3.6055929792471904e-05,
        3.660159023231831e-05,
        3.636778251764877e-05,
        3.430086739440815e-05,
        3.485453021705474e-05,
        3.452953319228534e-05,
        3.438727066694185e-05,
        2.8605621824207727e-05,
        2.8092530335795815e-05,
        2.795846871905665e-05,
        2.7326845012614276e-05,
        2.7520016981267027e-05,
        2.6160358287018442e-05,
        2.6106169166271337e-05,
        2.5029645087245388e-05
    ],
    "val_mse_history": [
        0.0008998761085461777,
        0.000995897748037824,
        0.0007373120863477675,
        0.0006363476372762561,
        0.0005294279631825145,
        0.0005048189416143395,
        0.00047115741646553533,
        0.0004054909389832991,
        0.00039145415095684653,
        0.00039249269061906875,
        0.00031609926722338407,
        0.00029763913477759733,
        0.0002930849372278326,
        0.0002633461006028147,
        0.0002359144726937363,
        0.00022504894340963553,
        0.0002164618095343648,
        0.00020269771163656408,
        0.00020458358458288662,
        0.0001977727113871257,
        0.00022257914189121564,
        0.00019103641223674737,
        0.00018220061215759226,
        0.00018196456539738463,
        0.0001756465875433875,
        0.0001783083855582742,
        0.0001739037435323615,
        0.00019301296945514127,
        0.00016305381388667824,
        0.00015637759170835462,
        0.00016075715071843725,
        0.00015730198602818954,
        0.00016164184057186745,
        0.00015438658406847483,
        0.00016926204288426671,
        0.0001503725168810726,
        0.00014760110878108285,
        0.0001400976626643851,
        0.0001489464885922918,
        0.00014101500467367703,
        0.00013791296446654975,
        0.00015407443858046692,
        0.0001424479264637027,
        0.00013794111907881025,
        0.0001455007660412151,
        0.00012946427802443356,
        0.00013077561731888532,
        0.0001266852940067022,
        0.00012446798862026292,
        0.00012296136664318106,
        0.0001251402098792494,
        0.00012063940913764622,
        0.00012310875175045006,
        0.00011863338316353469,
        0.00012216259841196366,
        0.0001178110556695343,
        0.00011746006435195319,
        0.00011641374935269354,
        0.00011641304111520432,
        0.00011761455367024447,
        0.00011914911112388294,
        0.00011981646478066662,
        0.00011386907599409213,
        0.00010887931425742095,
        0.00010878976445193114,
        0.00011137817420901358,
        0.00010982163245042315,
        0.00011349712168005868,
        0.00011143467266470004,
        0.00010967409853364697
    ],
    "test_metrics_scaled": {
        "MAE": 0.03000246998078741,
        "MSE": 0.0017359793606754692,
        "MdAE": 0.02108447067439556,
        "Pred(50)": 0.3442384897924319
    },
    "test_metrics_real": {
        "MAE": 0.6300518695965356,
        "MSE": 0.7655668980578819,
        "MdAE": 0.4427738841623068,
        "Pred(50)": 0.3442384897924319
    }
}