{
    "run_id": 1,
    "seed": 42,
    "elapsed_sec": 241.70731449127197,
    "best_val_mse": 0.00010446785966994687,
    "epochs_trained": 69,
    "train_loss_history": [
        0.001452940952151964,
        0.0011295248362427027,
        0.0009434678884167731,
        0.0007827210216888944,
        0.0006236395805377358,
        0.0005067249009354116,
        0.00040563601087370836,
        0.00034211215324997596,
        0.0003015408823769196,
        0.0002706367761414606,
        0.00023868904927778134,
        0.00022326225359115237,
        0.0001973382118420724,
        0.0001858818105846794,
        0.0001683441967523321,
        0.00016405068180731487,
        0.00014917534043149802,
        0.00014293295894650518,
        0.000133759480374335,
        0.00014114822514588654,
        0.00012197040577144132,
        0.00012355661289034338,
        0.0001228303022616135,
        0.00010773144502008051,
        0.00010524382359341102,
        0.00010625707484001656,
        0.00010018941449935102,
        9.921926404896593e-05,
        9.176102641471862e-05,
        9.299829366527551e-05,
        8.770276407106629e-05,
        8.348554007192521e-05,
        8.989872889542064e-05,
        8.069238972464064e-05,
        7.561096651641892e-05,
        6.303332715903615e-05,
        5.705717084162723e-05,
        5.548739891562611e-05,
        5.672254093909853e-05,
        5.2612314046809354e-05,
        5.182248008174438e-05,
        5.18519318394231e-05,
        4.9888489872899706e-05,
        4.788841363225464e-05,
        4.964081447625691e-05,
        4.594173712026549e-05,
        4.755273737107893e-05,
        4.479776487169471e-05,
        4.436645326522697e-05,
        4.462757695839888e-05,
        4.3446127671188336e-05,
        4.1302936806450385e-05,
        4.183128743488589e-05,
        4.154604923601572e-05,
        4.4148389376934814e-05,
        3.951829042451865e-05,
        4.004950218607563e-05,
        4.011534591614808e-05,
        3.9462704055493935e-05,
        3.880991119799482e-05,
        3.686369337446056e-05,
        3.883848521848765e-05,
        3.327857855826597e-05,
        3.056904145189281e-05,
        3.0282051875783958e-05,
        3.077574913909657e-05,
        3.0261591339610532e-05,
        2.8922896685353602e-05,
        2.7471699954223473e-05
    ],
    "val_mse_history": [
        0.0010329497419329537,
        0.0010006232781692435,
        0.0006972496358381508,
        0.0006168253738299604,
        0.0005008536683154161,
        0.00042478101725451677,
        0.00037622085409681245,
        0.0003300799107801091,
        0.0003338880780590284,
        0.0002987791669506027,
        0.00028335119115648267,
        0.00027520900445370336,
        0.0002606683664061231,
        0.0002607357497205575,
        0.00024456255862037975,
        0.0002288234005714488,
        0.00028217622994753636,
        0.000209925727422275,
        0.00020789416933288194,
        0.0001969424999242451,
        0.00019757930717202677,
        0.00019657231437331736,
        0.00018054382760002328,
        0.00017003585710277834,
        0.00017819176970584855,
        0.00017483472354126956,
        0.00016359042539791343,
        0.0001672596040921909,
        0.00019521095019604337,
        0.00016515627575715633,
        0.00014834553364647418,
        0.0001637198506256448,
        0.00014892808370104143,
        0.00017209692723351558,
        0.000152429705325085,
        0.00013565169806650567,
        0.00013211858784170324,
        0.0001316336911863951,
        0.0001315448312711526,
        0.00013125728379216912,
        0.00012679854556270722,
        0.00012780795432312347,
        0.00012488971520986178,
        0.00013937279107542405,
        0.0001193848498443653,
        0.0001229220887768764,
        0.00012131148117983485,
        0.00011844927402720347,
        0.00012483072436442544,
        0.00012327208501066968,
        0.00011919826582723759,
        0.00011814474451315295,
        0.00011759820600489035,
        0.000117017098680562,
        0.00012749882939230611,
        0.00012334624615666415,
        0.00012086458719655332,
        0.00011205277424046691,
        0.00012003744794388499,
        0.00011545700782678988,
        0.00011824006562515687,
        0.00012360947210507902,
        0.00010699013065172618,
        0.00010446785966994687,
        0.00010824843498357357,
        0.00011327062843441501,
        0.00010704543718311152,
        0.00010700958629323437,
        0.00010491593576164116
    ],
    "test_metrics_scaled": {
        "MAE": 0.02989855976930193,
        "MSE": 0.0017601410977590084,
        "MdAE": 0.021014997735619545,
        "Pred(50)": 0.3340970807875085
    },
    "test_metrics_real": {
        "MAE": 0.6278697551553405,
        "MSE": 0.7762222241117227,
        "MdAE": 0.44131495244801044,
        "Pred(50)": 0.3340970807875085
    }
}