{
    "run_id": 6,
    "seed": 47,
    "elapsed_sec": 214.5873715877533,
    "best_val_mse": 0.00021044483094934,
    "epochs_trained": 62,
    "train_loss_history": [
        0.0015462527444050488,
        0.001105285095833914,
        0.0008571033721155257,
        0.0007533404560024034,
        0.0006088653853340398,
        0.0005097980522220728,
        0.0004088454379536326,
        0.00034076568337744386,
        0.00029213638517659474,
        0.00026213048544727365,
        0.00022936824671421314,
        0.0002073074842656914,
        0.0001864636148180168,
        0.0001753850945508712,
        0.0001549158630058975,
        0.0001486682784822808,
        0.00013980784682017324,
        0.00013079182479219166,
        0.0001293541259597118,
        0.00011589539819812474,
        0.00011586725964788766,
        0.00011165849275507641,
        0.00010890685744020847,
        0.00011198111221074071,
        9.662080803856967e-05,
        9.390744286387519e-05,
        9.977095471929924e-05,
        8.979271016141485e-05,
        8.498771796292803e-05,
        8.896686474172255e-05,
        8.361764204440447e-05,
        8.681206157845808e-05,
        7.902504742714153e-05,
        7.260319433762509e-05,
        7.4925402268448e-05,
        7.058861037395152e-05,
        6.932674253565649e-05,
        6.765401923490809e-05,
        6.302223980069874e-05,
        6.459396644282294e-05,
        6.118250040416659e-05,
        6.241789534458512e-05,
        4.6967759576515116e-05,
        4.478492953671883e-05,
        4.176073566963875e-05,
        4.157114433708118e-05,
        4.144164805691758e-05,
        3.965396071680063e-05,
        3.909295989818636e-05,
        3.8637534503039495e-05,
        3.2870912501732563e-05,
        3.307312550089917e-05,
        3.1852793032041686e-05,
        3.1705020599845325e-05,
        3.0979455778329116e-05,
        3.0935094627791044e-05,
        3.014442913396927e-05,
        2.9823088966930183e-05,
        2.895336065941974e-05,
        2.9133404056687706e-05,
        2.829818115061287e-05,
        2.734331518652044e-05
    ],
    "val_mse_history": [
        0.0012647984049323105,
        0.0012637306260521737,
        0.001026675508022368,
        0.0008985550287580494,
        0.0007663016131722151,
        0.0006835017041208996,
        0.0005868340514648678,
        0.0005411999400839897,
        0.000449058199969785,
        0.0004275861821654521,
        0.00040485687107816374,
        0.00038912287670933403,
        0.0003668272440209988,
        0.00035414913324965523,
        0.00034230974978615667,
        0.00033673014310331407,
        0.00032785167103280873,
        0.00033032702360875584,
        0.00030166068060200925,
        0.0003043990289952209,
        0.00031135150790147106,
        0.0002992617436555352,
        0.00031837365889678094,
        0.000298930199953628,
        0.000276253286635376,
        0.0002714251159376912,
        0.00026864072098800384,
        0.00026958861493506686,
        0.0002595689769545952,
        0.0002566850250616989,
        0.0002610635511588584,
        0.0002695989493507366,
        0.0003218555005824145,
        0.00025479880712433756,
        0.00024978818064524646,
        0.00024884648696392035,
        0.0002502024830816609,
        0.00024041557944995694,
        0.0002606619745336123,
        0.00024277639785611797,
        0.00024353912001615435,
        0.0002486687721240453,
        0.00023234545862117596,
        0.00023006522042369435,
        0.00023595878249127296,
        0.00022202163031569312,
        0.00022288321688338031,
        0.0002251256141206033,
        0.00022688548800022624,
        0.00022743412698687757,
        0.00021732630809706593,
        0.0002125058537147563,
        0.0002184513408903811,
        0.00021861817072140363,
        0.00022244928645783084,
        0.0002116853780708067,
        0.00021044483094934,
        0.00021779049490125928,
        0.00021170310597166703,
        0.00022086304555155254,
        0.0002114036509074249,
        0.0002174054121645229
    ],
    "test_metrics_scaled": {
        "MAE": 0.029951092449207548,
        "MSE": 0.001777805103547406,
        "MdAE": 0.020910663530230522,
        "Pred(50)": 0.33128677411102586
    },
    "test_metrics_real": {
        "MAE": 0.6289729414333585,
        "MSE": 0.784012050664406,
        "MdAE": 0.43912393413484097,
        "Pred(50)": 0.33128677411102586
    }
}