{
    "run_id": 7,
    "seed": 48,
    "elapsed_sec": 145.5332646369934,
    "best_val_mse": 0.00020165440830422317,
    "epochs_trained": 42,
    "train_loss_history": [
        0.0014188268380263085,
        0.0011338300629915891,
        0.0009584186008219747,
        0.0007852342150641298,
        0.0006335646526241539,
        0.0005201943026926144,
        0.0004225751548251035,
        0.00037267506161046114,
        0.00031541417725312583,
        0.0002792632548977647,
        0.00024989134045065304,
        0.00022691714276710948,
        0.00020346474043409388,
        0.0001948856075936521,
        0.00017714664194987934,
        0.00015918692023036103,
        0.00015739140216087166,
        0.00014564396080183747,
        0.0001411115482822576,
        0.00013748629849049697,
        0.00012208217986128936,
        0.00013037914351031062,
        0.00011428022409794204,
        0.00012069643038664562,
        0.00010985618922623124,
        0.00010627304625017267,
        0.0001042207155043084,
        9.430370899604131e-05,
        9.880184351597006e-05,
        9.179168507853653e-05,
        8.529334924528991e-05,
        9.155228895413852e-05,
        8.290136076106463e-05,
        7.938016814668126e-05,
        8.119424199625616e-05,
        8.477190901048162e-05,
        7.229031201680335e-05,
        7.719752160351547e-05,
        6.95613770536647e-05,
        7.981014620737627e-05,
        6.863473855065837e-05,
        5.344460867723347e-05
    ],
    "val_mse_history": [
        0.0011993221285035327,
        0.0011324150201766625,
        0.0009659739635964098,
        0.0007812726206914742,
        0.0007312283814033423,
        0.0006070013403436529,
        0.0005199240100829484,
        0.0004877368209478493,
        0.0004418835658713527,
        0.0004048477080006135,
        0.0003691514269842225,
        0.0003195471280957334,
        0.00032086047912747957,
        0.00034033828152082334,
        0.00030536550396075674,
        0.00029864561366573487,
        0.0002945767576416391,
        0.00029704497296029913,
        0.0002754571493818335,
        0.00027610145786539193,
        0.0002582452836430032,
        0.0002534111156505174,
        0.0002560234297676549,
        0.00026060876335764766,
        0.00024985951402472866,
        0.00025282117164036855,
        0.0002531339269242119,
        0.00023964348696385433,
        0.00028867052072786424,
        0.0002177178515750498,
        0.0002246943787638276,
        0.00022159626799495371,
        0.00020981706786994052,
        0.00024789863737414075,
        0.0002466079758482006,
        0.00021633084473468328,
        0.00020165440830422317,
        0.0002080038599207995,
        0.0002287836925063236,
        0.00023953865134172128,
        0.00024102807653480758,
        0.00020253456546936763
    ],
    "test_metrics_scaled": {
        "MAE": 0.029064365844213735,
        "MSE": 0.0016999745548389902,
        "MdAE": 0.019734222441911697,
        "Pred(50)": 0.34797412325502214
    },
    "test_metrics_real": {
        "MAE": 0.6103516827284885,
        "MSE": 0.7496887786839946,
        "MdAE": 0.41441867128014565,
        "Pred(50)": 0.34797412325502214
    }
}