{
    "run_id": 2,
    "seed": 43,
    "elapsed_sec": 99.19569778442383,
    "best_val_mse": 0.0002754613797743997,
    "epochs_trained": 28,
    "train_loss_history": [
        0.001475221463846063,
        0.0011060843546172,
        0.0009724676715552618,
        0.0007446434479529702,
        0.0006329635497822434,
        0.0005139727526630336,
        0.00041798703306991056,
        0.0003641610304236406,
        0.00030405318732971656,
        0.0002721602202878016,
        0.00023605849769674686,
        0.00021791837508756045,
        0.0001986971858193757,
        0.00018015307717122333,
        0.0001676873605801072,
        0.00016382777004713195,
        0.00015253035271522265,
        0.00014157644758547097,
        0.00013240458715349615,
        0.00012807963281891328,
        0.00012343808483185762,
        0.00011964926011018204,
        0.00011569640755690977,
        0.00010656542040092927,
        0.00010110237081704539,
        9.78023439521729e-05,
        9.465218979776949e-05,
        8.016041026189323e-05
    ],
    "val_mse_history": [
        0.0015247868204285799,
        0.0012688352763306745,
        0.0010693621202358063,
        0.0008691989783777822,
        0.0006646969615734666,
        0.0006210688704251281,
        0.0005649390572137138,
        0.0005028087030483309,
        0.00043497462393150805,
        0.00043450211298259346,
        0.0004607268860505009,
        0.00039296646430769637,
        0.00038536339200487675,
        0.0003270056435101979,
        0.00035164597616989506,
        0.00030830609340062404,
        0.0003227784404277016,
        0.0003501332783548994,
        0.0003886459525144572,
        0.0003032282509307873,
        0.000312402001399373,
        0.0003249790223433478,
        0.0002754613797743997,
        0.00034219359319605474,
        0.0003161719791501194,
        0.00030234927653475363,
        0.00034009670734213524,
        0.0002955125554100627
    ],
    "test_metrics_scaled": {
        "MAE": 0.02868862393822497,
        "MSE": 0.0016732416630098085,
        "MdAE": 0.019676268100738525,
        "Pred(50)": 0.37415778251599147
    },
    "test_metrics_real": {
        "MAE": 0.6024611027027243,
        "MSE": 0.7378995733873256,
        "MdAE": 0.41320163011550903,
        "Pred(50)": 0.37415778251599147
    }
}