{
    "run_id": 1,
    "seed": 42,
    "elapsed_sec": 54.49461317062378,
    "best_val_mse": 0.0037387346946266896,
    "epochs_trained": 70,
    "train_loss_history": [
        0.012999355060677243,
        0.011318958532582555,
        0.010085154600385735,
        0.009201153313331148,
        0.008672401912980037,
        0.008328966544662466,
        0.007694750616295088,
        0.007246141032411311,
        0.006868314089524185,
        0.006564666032512537,
        0.006371746480994277,
        0.006142435175999521,
        0.006107081462376408,
        0.0058322198990967255,
        0.0058094661640059045,
        0.005537007183123093,
        0.005497864899514084,
        0.005309015792062203,
        0.005091715946099045,
        0.005011131878769121,
        0.004973620336013249,
        0.004859142346232015,
        0.004827251103378307,
        0.004499933759246069,
        0.004514603146489184,
        0.004389647727993389,
        0.004320605273923686,
        0.004171206262639254,
        0.004107250873562601,
        0.004237885361611465,
        0.003924839796337227,
        0.003980771144061015,
        0.003889419885678615,
        0.00398434237174045,
        0.003895472001352021,
        0.0036837797028382714,
        0.003610205438841755,
        0.0037011924532090877,
        0.003657926207445124,
        0.0033894667183506726,
        0.0034838749864934664,
        0.0034442418486871915,
        0.0033659530266508474,
        0.0031729921428427003,
        0.00326418485537243,
        0.003075176349101771,
        0.003197409645912962,
        0.0030931592889704234,
        0.0030234604309020466,
        0.0029605693242544485,
        0.0029316710357446796,
        0.002995898109078646,
        0.0028905785988576505,
        0.0027107946583642983,
        0.0028124730474351402,
        0.0027918479954833803,
        0.0028500049515541755,
        0.002745304314263412,
        0.002603367992137503,
        0.002600269313278791,
        0.002580902664501789,
        0.0025060666538725216,
        0.002520086366382754,
        0.0025787957959895968,
        0.0022843609685645415,
        0.0022674736178914905,
        0.002224852603178125,
        0.0022755930125345197,
        0.0022018259735957077,
        0.0021955346557785333
    ],
    "val_mse_history": [
        0.010840470907013894,
        0.009559426176673626,
        0.00873632062649093,
        0.00851215227387615,
        0.007936934442767388,
        0.007431881021362566,
        0.00718868896842419,
        0.006859724922647196,
        0.006706465889873389,
        0.006708267358573096,
        0.006606912826331643,
        0.006105716350976137,
        0.005832668458893808,
        0.005781096195632492,
        0.005776385437202425,
        0.005871774000505738,
        0.005341376852741692,
        0.005453247208776026,
        0.005436623010758172,
        0.005372387048659757,
        0.005330104253972271,
        0.005457848689387239,
        0.0050252432353553814,
        0.004989609719165356,
        0.004974347548853575,
        0.004962085996243594,
        0.00502567005188333,
        0.004982856017682797,
        0.004935534868399905,
        0.005030189498054697,
        0.0048487407695056725,
        0.004639312458172364,
        0.004655884193267833,
        0.004658825509989359,
        0.004640383997513333,
        0.004465699065778563,
        0.004602790429020419,
        0.004455964568352613,
        0.0044441993935754615,
        0.004509336227515067,
        0.004436680243332134,
        0.004487510790597484,
        0.0043066618373589025,
        0.004246382950192446,
        0.004259391023798427,
        0.0042437617293083,
        0.0042494332257850985,
        0.004240660098439666,
        0.004354375638215655,
        0.0042467253797857304,
        0.004107293910569073,
        0.004483098449223692,
        0.004054350304611981,
        0.004040232673868165,
        0.004066005551786513,
        0.004259058184918787,
        0.004125001520126626,
        0.004009012860147162,
        0.004003050720898731,
        0.0038673583058415804,
        0.0039802447979777195,
        0.0038942968712875775,
        0.0039214824679267655,
        0.004027412359565221,
        0.0037387346946266896,
        0.0037986971322268247,
        0.0039003661328113276,
        0.0037915487608448685,
        0.0037472679638471504,
        0.0037587003554425567
    ],
    "test_metrics_scaled": {
        "MAE": 0.1075259650149508,
        "MSE": 0.02030234324573163,
        "MdAE": 0.0867183730006218,
        "Pred(50)": 0.4362657091561939
    },
    "test_metrics_real": {
        "MAE": 3.655882810508327,
        "MSE": 23.469508792065763,
        "MdAE": 2.948424682021141,
        "Pred(50)": 0.4362657091561939
    }
}