{
    "run_id": 7,
    "seed": 48,
    "elapsed_sec": 39.68602705001831,
    "best_val_mse": 0.004301592198585297,
    "epochs_trained": 52,
    "train_loss_history": [
        0.022400827539097678,
        0.012216760888377316,
        0.010844279558230668,
        0.009847607223305088,
        0.009004012992979689,
        0.008584562359720023,
        0.008127429299693331,
        0.007755669756716865,
        0.007276903599616077,
        0.00676156999095558,
        0.00663362318275767,
        0.006379310411309552,
        0.006195674591168411,
        0.005900526371024326,
        0.005422350644824517,
        0.005600654279054978,
        0.005380253148320903,
        0.005056930633021009,
        0.004804612844077966,
        0.004668401027124168,
        0.004645815653961279,
        0.0047123145232968126,
        0.004386782191214192,
        0.0044387669865197195,
        0.004398160645913364,
        0.004327627571257882,
        0.004131594661605329,
        0.004125036640265861,
        0.003925053073933077,
        0.003962772556219417,
        0.0039067768144051135,
        0.0037589190740727335,
        0.003757652286320734,
        0.003791428439748975,
        0.0036634503717983984,
        0.0035959435034837797,
        0.0034982799840931837,
        0.003556409253217439,
        0.0034217797505816556,
        0.0034498130412857868,
        0.00340637341231251,
        0.0033704819194783466,
        0.0032104771790984208,
        0.0032386767882435843,
        0.003154713382624074,
        0.0029958042139028255,
        0.0029671579385703653,
        0.002867086240887427,
        0.0029448240166569813,
        0.0028701367543992372,
        0.0028662241626686105,
        0.002864267742738892
    ],
    "val_mse_history": [
        0.012528894011194914,
        0.010451659286357304,
        0.009517289895831577,
        0.0088466089796806,
        0.00868931889201932,
        0.00790526744746659,
        0.007457978227322408,
        0.007199990472925908,
        0.006964950233972142,
        0.0067544901829527685,
        0.00648348317535727,
        0.006286518225671988,
        0.0064042577875727215,
        0.0059186605617296915,
        0.005993273589607587,
        0.005836290857771391,
        0.005714712030788341,
        0.005760630417357874,
        0.005795643142973954,
        0.005525382737699961,
        0.005435272509148436,
        0.0055585891321793725,
        0.005306056163666801,
        0.00537762640543622,
        0.005149881990158964,
        0.00516692726194877,
        0.005173789415752416,
        0.005082082893084613,
        0.00514277556933861,
        0.00503176369554845,
        0.004885444846810699,
        0.004915537276401959,
        0.004960311660181605,
        0.00479404325306864,
        0.005022888465939123,
        0.004863852736145819,
        0.004700667641410068,
        0.004689771860399138,
        0.004723848491263409,
        0.004830184356833186,
        0.00491147513396881,
        0.004607797959254596,
        0.004545061313334734,
        0.00454938546542124,
        0.004549515518545344,
        0.004478047730087174,
        0.004301592198585297,
        0.004364028267756979,
        0.0044522516007720735,
        0.004398504798457365,
        0.004369206773614773,
        0.004365294290356815
    ],
    "test_metrics_scaled": {
        "MAE": 0.09090372124686837,
        "MSE": 0.015710590095832533,
        "MdAE": 0.07077694684267044,
        "Pred(50)": 0.5072727272727273
    },
    "test_metrics_real": {
        "MAE": 3.0907265223935245,
        "MSE": 18.161442150782406,
        "MdAE": 2.406416192650795,
        "Pred(50)": 0.5072727272727273
    }
}