{
    "run_id": 9,
    "seed": 50,
    "elapsed_sec": 34.72716784477234,
    "best_val_mse": 0.00491194181332984,
    "epochs_trained": 45,
    "train_loss_history": [
        0.012020143449433848,
        0.010114980715279205,
        0.00903642289668847,
        0.008096437336096907,
        0.007999203448446516,
        0.007336486084187706,
        0.006831341418119259,
        0.006657355696333047,
        0.006525367192931983,
        0.006081221776946774,
        0.0057364460325881475,
        0.005332693957343586,
        0.0053559520456474274,
        0.005158033483645791,
        0.005127984735145608,
        0.004925694212647808,
        0.0047938665399988555,
        0.004554921078334491,
        0.004453586597288123,
        0.004417653472046368,
        0.004370928129567327,
        0.004158462188803615,
        0.004222485808203888,
        0.004178510039037841,
        0.0040408290554988235,
        0.0039126317829697626,
        0.0038304015273689968,
        0.0038215596217395435,
        0.003687832676895106,
        0.0036814765743244616,
        0.0035845458765741056,
        0.003503445778430129,
        0.0036172439706408316,
        0.0033630481850242433,
        0.0033202848558137035,
        0.003395248187181508,
        0.0033034810395393935,
        0.0030837624396484057,
        0.0032416739153803093,
        0.0030332681054794667,
        0.0030697956282006674,
        0.002976386793431404,
        0.002956901335915646,
        0.002895260833673434,
        0.002744651238486752
    ],
    "val_mse_history": [
        0.011847809072219889,
        0.01070254407480686,
        0.009807182670752349,
        0.009529804112666485,
        0.009206003655743991,
        0.008666262622694203,
        0.008488323704365464,
        0.008182019120937566,
        0.007712469576063385,
        0.007461591232298066,
        0.0073145785278844145,
        0.007144959302269228,
        0.006862073241703126,
        0.00682549582964876,
        0.006779007192157413,
        0.006552677084950695,
        0.0066138501848705,
        0.006273018565093176,
        0.006315673830506261,
        0.006158555629677648,
        0.006066715815697195,
        0.0058825179809420675,
        0.006027749889197751,
        0.005728750241668809,
        0.0057576578271299195,
        0.005832944133591754,
        0.005884649870469944,
        0.005648578170575931,
        0.00583343805590073,
        0.005708452165987192,
        0.005550752237587314,
        0.005459627180667042,
        0.005647724398425012,
        0.005562535104397991,
        0.005406701222004819,
        0.005448137893102446,
        0.005473070892691051,
        0.005425962364722043,
        0.005385893586986001,
        0.00491194181332984,
        0.005169960546263892,
        0.005123481123207852,
        0.005322121505205127,
        0.005360322350235029,
        0.005170206805983248
    ],
    "test_metrics_scaled": {
        "MAE": 0.09291389648966145,
        "MSE": 0.017177227532624736,
        "MdAE": 0.06693894416093826,
        "Pred(50)": 0.4838709677419355
    },
    "test_metrics_real": {
        "MAE": 3.159072480648489,
        "MSE": 19.856875027714196,
        "MdAE": 2.275924101471901,
        "Pred(50)": 0.4838709677419355
    }
}