{
    "run_id": 5,
    "seed": 46,
    "elapsed_sec": 53.60082292556763,
    "best_val_mse": 0.004016082299088375,
    "epochs_trained": 71,
    "train_loss_history": [
        0.014384188438550783,
        0.010444696391654065,
        0.009388851359064698,
        0.008676555268884374,
        0.008222460578609671,
        0.007777930216457791,
        0.0071990182916792985,
        0.006858138672502027,
        0.006601889559035946,
        0.0061483630685645165,
        0.006093400362859137,
        0.005812436395472027,
        0.005507191389144407,
        0.005285873329794257,
        0.005249160693651941,
        0.005099910357917269,
        0.005035998266882813,
        0.004782086385027943,
        0.004770007693411735,
        0.00463957230348546,
        0.004419595450133038,
        0.0043692872078460445,
        0.004408035243256415,
        0.004354958231938987,
        0.004182486714542501,
        0.00417109258307749,
        0.004051738672613158,
        0.004058933925305485,
        0.0038405481221464774,
        0.004084750467664602,
        0.0037858412734384085,
        0.0037781943815350374,
        0.0037547423030174156,
        0.003745667380492231,
        0.003531015660906306,
        0.0034887294167340295,
        0.003466614067821135,
        0.0033841352615282577,
        0.0034414077075407244,
        0.003445876494490812,
        0.0032831127892156793,
        0.0031966780960106123,
        0.003312944437070694,
        0.0031222334794767806,
        0.003230714939910775,
        0.0030524494941346347,
        0.00318010109154613,
        0.0029904261766485153,
        0.0030858108210904747,
        0.002966724845713092,
        0.002791004820326821,
        0.002818539210806131,
        0.0027882211848359126,
        0.0027972483909469987,
        0.002704507694306035,
        0.002739144437802104,
        0.0026481078788896818,
        0.0026267410742773665,
        0.002593226963529785,
        0.0025474447708499306,
        0.002437110327365291,
        0.0024258794457528293,
        0.002409370617197755,
        0.002386414323800092,
        0.0023729067348524863,
        0.0023512552600775836,
        0.0021816640676886765,
        0.002305354648264738,
        0.0022740742628478534,
        0.002217325901947955,
        0.0022005188087564614
    ],
    "val_mse_history": [
        0.01203413355807091,
        0.010922783455978914,
        0.010120012565330396,
        0.009267737834133798,
        0.00897239917751487,
        0.008791291711950018,
        0.008089742535165364,
        0.007866123372312973,
        0.007499310404778973,
        0.007193918222850418,
        0.006845938508159827,
        0.0068550099947009245,
        0.0067991052055570165,
        0.0067295712607854585,
        0.006374444098970884,
        0.006506758589360128,
        0.006333982426768648,
        0.006203571955337234,
        0.005982648104435439,
        0.006481114409812254,
        0.0059439504909482325,
        0.006061882954376312,
        0.0057755722199132305,
        0.005712388368960655,
        0.00563859641493009,
        0.0057038583208707,
        0.005402885258684811,
        0.005449152357349835,
        0.005533811198404727,
        0.005678619244952517,
        0.005252890737748563,
        0.005313610909912827,
        0.005346711284605514,
        0.005221428796196468,
        0.005289385990301758,
        0.005070802356493173,
        0.005037855869272515,
        0.005268102169009127,
        0.005009904106548585,
        0.0050069180018282675,
        0.005109327941496879,
        0.004834127901258653,
        0.005180685066034543,
        0.004940964330841622,
        0.004751325740255794,
        0.004663422800833287,
        0.004631067398816566,
        0.004663570804996065,
        0.005065856343615686,
        0.004601188971422874,
        0.0047547547232936254,
        0.004672126410577649,
        0.004707799707689143,
        0.004572935772849993,
        0.0043995313039236865,
        0.004647353450921993,
        0.0043792263532606976,
        0.004330852260661562,
        0.004541368987896393,
        0.00439567600218206,
        0.004369933331987884,
        0.004235976714006249,
        0.004424361253653735,
        0.004107527482867882,
        0.004261399591922381,
        0.004016082299088375,
        0.004223756928829973,
        0.0041000657591002704,
        0.004034361590456736,
        0.004130904243015806,
        0.0041814843773815055
    ],
    "test_metrics_scaled": {
        "MAE": 0.09630334805746918,
        "MSE": 0.01905637208969908,
        "MdAE": 0.07746144384145737,
        "Pred(50)": 0.45195729537366547
    },
    "test_metrics_real": {
        "MAE": 3.274313833953952,
        "MSE": 22.029166135692137,
        "MdAE": 2.6336890906095505,
        "Pred(50)": 0.45195729537366547
    }
}