{
    "run_id": 10,
    "seed": 51,
    "elapsed_sec": 35.39120364189148,
    "best_val_mse": 0.003414546432536792,
    "epochs_trained": 46,
    "train_loss_history": [
        0.011835945133342702,
        0.009977465722825315,
        0.009259493069814788,
        0.00857617230896846,
        0.008126876068213938,
        0.007302347781349562,
        0.007161842357381207,
        0.006529201441752908,
        0.006379121479192255,
        0.006181570055544313,
        0.005984311467175906,
        0.005702952008831721,
        0.005570142201553934,
        0.0053696537713229684,
        0.005160686835093408,
        0.005090751489932832,
        0.00488449291835547,
        0.004752624888892452,
        0.004659344990932757,
        0.004623610717115096,
        0.004638409452228289,
        0.004452089104591471,
        0.004224194302800724,
        0.004308387294111168,
        0.004113366554116106,
        0.004113985374435567,
        0.003960529848501389,
        0.0038919347220470603,
        0.0038337010646967264,
        0.0037606201376159014,
        0.0038094437707506088,
        0.003797300261297088,
        0.0038119035109561174,
        0.003623541617048626,
        0.0036091981107432745,
        0.003491060955934505,
        0.003379527077677811,
        0.003242706923691345,
        0.0032622160185546353,
        0.0032111510101349577,
        0.0032690611169683454,
        0.0032139182546968036,
        0.0032565113870699643,
        0.003151754278646838,
        0.0031647112665291973,
        0.0030905649550537714
    ],
    "val_mse_history": [
        0.009433007166268294,
        0.00837945675794834,
        0.007523961848833111,
        0.0069956624028856065,
        0.0071214678634500955,
        0.006217110266386637,
        0.005852200422347198,
        0.005556027946043445,
        0.0054522599347288795,
        0.0056496185394201105,
        0.005389473267502065,
        0.004941912026405095,
        0.004866402277678506,
        0.005033633579076112,
        0.00460267985870985,
        0.004590270840705995,
        0.004785192469071366,
        0.004704437213408219,
        0.004240339404024784,
        0.0041927152956674615,
        0.004257395405144099,
        0.0042063555142496985,
        0.004358962535475914,
        0.004016281697149605,
        0.004254683179515134,
        0.004773682234409621,
        0.004229607701902211,
        0.0038552464089993115,
        0.00390590255775633,
        0.004066432453472618,
        0.0038032381267231632,
        0.0037317372069984446,
        0.003761137640687114,
        0.003983120663374818,
        0.004012236636761888,
        0.003939112441351834,
        0.0036047655533059946,
        0.0039003181484396883,
        0.0037814426903491696,
        0.003700505998394821,
        0.003414546432536792,
        0.0034700280389329085,
        0.0035483775038427584,
        0.003520297745326037,
        0.0037796971120122283,
        0.00344942998221488
    ],
    "test_metrics_scaled": {
        "MAE": 0.09945067138523682,
        "MSE": 0.019795604149361715,
        "MdAE": 0.0733027458190918,
        "Pred(50)": 0.47619047619047616
    },
    "test_metrics_real": {
        "MAE": 3.3813228270980518,
        "MSE": 22.883718396662143,
        "MdAE": 2.492293357849121,
        "Pred(50)": 0.47619047619047616
    }
}