{
    "run_id": 2,
    "seed": 43,
    "elapsed_sec": 44.75803089141846,
    "best_val_mse": 0.004196069011160503,
    "epochs_trained": 59,
    "train_loss_history": [
        0.012701130049744954,
        0.009857527611172225,
        0.00915980140099493,
        0.008304895236133,
        0.008322920236322615,
        0.0074299402827492506,
        0.00726913611114057,
        0.006549817180852047,
        0.006559698932016125,
        0.006030637690544717,
        0.005995409262195452,
        0.005634227683633351,
        0.005443621818851839,
        0.005511599326701278,
        0.005173114747053777,
        0.005044755087837052,
        0.004867775036613098,
        0.004772634097448606,
        0.004608025219396919,
        0.0047772230439158715,
        0.004489708136126367,
        0.0042620240402224865,
        0.0042169330864010425,
        0.0043176201107000345,
        0.004179306335883558,
        0.0039423118603145145,
        0.004183890533327069,
        0.004031126990264608,
        0.0039698861767716994,
        0.0038378742241408103,
        0.003777102907297687,
        0.0037342290807929304,
        0.0035817851316189775,
        0.0035027617134171752,
        0.003596790361767396,
        0.00347311063331321,
        0.003498247088929121,
        0.003409094963611788,
        0.003566826087383864,
        0.0033686567845646865,
        0.003280723549432567,
        0.003349941337787602,
        0.0031375777287036576,
        0.0030694072913133707,
        0.0030812624471041206,
        0.002973028377437781,
        0.003021647037518346,
        0.002979266345819347,
        0.002998524291851781,
        0.0027927298598293946,
        0.00278588759033288,
        0.002883453690994165,
        0.002772847347398802,
        0.0026291994388915724,
        0.002628707099466139,
        0.0026437918825719794,
        0.002578898946681004,
        0.002554880066214599,
        0.0025475926621509595
    ],
    "val_mse_history": [
        0.01189244993450324,
        0.01044411232322005,
        0.00967779753859324,
        0.00933233215395459,
        0.008931647681264865,
        0.008406747845199049,
        0.00821666086645847,
        0.007902670854897712,
        0.007626826039877313,
        0.007213796295892573,
        0.006941900068892057,
        0.006913177484513293,
        0.006547764269605574,
        0.006462274758981722,
        0.006370085939412004,
        0.006148727684654629,
        0.0061240263072652274,
        0.006208209326002314,
        0.00610974696116947,
        0.005926682572814944,
        0.005900146921132947,
        0.005652955583677112,
        0.005890277858333987,
        0.005701648671578938,
        0.00566986059497151,
        0.005528726986266059,
        0.005611069084724289,
        0.005480848017373795,
        0.005456734236639101,
        0.005357920841831301,
        0.005185985224836374,
        0.00524565027736397,
        0.0052282798036556955,
        0.005124160883840261,
        0.005073344101378054,
        0.004913653061516874,
        0.004973308015364263,
        0.005017834082118634,
        0.004896440938418139,
        0.004906372724513809,
        0.004769421258784014,
        0.004775257866942253,
        0.004765272917249504,
        0.004822026246923772,
        0.004988747840866233,
        0.004701690474390613,
        0.004685645139290258,
        0.004620910235402061,
        0.004573617122628195,
        0.004619954732798253,
        0.004637719789879863,
        0.004451326303062263,
        0.004410822749453793,
        0.004196069011160503,
        0.004292917445811893,
        0.004497193489117549,
        0.0042791367757801435,
        0.0046431811261324184,
        0.00422217562864915
    ],
    "test_metrics_scaled": {
        "MAE": 0.09705464195153446,
        "MSE": 0.018307669653713072,
        "MdAE": 0.07457153499126434,
        "Pred(50)": 0.4921190893169877
    },
    "test_metrics_real": {
        "MAE": 3.299857826352172,
        "MSE": 21.163666119692312,
        "MdAE": 2.5354321897029877,
        "Pred(50)": 0.4921190893169877
    }
}