{
    "run_id": 6,
    "seed": 47,
    "elapsed_sec": 44.30111336708069,
    "best_val_mse": 0.0036371428584519735,
    "epochs_trained": 58,
    "train_loss_history": [
        0.024032375055890627,
        0.011832752237176029,
        0.010404006079034323,
        0.009593511183356117,
        0.009196009626711568,
        0.008940870194043169,
        0.008423863830538387,
        0.007736353098681499,
        0.0072851589269952,
        0.007031476561927324,
        0.006548045086176891,
        0.006433314089832477,
        0.006083661089372686,
        0.005978600372526492,
        0.005736924186508115,
        0.005391291735701772,
        0.005290008737341477,
        0.005105779387114538,
        0.005125255079922051,
        0.005029893254375674,
        0.005089570766436255,
        0.004866827042767396,
        0.004740428285967781,
        0.0046277817062094296,
        0.004461798208723895,
        0.004472174099895259,
        0.004515541259335697,
        0.004269466655076139,
        0.004211714987008251,
        0.004243882020744376,
        0.00391373042570443,
        0.0038794473216084875,
        0.0039319123768816805,
        0.003836424748162524,
        0.0038735053810971575,
        0.0036826879043544,
        0.0037431188269008873,
        0.003736724395207408,
        0.0035059791025715587,
        0.0035673496952682384,
        0.0036332947240583203,
        0.0034644906072027614,
        0.0033797275938658826,
        0.0032749351782676503,
        0.003219935602984097,
        0.0031710286187177175,
        0.003188194330427477,
        0.0030769473482788992,
        0.0030861805513019585,
        0.002981153157346635,
        0.003061147328216431,
        0.002873659533653488,
        0.0028261214739227127,
        0.0029358946400247794,
        0.002827098651820969,
        0.0028196858018527254,
        0.002641923935612779,
        0.0025547260930214445
    ],
    "val_mse_history": [
        0.01376159810200144,
        0.012190894908492502,
        0.011102658384798594,
        0.01014164217807349,
        0.009935272072846472,
        0.00965138429822483,
        0.008782421625242644,
        0.008872660796630807,
        0.008301333015395644,
        0.0076564006743509985,
        0.007800648838934832,
        0.006819782658366288,
        0.007052917310824862,
        0.006596987475945343,
        0.006622723301627972,
        0.006207401889497607,
        0.006210417650888378,
        0.006109307688684602,
        0.005904950209216171,
        0.005954919913440974,
        0.006144140992001305,
        0.00546324880230537,
        0.005376604467237799,
        0.0057167012224429,
        0.0052121390969603375,
        0.005426483108737161,
        0.005019089813511199,
        0.005282144843218056,
        0.00543776908180969,
        0.0050774305514881225,
        0.004966022703488777,
        0.004839321342209916,
        0.004820309928633333,
        0.004705443651200356,
        0.004720316377706343,
        0.004764968258786487,
        0.004754888397238879,
        0.004489375857659138,
        0.0044319488164288314,
        0.004760919527722238,
        0.004493551127189798,
        0.004411394833690619,
        0.0044767873585867994,
        0.004279597726143056,
        0.004321397652801235,
        0.0042895945438018645,
        0.004137220167035818,
        0.004235803524531342,
        0.0040426620562294385,
        0.0041613726850358,
        0.003892084853585783,
        0.003841858744263619,
        0.0036371428584519735,
        0.003737832516067728,
        0.003892017455552044,
        0.003962055468454504,
        0.003873362310444067,
        0.0038389742905668564
    ],
    "test_metrics_scaled": {
        "MAE": 0.09677278998394295,
        "MSE": 0.016846965025424168,
        "MdAE": 0.07602117955684662,
        "Pred(50)": 0.4793814432989691
    },
    "test_metrics_real": {
        "MAE": 3.2902748594540605,
        "MSE": 19.47509156939034,
        "MdAE": 2.584720104932785,
        "Pred(50)": 0.4793814432989691
    }
}