{
    "run_id": 4,
    "seed": 45,
    "elapsed_sec": 39.736918687820435,
    "best_val_mse": 0.004444971179436026,
    "epochs_trained": 53,
    "train_loss_history": [
        0.013641782705950687,
        0.011105792460620849,
        0.009992500954172295,
        0.009162533344724813,
        0.008549370151709638,
        0.007901167933845049,
        0.007587691721243736,
        0.00723774307487039,
        0.006932424521670701,
        0.006483894415621637,
        0.006124130690233527,
        0.005851599466927254,
        0.005633421229302055,
        0.005754713471914228,
        0.005677070169168341,
        0.005232440911454315,
        0.005231624885569685,
        0.005063554330760788,
        0.005004812868781643,
        0.004775115533315967,
        0.004741770883725606,
        0.004396524118124229,
        0.0046608038032706035,
        0.0045171753649150105,
        0.004315626172699098,
        0.004341549724245913,
        0.004111707611775631,
        0.004097928538068763,
        0.004082116223752308,
        0.004067774126992728,
        0.003993617988372635,
        0.0038332251638361118,
        0.003702748531418948,
        0.003741288040495979,
        0.0037591276658275044,
        0.003596795306931067,
        0.0034748627819144763,
        0.0034705719217293872,
        0.0034227277513923775,
        0.0034028564976044716,
        0.00339774351403352,
        0.0033850893563577016,
        0.0034728679946786924,
        0.0033915932698207153,
        0.003247531054543459,
        0.0033001419798317803,
        0.0031858959533005524,
        0.00326899950117426,
        0.0032189858542022924,
        0.0032017910307020536,
        0.0031611659095431557,
        0.003159435593167869,
        0.0030413167835979396
    ],
    "val_mse_history": [
        0.01158242953601892,
        0.010711457727376382,
        0.009801404746946938,
        0.00952814310961039,
        0.008981818558341468,
        0.008627165272189884,
        0.008150379498100357,
        0.007727697178035555,
        0.007903276807357933,
        0.007185108684316346,
        0.006766955166105096,
        0.006760551711190386,
        0.007001409008015376,
        0.006434082561360644,
        0.006125654797752737,
        0.006546302871540224,
        0.005842334630730549,
        0.005992149174915576,
        0.005959885077744765,
        0.005773246752332114,
        0.005468198731310753,
        0.005573844635602764,
        0.005351790005946335,
        0.005338298397774176,
        0.005367322224896152,
        0.005342755277905069,
        0.005263861558134846,
        0.004885109347471657,
        0.0050082931980007074,
        0.0050285448156937385,
        0.004968693157703328,
        0.005129135412353627,
        0.0048512872027290975,
        0.004799176382437668,
        0.004788796174477915,
        0.004838328536743714,
        0.004744229150174589,
        0.0047269665482120434,
        0.004663968283913959,
        0.004701533889343852,
        0.004553147020967673,
        0.004536989694542014,
        0.00463586280101874,
        0.004563316497946909,
        0.004607721106720156,
        0.004711817181828552,
        0.004503057429299444,
        0.004444971179436026,
        0.004472321263683124,
        0.004548798123901229,
        0.004568928916524287,
        0.004484187761853394,
        0.004495120449190494
    ],
    "test_metrics_scaled": {
        "MAE": 0.08909401739822989,
        "MSE": 0.015173257710760016,
        "MdAE": 0.06395022571086884,
        "Pred(50)": 0.5151515151515151
    },
    "test_metrics_real": {
        "MAE": 3.0291965915398165,
        "MSE": 17.540285913638577,
        "MdAE": 2.1743076741695404,
        "Pred(50)": 0.5151515151515151
    }
}