{
    "run_id": 3,
    "seed": 44,
    "elapsed_sec": 36.9020414352417,
    "best_val_mse": 0.006306647140009603,
    "epochs_trained": 50,
    "train_loss_history": [
        0.01749025071815898,
        0.011383190893361138,
        0.009614666934328105,
        0.009350499484497003,
        0.00863936495804029,
        0.007801043565691505,
        0.0072801380873952284,
        0.007123139325696497,
        0.006516199673398629,
        0.006507807187875335,
        0.0061183874206776675,
        0.005668578244811402,
        0.0053215788403211525,
        0.005338595314926476,
        0.005107966763351479,
        0.004944186910397858,
        0.004946318199822249,
        0.0046636502262957106,
        0.004631939880538963,
        0.004498420514536496,
        0.004391781818101771,
        0.0042546601673990134,
        0.004230661126914331,
        0.004188912644789307,
        0.004151816595406431,
        0.00395344888456126,
        0.003917505291393067,
        0.003889863494098083,
        0.0037658504808906657,
        0.0036597404680980975,
        0.0036295635111303604,
        0.0036450388797053383,
        0.0035649983739205757,
        0.00342305765972815,
        0.003500221454106574,
        0.0032392161819709735,
        0.0034300068785878234,
        0.003225311123130198,
        0.0032653558185139,
        0.003223541798418324,
        0.00314782656610816,
        0.003155310673074017,
        0.0030164027991545442,
        0.0029267870429773917,
        0.002969620175486526,
        0.0029802226705743303,
        0.0028860483160113087,
        0.0028460200080741593,
        0.0029223905814091205,
        0.0026213801176134003
    ],
    "val_mse_history": [
        0.014928753918957356,
        0.013273563304533274,
        0.01227762871998442,
        0.011741808076148422,
        0.011125003397830492,
        0.010462807141180017,
        0.010457646279205026,
        0.009779880996245886,
        0.009695891054003467,
        0.009209168010092946,
        0.009237067387212729,
        0.008941723055166812,
        0.008614981979201831,
        0.008582455906767492,
        0.00814963866006025,
        0.0081999690395446,
        0.008099172879902763,
        0.008005425356792037,
        0.00774124119473943,
        0.00776918676319748,
        0.007873631332437793,
        0.007704052360581947,
        0.007465929525771932,
        0.007520007001422119,
        0.007513119161057945,
        0.007170310709873587,
        0.007274384392329938,
        0.007283293342073111,
        0.007326021473581387,
        0.007154552124212714,
        0.007108921726281356,
        0.006987267460088981,
        0.006863805559208598,
        0.007078580899320026,
        0.006739451760173091,
        0.006858041401030548,
        0.006738069717839892,
        0.006580734456151005,
        0.006666369123257522,
        0.006679014629815671,
        0.006745403355654255,
        0.006526085769870673,
        0.006535914249110806,
        0.006434119670582178,
        0.006306647140009603,
        0.00656607816998182,
        0.006321525383768217,
        0.006461021854144795,
        0.006406403365427356,
        0.006650694212399056
    ],
    "test_metrics_scaled": {
        "MAE": 0.09031149833634391,
        "MSE": 0.014223801519023568,
        "MdAE": 0.07190658897161484,
        "Pred(50)": 0.47810858143607704
    },
    "test_metrics_real": {
        "MAE": 3.0705909434356933,
        "MSE": 16.442714555991245,
        "MdAE": 2.4448240250349045,
        "Pred(50)": 0.47810858143607704
    }
}