{
    "run_id": 8,
    "seed": 49,
    "elapsed_sec": 54.69334077835083,
    "best_val_mse": 0.0034934735988049886,
    "epochs_trained": 70,
    "train_loss_history": [
        0.020435404553850237,
        0.011260311851580428,
        0.009831325127643684,
        0.009496671738676153,
        0.00887353515648482,
        0.008467731438676676,
        0.007989554993836129,
        0.007411113521780691,
        0.007317255861543788,
        0.006953023496963497,
        0.00662316132011489,
        0.006725146952602599,
        0.0061919157782322765,
        0.006308567405998723,
        0.005875236314719415,
        0.00556199148677401,
        0.00550429225137107,
        0.005165547894664172,
        0.005362259863843966,
        0.005033456538077523,
        0.004936676292081213,
        0.004749885559505902,
        0.004738341038101393,
        0.004756191761569223,
        0.004446031282701665,
        0.0044623781766734505,
        0.004457401323284453,
        0.004267016450603867,
        0.004081680169269347,
        0.0040266065075734835,
        0.004093811730356712,
        0.004012969206087291,
        0.003827607344973307,
        0.0038206627420557695,
        0.0038223355464014406,
        0.0036888548526733825,
        0.0036991539768950264,
        0.0036200859828187455,
        0.0036262858633656437,
        0.0035963382498056698,
        0.0034503352595244446,
        0.0035487264887286494,
        0.003405799052447208,
        0.0034162640630299402,
        0.0032104899595356267,
        0.0032207341959230346,
        0.003102940035228713,
        0.003003584715894933,
        0.003097790622865805,
        0.003081024892933659,
        0.0030495776945593744,
        0.0029917725943462746,
        0.0029602652907164562,
        0.002774247286729833,
        0.0027574531136490563,
        0.0027850602191781355,
        0.002696316958525473,
        0.0026510065557901813,
        0.002685770968773251,
        0.002494930482094383,
        0.002601699042805614,
        0.002408879781097102,
        0.0024796623419960323,
        0.0023983403507761387,
        0.0023694660052663097,
        0.002305441654414639,
        0.0023133794226858797,
        0.002287005226308894,
        0.0023492012145823566,
        0.002182373873795916
    ],
    "val_mse_history": [
        0.011200355933019272,
        0.009716880103116972,
        0.008847035880857841,
        0.00885173748505846,
        0.00826428925587035,
        0.007868416690512872,
        0.0076386394166092384,
        0.007147253655804929,
        0.006985567027593991,
        0.007005641020580348,
        0.006685755207881212,
        0.006419779505284926,
        0.00603227972654743,
        0.005954348113547229,
        0.00573682245419809,
        0.005733126025504805,
        0.005612894309368963,
        0.005953987034562942,
        0.005675315660212568,
        0.005515882435838015,
        0.005168971270338407,
        0.005104380216001473,
        0.0051391336219601454,
        0.00540611784715554,
        0.0049903896086302595,
        0.0052792502108227005,
        0.004905675541301341,
        0.004878748336577714,
        0.00484171645203672,
        0.004663219453362741,
        0.004768477009498512,
        0.004710323507798719,
        0.004642124638213763,
        0.004757801397313926,
        0.0045935493968664205,
        0.0045945603344081775,
        0.004582258475175571,
        0.004441786288293784,
        0.004461640649029991,
        0.004445871588165031,
        0.004317216915523855,
        0.004318625477505113,
        0.004305915264042742,
        0.0042007053222801365,
        0.004129292213251672,
        0.004118860976811984,
        0.00396681616697293,
        0.004013872293522785,
        0.003937815944166914,
        0.004067554255354904,
        0.0039049103043404605,
        0.0040887399039977994,
        0.00401690930411217,
        0.0038518456008899333,
        0.004045326020056753,
        0.003830720441868263,
        0.003685432103626889,
        0.00410745077290326,
        0.0038784307579679206,
        0.003786449269186567,
        0.003865322687979178,
        0.0035664877885650276,
        0.0037384098263156897,
        0.0036642304267802037,
        0.0034934735988049886,
        0.0036214135004304193,
        0.0035024632305224786,
        0.003759672656939467,
        0.0037667654444113164,
        0.00352619994419185
    ],
    "test_metrics_scaled": {
        "MAE": 0.1022772375067853,
        "MSE": 0.018245815745120044,
        "MdAE": 0.0823422223329544,
        "Pred(50)": 0.40963855421686746
    },
    "test_metrics_real": {
        "MAE": 3.4774260752307002,
        "MSE": 21.09216300135877,
        "MdAE": 2.79963555932045,
        "Pred(50)": 0.40963855421686746
    }
}