{
    "run_id": 9,
    "seed": 50,
    "elapsed_sec": 17.315811157226562,
    "best_val_mse": 0.009638331392391203,
    "epochs_trained": 56,
    "train_loss_history": [
        0.04017007173970342,
        0.02170217321254313,
        0.019851575748595807,
        0.018453819337966186,
        0.01805109869289611,
        0.017041608714498578,
        0.015920483660218972,
        0.015357955751408423,
        0.014809687335842422,
        0.014721854353722717,
        0.014012107821846647,
        0.013753961470709848,
        0.013141818178285445,
        0.012956575142951416,
        0.012622811339263405,
        0.012391909102110991,
        0.011925945233087987,
        0.011460340536931263,
        0.011414357477666013,
        0.01122872180671298,
        0.010827916572868293,
        0.011019352963194251,
        0.010665415922578957,
        0.010413923568557948,
        0.010304691289950695,
        0.010020677444325493,
        0.01019762237888894,
        0.010116384683975152,
        0.009799817804845849,
        0.009529473644215613,
        0.009845537930128297,
        0.009587788734851138,
        0.009364746865217707,
        0.009331757214386015,
        0.00909379923749449,
        0.009320178568097097,
        0.009071733584694033,
        0.009178496528017733,
        0.00883872238087601,
        0.008615097499984715,
        0.008585401729214936,
        0.008567093282804958,
        0.008211851383592667,
        0.008444432287277388,
        0.008140458752833573,
        0.00797184427834249,
        0.00800267913312252,
        0.007953296749786074,
        0.00772513291033517,
        0.0078031156927214134,
        0.007687093369064054,
        0.007737770956009626,
        0.007727782461526138,
        0.007739483904359596,
        0.0074753651187555595,
        0.00751477315207012
    ],
    "val_mse_history": [
        0.025020281796148874,
        0.02292947769286565,
        0.02145504264383593,
        0.020287417959914334,
        0.018676533240688107,
        0.018889976727963463,
        0.018153096894098643,
        0.017506027189127752,
        0.01607214841764739,
        0.01663536965344867,
        0.01573590865198057,
        0.015979669833813877,
        0.014849474784926367,
        0.014688266487762683,
        0.014586694775084716,
        0.013942893844162618,
        0.013860616156921494,
        0.013790611506106738,
        0.01333682611496037,
        0.012836180540587803,
        0.013000134183878674,
        0.012584913522789176,
        0.013263969445374271,
        0.012085826947874169,
        0.01210952047145301,
        0.012766618507259693,
        0.012026233244729692,
        0.01163759125278044,
        0.01173175989424741,
        0.011911507819521812,
        0.011882388374621997,
        0.01160387318877132,
        0.011362545830661964,
        0.011312833566582515,
        0.011576873245840653,
        0.010852019770394065,
        0.010787927454901354,
        0.010965339327454927,
        0.010729075067892386,
        0.011423959390602492,
        0.010895540844179923,
        0.010598098009866554,
        0.011157919328932465,
        0.01036457509941252,
        0.010466133137153949,
        0.010557969234401438,
        0.01076322651244894,
        0.010530973712893212,
        0.009872408421935592,
        0.011204363952019389,
        0.009638331392391203,
        0.010433817895892365,
        0.01001556396265416,
        0.009685789072203053,
        0.010321322642631296,
        0.009940052196738054
    ],
    "test_metrics_scaled": {
        "MAE": 0.11658451768082821,
        "MSE": 0.025971657154506778,
        "MdAE": 0.08428637683391571,
        "Pred(50)": 0.34375
    },
    "test_metrics_real": {
        "MAE": 1.3990142121699385,
        "MSE": 3.739918630248976,
        "MdAE": 1.0114365220069885,
        "Pred(50)": 0.34375
    }
}