{
    "run_id": 3,
    "seed": 44,
    "elapsed_sec": 9.803435564041138,
    "best_val_mse": 0.012428812497491266,
    "epochs_trained": 31,
    "train_loss_history": [
        0.03451398226232933,
        0.02170002281865371,
        0.02077266833345805,
        0.019841517863928206,
        0.019337240726287876,
        0.01847118566344891,
        0.017219279081161533,
        0.01688857510952013,
        0.01626558114907571,
        0.015503476031257638,
        0.015168816772555667,
        0.014579925632902554,
        0.013924365184668984,
        0.013629442418459804,
        0.013144904637842306,
        0.01296217038928132,
        0.012388739773138825,
        0.012031976637497012,
        0.011890366241069776,
        0.012072428127950324,
        0.01179778749023431,
        0.011470118155037718,
        0.011357096640858799,
        0.01125398534017482,
        0.01112128547226478,
        0.01091848832355546,
        0.010845979707249041,
        0.01047549528219471,
        0.010625807370524853,
        0.010274833051620849,
        0.010324481931248946
    ],
    "val_mse_history": [
        0.02428366825438555,
        0.022280379692083324,
        0.020879944551860142,
        0.020442688020489676,
        0.019231962283431474,
        0.018402403822589068,
        0.018092541148802294,
        0.017293078759195574,
        0.017208248725734315,
        0.01671475319878452,
        0.015864718246896052,
        0.016333734344948742,
        0.015375166369640642,
        0.015119975897874659,
        0.014288818919034529,
        0.01519778857416912,
        0.01401665488604367,
        0.014695645136308728,
        0.014114663547312774,
        0.014052256247982257,
        0.014117293360616132,
        0.013576637292155415,
        0.013174152311571461,
        0.01322509285189326,
        0.013005968145407781,
        0.012428812497491266,
        0.013167982701224226,
        0.013377158346461668,
        0.01273606738793877,
        0.012969700552736784,
        0.012636902007777645
    ],
    "test_metrics_scaled": {
        "MAE": 0.10167400913603733,
        "MSE": 0.015677476101874897,
        "MdAE": 0.08654962480068207,
        "Pred(50)": 0.42485549132947975
    },
    "test_metrics_real": {
        "MAE": 1.220088109632448,
        "MSE": 2.257556558669985,
        "MdAE": 1.0385954976081848,
        "Pred(50)": 0.42485549132947975
    }
}