{
    "run_id": 1,
    "seed": 42,
    "elapsed_sec": 8.55577802658081,
    "best_val_mse": 0.011406528686154325,
    "epochs_trained": 26,
    "train_loss_history": [
        0.028888341950784838,
        0.021929420833475887,
        0.01976372547048543,
        0.01916113664130015,
        0.017864788829215935,
        0.017642167762720158,
        0.01713312576258821,
        0.01606657894527806,
        0.01602706091278898,
        0.014995952246577612,
        0.015361396760480213,
        0.014292896986340306,
        0.014045079082383642,
        0.013363292242866009,
        0.013325601476909858,
        0.012489952853814299,
        0.012761606520507484,
        0.012604077238523002,
        0.012502669022485082,
        0.012490535875050618,
        0.012104335292575083,
        0.011788677745166102,
        0.011883483995084784,
        0.011814222398347089,
        0.011715257853003485,
        0.011678853848882552
    ],
    "val_mse_history": [
        0.02104399847234324,
        0.019990094623691296,
        0.018895279601275693,
        0.01861879850953004,
        0.016291748911519948,
        0.015942605663185977,
        0.015638645827487332,
        0.014780619498998435,
        0.0147934747290171,
        0.01426275361222918,
        0.013416140001290143,
        0.014482035448733202,
        0.014418891052867627,
        0.014041274326318859,
        0.013645376313807312,
        0.012748333643932044,
        0.012372239056977515,
        0.012572130822746424,
        0.013609546849295526,
        0.011686156784864989,
        0.011406528686154325,
        0.012112374422451513,
        0.012185045437224545,
        0.011654741106777477,
        0.011904984612901274,
        0.01190885743693555
    ],
    "test_metrics_scaled": {
        "MAE": 0.09305162255673907,
        "MSE": 0.014929078857272677,
        "MdAE": 0.07402458786964417,
        "Pred(50)": 0.4563953488372093
    },
    "test_metrics_real": {
        "MAE": 1.116619470680869,
        "MSE": 2.1497873554472653,
        "MdAE": 0.88829505443573,
        "Pred(50)": 0.4563953488372093
    }
}