{
    "run_id": 2,
    "seed": 43,
    "elapsed_sec": 19.51798391342163,
    "best_val_mse": 0.010476784144361387,
    "epochs_trained": 60,
    "train_loss_history": [
        0.021909317527232425,
        0.01934703580835568,
        0.018289281318097244,
        0.017318627434516592,
        0.016543193055050715,
        0.015499350521713496,
        0.014704398474922137,
        0.014904520687248025,
        0.014359621598850935,
        0.01392349697084033,
        0.013415869671319212,
        0.012481516894019608,
        0.012850458066843982,
        0.01223302247069244,
        0.01163838116585144,
        0.011511742040914085,
        0.011382073933990405,
        0.01131650848463843,
        0.010926782398018985,
        0.011076220647165819,
        0.010750080598518253,
        0.010558336191544575,
        0.010498189821373672,
        0.010541824643899288,
        0.010210137995558657,
        0.01017407951044983,
        0.009898058050644717,
        0.010310382525702672,
        0.00971248528221622,
        0.009929253175921205,
        0.00973873220251075,
        0.009667182432687176,
        0.010011797363404185,
        0.00965653343591839,
        0.009961875990432289,
        0.009807397692929954,
        0.009634240081400744,
        0.009496374727625932,
        0.009505661023181997,
        0.009692031407030299,
        0.009318923740647734,
        0.009464461549318263,
        0.009462763204438878,
        0.009238673756564302,
        0.00922830211846823,
        0.009451617243134284,
        0.009074856374146683,
        0.008988758401080434,
        0.009242590244061181,
        0.009405779072715502,
        0.009270560254143285,
        0.009065342574779476,
        0.009017660539497489,
        0.00905795771271057,
        0.008823403712761189,
        0.009025794630204993,
        0.009094499212889268,
        0.008608690048069028,
        0.009027287867918078,
        0.008666074188658968
    ],
    "val_mse_history": [
        0.02042204059803882,
        0.01951023858252261,
        0.017630239309006628,
        0.01761894986956845,
        0.016662508236920517,
        0.017005922017564623,
        0.01612881592733638,
        0.01583462236775626,
        0.014892104981917275,
        0.013972255065821292,
        0.014623425000346045,
        0.014149365806681934,
        0.013431401895027189,
        0.013603357620084461,
        0.012328573083174312,
        0.013136103736888366,
        0.012694634681260987,
        0.01255417023558679,
        0.01262688312241337,
        0.011801160884351635,
        0.012377859467639283,
        0.011779905441188347,
        0.011641237173522065,
        0.011722881076715033,
        0.011447463220908661,
        0.011674658991295264,
        0.011889615061367303,
        0.011601736364291572,
        0.011557839582670476,
        0.011262650731403211,
        0.011355326205977345,
        0.01167438883409208,
        0.011240786937139561,
        0.011063028064112987,
        0.011777011581536235,
        0.011164578614640746,
        0.011218827927318448,
        0.010940093559614455,
        0.011039487783934607,
        0.011527882448674547,
        0.010765600877542573,
        0.011099951545751299,
        0.011204728283650206,
        0.010759082241761898,
        0.01076272794893077,
        0.011572431460990941,
        0.010794824836639539,
        0.010625376467876339,
        0.010774293716787087,
        0.010822940230047874,
        0.011245771049937604,
        0.010603480358467457,
        0.010877704093336861,
        0.011337741737796232,
        0.010476784144361387,
        0.011024079864837711,
        0.010495144016170885,
        0.01076472476725668,
        0.011302002649483141,
        0.010839240403432976
    ],
    "test_metrics_scaled": {
        "MAE": 0.1150433036078394,
        "MSE": 0.022455078968976434,
        "MdAE": 0.09587336331605911,
        "Pred(50)": 0.4277286135693215
    },
    "test_metrics_real": {
        "MAE": 1.3805196432940727,
        "MSE": 3.2335313715326066,
        "MdAE": 1.1504803597927094,
        "Pred(50)": 0.4277286135693215
    }
}