{
    "run_id": 10,
    "seed": 51,
    "elapsed_sec": 17.01100182533264,
    "best_val_mse": 0.009621778513305871,
    "epochs_trained": 54,
    "train_loss_history": [
        0.03288310446576881,
        0.02040635693951377,
        0.018338936271278986,
        0.01712622571670051,
        0.016201041472543563,
        0.015668010731626835,
        0.01521763010615749,
        0.014858251667049314,
        0.013906476886144705,
        0.013744274353874581,
        0.013294958544429391,
        0.012796240457932331,
        0.012355846159958413,
        0.01188866717774155,
        0.01154599913196372,
        0.011283073748927563,
        0.01121522304768275,
        0.011249058906521116,
        0.011015697061416826,
        0.010734843419465635,
        0.010376987015895013,
        0.010149162182850497,
        0.01004534765545811,
        0.00999070726933756,
        0.010088377507470016,
        0.009409747618649687,
        0.009479560055271057,
        0.009657633347835924,
        0.00918032791315844,
        0.009410196038827832,
        0.008935159320078259,
        0.00911651767757056,
        0.009196925169921348,
        0.008741856239170634,
        0.008675170200876891,
        0.008589004543942532,
        0.008321724426267402,
        0.00844539699444015,
        0.007880384452541226,
        0.008351444589373256,
        0.008172249685906406,
        0.008101107509407615,
        0.007836638983072979,
        0.007874176479111027,
        0.007590156192392377,
        0.007622443315839129,
        0.0075233326842343165,
        0.007904420560225844,
        0.007411664872363742,
        0.007541353112485792,
        0.007644512237415516,
        0.007346418149869091,
        0.007385675871877798,
        0.0075397049409470385
    ],
    "val_mse_history": [
        0.0231335526356927,
        0.02036662707346093,
        0.018607567654629002,
        0.017532652457736803,
        0.017410285621743002,
        0.01714380700197233,
        0.016385117845390804,
        0.0155338817407087,
        0.01607688254379953,
        0.015192369037863505,
        0.015464709116589885,
        0.014669273117609734,
        0.01443387743119788,
        0.014109972446798883,
        0.013861793057183476,
        0.01345141610809939,
        0.013251205228073947,
        0.012860173075979656,
        0.01268718911807913,
        0.012981422161331878,
        0.012662518470332439,
        0.012347730371271959,
        0.01256721680272899,
        0.011898213706058708,
        0.012193111142300202,
        0.011914744615674256,
        0.011693920966546988,
        0.01144932824527937,
        0.011654370869860115,
        0.011633797282257802,
        0.011200193175280714,
        0.01116616699681108,
        0.010832598318510783,
        0.010816835123716718,
        0.010570939626885096,
        0.01062617880567488,
        0.011128570580897099,
        0.010588930136950577,
        0.010132097365036738,
        0.010751446472057348,
        0.010152572896847794,
        0.010327448235846082,
        0.010376695757216189,
        0.009958180049999968,
        0.010193268848727706,
        0.010115028482444848,
        0.010039976927754846,
        0.010167471258966455,
        0.009621778513305871,
        0.01033358797128744,
        0.009640365930776823,
        0.010102337732522447,
        0.010012366518725967,
        0.010102188810758018
    ],
    "test_metrics_scaled": {
        "MAE": 0.10682540636386599,
        "MSE": 0.022616422459448733,
        "MdAE": 0.08383386582136154,
        "Pred(50)": 0.46546546546546547
    },
    "test_metrics_real": {
        "MAE": 1.2819048763663918,
        "MSE": 3.2567648341606175,
        "MdAE": 1.0060063898563385,
        "Pred(50)": 0.46546546546546547
    }
}