{
    "run_id": 8,
    "seed": 49,
    "elapsed_sec": 14.103386402130127,
    "best_val_mse": 0.008867568368262356,
    "epochs_trained": 45,
    "train_loss_history": [
        0.02141192530481411,
        0.019088777846523693,
        0.017878378109474267,
        0.016502102324739098,
        0.016253975376353733,
        0.015131675989167499,
        0.014662165647106512,
        0.014269188593607396,
        0.013902564985411509,
        0.013684513401572725,
        0.012865854517024542,
        0.012372726685966232,
        0.012415923823469451,
        0.011960564791557512,
        0.011633569603353473,
        0.011336560364413474,
        0.011333544816755291,
        0.01118398579669052,
        0.010392993181345187,
        0.01040677351411432,
        0.010283831646665931,
        0.01021478398470208,
        0.009923918057964849,
        0.010079696425236762,
        0.009675617589216147,
        0.009590762853622436,
        0.009810295115624154,
        0.00955962723819539,
        0.00925006501160429,
        0.009311026846989989,
        0.008981954845200693,
        0.008895213630499452,
        0.008731547935998866,
        0.00866176480527169,
        0.008979052890624319,
        0.008516357413360051,
        0.008397406172506245,
        0.008389014907048216,
        0.00818995185379338,
        0.007958110309638349,
        0.007767399514393349,
        0.008112068110079106,
        0.008044616690105094,
        0.007897145273662837,
        0.00772127646154591
    ],
    "val_mse_history": [
        0.01888084481982904,
        0.01749067418707072,
        0.01624270976359112,
        0.015604989949359827,
        0.015349972645099658,
        0.014962163098172103,
        0.01391553766868112,
        0.013428719032338284,
        0.0132223553807857,
        0.013000958536071937,
        0.01250462821672469,
        0.012719241060421374,
        0.011907617469483532,
        0.011769661046979359,
        0.01151286118241432,
        0.01121193550020885,
        0.010892144900816128,
        0.011515175092481959,
        0.011428514075985302,
        0.010854446874810792,
        0.010919020147716762,
        0.01021106185180803,
        0.010443503371488678,
        0.010436456591434443,
        0.010481282519969734,
        0.010042213684152196,
        0.010319304265947132,
        0.009812939377380718,
        0.00966858815514226,
        0.00955307869089793,
        0.00990571348913339,
        0.00969806469649431,
        0.009772351926972,
        0.009478951192897166,
        0.009445004093779756,
        0.008916846384591014,
        0.008926587824367163,
        0.008878786466461295,
        0.009347255787568908,
        0.008867568368262356,
        0.009210836740986267,
        0.00906758769073791,
        0.008886883183835096,
        0.00904522515875131,
        0.008950746017696756
    ],
    "test_metrics_scaled": {
        "MAE": 0.12478303126007581,
        "MSE": 0.025452876513076275,
        "MdAE": 0.09721148014068604,
        "Pred(50)": 0.36363636363636365
    },
    "test_metrics_real": {
        "MAE": 1.4973963751209096,
        "MSE": 3.6652142178829834,
        "MdAE": 1.1665377616882324,
        "Pred(50)": 0.36363636363636365
    }
}