{
    "run_id": 4,
    "seed": 45,
    "elapsed_sec": 18.39460301399231,
    "best_val_mse": 0.007651443192343375,
    "epochs_trained": 58,
    "train_loss_history": [
        0.039345904971872056,
        0.021661107431698058,
        0.019865711562202445,
        0.018900329626298378,
        0.018009499653375574,
        0.016973564444508937,
        0.017054281676454203,
        0.016401294941481737,
        0.015833939285948874,
        0.014990449685137719,
        0.014204030289381211,
        0.014395428914576769,
        0.013261129650553422,
        0.01319087144220248,
        0.012553810491226614,
        0.012192382417353136,
        0.01173995868635497,
        0.011586713844111987,
        0.011162575686882649,
        0.01061644573263558,
        0.011035846727567591,
        0.010389245760494045,
        0.010262782163252788,
        0.01000727290354137,
        0.00990655613630744,
        0.009666058146727404,
        0.009654014349715518,
        0.009623848916297513,
        0.009235088355905776,
        0.009230281318637675,
        0.008889288059435785,
        0.008723041146627761,
        0.008944936593927975,
        0.008793201098784006,
        0.008532193507666567,
        0.008424991854034098,
        0.008453942878570939,
        0.008346833459966417,
        0.008098326483741402,
        0.008037747306350087,
        0.008224867761600762,
        0.0079071318447989,
        0.007756499285044681,
        0.007807168569083193,
        0.007659591395141823,
        0.007671054967379729,
        0.00741109517818716,
        0.007169368618633598,
        0.007242663877384205,
        0.007363297786962773,
        0.007238270066279385,
        0.007051498117756897,
        0.006777832475823483,
        0.006875074296424697,
        0.006800919530048434,
        0.006782546743384695,
        0.006650374970299059,
        0.006518584997060576
    ],
    "val_mse_history": [
        0.020518753516339843,
        0.018818858616226293,
        0.017455289857839697,
        0.016156487600290106,
        0.016042367952832943,
        0.015807161278700556,
        0.01506444916288791,
        0.01417835924902663,
        0.014317390023621287,
        0.013348243336768439,
        0.01345913823988821,
        0.012463014394467328,
        0.013101061958538898,
        0.011879403206789747,
        0.012113240157814,
        0.011181506439780192,
        0.012074310504948824,
        0.01068174968045565,
        0.010753769006872088,
        0.010607701043773374,
        0.00992129166743433,
        0.010152371206590552,
        0.010228373250368366,
        0.00979586687552855,
        0.009857247799819672,
        0.009839125513818157,
        0.009619945337192808,
        0.009492033929771519,
        0.009136968414258668,
        0.00930854758760266,
        0.009232174854580723,
        0.00908949651520631,
        0.00904421906986238,
        0.008911469850104064,
        0.008739797238013195,
        0.008849552624862854,
        0.008537048371949336,
        0.008766450438982052,
        0.008641855055967524,
        0.008213574847670106,
        0.008627626363721663,
        0.008172950137212519,
        0.008414755186188309,
        0.008260477222105165,
        0.007945788304674437,
        0.008333538288058776,
        0.0078335589316986,
        0.007827710572862204,
        0.007952176272504434,
        0.00807955166074855,
        0.008058831731531641,
        0.008431114482001852,
        0.007651443192343375,
        0.007803657001707418,
        0.007760332042105218,
        0.0076625204927903085,
        0.007679201687086125,
        0.007783164522920776
    ],
    "test_metrics_scaled": {
        "MAE": 0.11479939341855545,
        "MSE": 0.023125307573323033,
        "MdAE": 0.09576766192913055,
        "Pred(50)": 0.3734567901234568
    },
    "test_metrics_real": {
        "MAE": 1.3775927210226655,
        "MSE": 3.330044290558517,
        "MdAE": 1.1492119431495667,
        "Pred(50)": 0.3734567901234568
    }
}