{
    "run_id": 6,
    "seed": 47,
    "elapsed_sec": 10.831064939498901,
    "best_val_mse": 0.012059580238263578,
    "epochs_trained": 34,
    "train_loss_history": [
        0.024271603683674974,
        0.019649778482770282,
        0.01820344359148294,
        0.017246264082911824,
        0.016713540465570987,
        0.015608479696259435,
        0.014989191413457904,
        0.014180079202300735,
        0.014044905626880272,
        0.01368984089099935,
        0.0129668699976589,
        0.012266947553559606,
        0.012742212414741516,
        0.012161362485494464,
        0.011900499818979629,
        0.011614981421735138,
        0.011137468344531953,
        0.011102664715144784,
        0.011038941727019847,
        0.01066610199299508,
        0.010269877573175887,
        0.010399321114112224,
        0.00970443473530135,
        0.010163127579393664,
        0.010031532559410802,
        0.009783544297429865,
        0.009414762762441698,
        0.009202557762286493,
        0.009180587601648377,
        0.009373071422201715,
        0.009298854409384409,
        0.009407384079947536,
        0.009565032463121627,
        0.009072186089386897
    ],
    "val_mse_history": [
        0.02306724027931575,
        0.02000806367681834,
        0.019747902486895817,
        0.018382577908832697,
        0.017860138939317687,
        0.01794560974278772,
        0.016276907265896694,
        0.016348842323633563,
        0.01586131193459817,
        0.01579319315706467,
        0.01526087973175675,
        0.014207063782728666,
        0.014576418464068305,
        0.014444591124328008,
        0.01467776471899475,
        0.013775043382607592,
        0.013471580163216389,
        0.01315584766163139,
        0.013933446779981595,
        0.013254808354611914,
        0.012824182146685667,
        0.013007979896195601,
        0.013522595120774836,
        0.013327655320016694,
        0.012851401744905188,
        0.0126624097824697,
        0.0123948892504929,
        0.012745956059802721,
        0.012059580238263578,
        0.012124229255208221,
        0.012446788558142201,
        0.01272610417941378,
        0.012195791134954425,
        0.01266081074617596
    ],
    "test_metrics_scaled": {
        "MAE": 0.10150596768362448,
        "MSE": 0.018372155691686487,
        "MdAE": 0.08185584843158722,
        "Pred(50)": 0.415625
    },
    "test_metrics_real": {
        "MAE": 1.2180716122034938,
        "MSE": 2.645590419602854,
        "MdAE": 0.9822701811790466,
        "Pred(50)": 0.415625
    }
}