{
    "run_id": 7,
    "seed": 48,
    "elapsed_sec": 13.610933780670166,
    "best_val_mse": 0.010596163434514016,
    "epochs_trained": 43,
    "train_loss_history": [
        0.03471676511690021,
        0.021942909620702267,
        0.020655373982819063,
        0.019316247671044298,
        0.018249253216864807,
        0.017180119584580617,
        0.01664093319060547,
        0.01601286468628262,
        0.015702990512363613,
        0.015096094747007426,
        0.014916241815912404,
        0.014055290024927152,
        0.013343809164195721,
        0.012894606774872435,
        0.012703623466326723,
        0.0124537594832613,
        0.011916023645816105,
        0.011498808521511299,
        0.011190407009728785,
        0.011097193316423467,
        0.011090650131726372,
        0.010860820737434551,
        0.010806819809866803,
        0.01041416453995875,
        0.009987479363501604,
        0.010091003579353648,
        0.009755521473873938,
        0.009634575626945922,
        0.009435587785472828,
        0.009207564831844399,
        0.0094095089007169,
        0.009119476359670184,
        0.009187391638157091,
        0.009047017667242991,
        0.008845571018589128,
        0.008521494584523939,
        0.008628246726168852,
        0.008940791667139689,
        0.008764191784263988,
        0.008174452104140074,
        0.00847019621952703,
        0.007982564523782848,
        0.007854677941317537
    ],
    "val_mse_history": [
        0.023731214283033784,
        0.021835599730460852,
        0.019908969542495988,
        0.020018446480769243,
        0.018222717847833195,
        0.0180049030912045,
        0.01747322822819893,
        0.016939510394277543,
        0.01696504044402605,
        0.01618943031967534,
        0.016071375797477142,
        0.015219223543465105,
        0.015532046019785714,
        0.014007300908402052,
        0.014195769170258292,
        0.014702994078950257,
        0.014076224214192867,
        0.013114050436964796,
        0.014361274773194972,
        0.012776181803355638,
        0.013629004152554873,
        0.01296730069692848,
        0.012814347747521515,
        0.012637256738899774,
        0.01277383699298389,
        0.012191356919167924,
        0.012143648548862835,
        0.011588304237151612,
        0.012992059261961422,
        0.012407672124056388,
        0.011575828296703498,
        0.01170013984245889,
        0.012965075265488388,
        0.011495016450564985,
        0.011947725030500707,
        0.01194215553080711,
        0.011740244964932771,
        0.010596163434514016,
        0.011103069003949874,
        0.011182330344626694,
        0.011501887906177986,
        0.011047060615835042,
        0.011441936024190413
    ],
    "test_metrics_scaled": {
        "MAE": 0.11531779390288753,
        "MSE": 0.024079297703531417,
        "MdAE": 0.08739624172449112,
        "Pred(50)": 0.367816091954023
    },
    "test_metrics_real": {
        "MAE": 1.3838135268346503,
        "MSE": 3.467418869308524,
        "MdAE": 1.0487549006938934,
        "Pred(50)": 0.367816091954023
    }
}