{
    "run_id": 5,
    "seed": 46,
    "elapsed_sec": 24.661704301834106,
    "best_val_mse": 0.007120515109767771,
    "epochs_trained": 78,
    "train_loss_history": [
        0.03526560981491847,
        0.020478003611788153,
        0.01860931557270565,
        0.017512509605980345,
        0.01715429386323584,
        0.016197684101228203,
        0.01527656133153609,
        0.01488904284113752,
        0.014525420434906015,
        0.0139735930200134,
        0.013495418193217899,
        0.013278744175996898,
        0.012929098126811108,
        0.013065142478860382,
        0.0121703874236638,
        0.012059036121770207,
        0.011768992371591075,
        0.010996370875675763,
        0.011164116515179298,
        0.010825948174377637,
        0.010961461822236222,
        0.010541381425822952,
        0.010314160128057534,
        0.010265637709692653,
        0.010293879679271154,
        0.009921532047779432,
        0.009901831087855889,
        0.00945311510503026,
        0.009584371669084898,
        0.009711566233142678,
        0.009260863947149898,
        0.009191114415547678,
        0.008906120669728677,
        0.008762727280346943,
        0.008879457824930017,
        0.008577492061470236,
        0.00862434629733408,
        0.008648630154285845,
        0.00830101212403471,
        0.008371418631369514,
        0.008229488713134612,
        0.008021702492676143,
        0.008033999515464529,
        0.00791144230752252,
        0.007900663350509214,
        0.007805298012681305,
        0.008026009330725564,
        0.007490933736387108,
        0.007630765990221075,
        0.007313378001396943,
        0.0072679040787209355,
        0.00717660905460694,
        0.007195318827871233,
        0.007123967928678861,
        0.007137516148837416,
        0.00694131095411389,
        0.006848973140586167,
        0.00702231853585025,
        0.00684068675951234,
        0.0066295449588713905,
        0.006766138638236693,
        0.006486770757640313,
        0.006438354938291013,
        0.006468546354777313,
        0.006509639589681423,
        0.00658078293199651,
        0.006275569479164135,
        0.0061975599091965705,
        0.005901545069978705,
        0.006142560488245051,
        0.006044151137549696,
        0.005890407197875902,
        0.0059877426962235145,
        0.005854721077983933,
        0.005960715216185366,
        0.0056722205431599705,
        0.005903667436879394,
        0.005568813448605527
    ],
    "val_mse_history": [
        0.023150348585378934,
        0.020438976501781853,
        0.019012282838464706,
        0.018335475384502743,
        0.01796856925181266,
        0.016643416707301812,
        0.01692446858933001,
        0.015934934082897048,
        0.015827845562844042,
        0.014823178009966017,
        0.014531990951813524,
        0.014464448057720328,
        0.013581256510853615,
        0.013384088184222286,
        0.012943267533561485,
        0.012503475256529928,
        0.012095360058915126,
        0.012260147190092871,
        0.011809871752910523,
        0.011732651994342343,
        0.011743642878045838,
        0.011432153016490306,
        0.011434790892322633,
        0.011482602736848924,
        0.010819406826194918,
        0.010952483610979688,
        0.010752964864950433,
        0.010658785508458073,
        0.01065030852662504,
        0.010213614647680572,
        0.010395620777453821,
        0.010395940548556635,
        0.010056971566872876,
        0.00995539646033547,
        0.009934586722858916,
        0.00975420861289666,
        0.009784147409631577,
        0.00968547647452731,
        0.0097638727217639,
        0.00959479870563311,
        0.009228059419190332,
        0.009174333404391558,
        0.009292263721209088,
        0.009142202452950549,
        0.009012985205386905,
        0.009143836476818398,
        0.008902635392088654,
        0.008838619929467344,
        0.008905195975436443,
        0.00833960138817781,
        0.008506940814796762,
        0.008531407391325138,
        0.008412020268936192,
        0.008262537609330238,
        0.00837972264597819,
        0.008494582045062794,
        0.00849943090662729,
        0.008064634355225888,
        0.008404660315193248,
        0.007947290233819043,
        0.008730060129815129,
        0.008117863958456494,
        0.007890534649255113,
        0.007510167362722643,
        0.008038721738916487,
        0.00785203866728984,
        0.0076123461041430855,
        0.007529984521803324,
        0.007421387486682679,
        0.0073286974710896485,
        0.007584434269400511,
        0.0074466544671111514,
        0.007120515109767771,
        0.0074911804821155776,
        0.007490678684020434,
        0.00755478844957136,
        0.007278939260665256,
        0.007392154693218028
    ],
    "test_metrics_scaled": {
        "MAE": 0.1129003438906419,
        "MSE": 0.023906898312136063,
        "MdAE": 0.0842079296708107,
        "Pred(50)": 0.3873015873015873
    },
    "test_metrics_real": {
        "MAE": 1.3548041266877027,
        "MSE": 3.442593356947593,
        "MdAE": 1.0104951560497284,
        "Pred(50)": 0.3873015873015873
    }
}