{
    "run_id": 7,
    "seed": 48,
    "elapsed_sec": 35.37186861038208,
    "best_val_mse": 0.004890178789082692,
    "epochs_trained": 68,
    "train_loss_history": [
        0.02188248818533288,
        0.013547054533727275,
        0.011927943230948897,
        0.010757295586940888,
        0.010095631091807706,
        0.00982296301706686,
        0.00947507319605758,
        0.008817649617568295,
        0.00865891600240611,
        0.008282879790346911,
        0.007871385966228623,
        0.007396111287709931,
        0.007126863696612418,
        0.006941643204245494,
        0.006993095821832331,
        0.006852389251092911,
        0.006524529710061785,
        0.006181607145266846,
        0.006257109982797351,
        0.005873386327248926,
        0.005763952413366901,
        0.005737231654795603,
        0.005784362267740628,
        0.005650833958031562,
        0.00557505892854359,
        0.005248888298465162,
        0.005210719277294209,
        0.0052623293147637295,
        0.005042321933980665,
        0.004934547629961585,
        0.005023303559362395,
        0.00497827409969595,
        0.004960310578985044,
        0.004737685154924472,
        0.0046106841980825914,
        0.004538952737139204,
        0.004535405495120451,
        0.0044800092674628636,
        0.004361783499574751,
        0.004458878565933874,
        0.004365469695966388,
        0.004286629131907581,
        0.004144347497683941,
        0.004006926268319257,
        0.004202112930371132,
        0.004075749005384059,
        0.004094606475122511,
        0.0038762994764301065,
        0.003919644536735076,
        0.004054112486744252,
        0.0036975780027345396,
        0.00401747337458894,
        0.003771854639172745,
        0.0038392854681334053,
        0.0036336935217826604,
        0.003657198343779215,
        0.0035144796843230566,
        0.0034797069838998886,
        0.0033928368844561535,
        0.003518826995864829,
        0.0034287889397496153,
        0.003428024626396692,
        0.0033524802123031253,
        0.0033637284624348516,
        0.003273284214232356,
        0.003214763458042095,
        0.003288462553591205,
        0.003138255398336432
    ],
    "val_mse_history": [
        0.013680911364642967,
        0.01121262904988913,
        0.011010287535910088,
        0.010264290124417009,
        0.009231551556454788,
        0.008928004765307748,
        0.008873575521291253,
        0.009080110883853729,
        0.008165439570693296,
        0.007780907685712506,
        0.00796698723175348,
        0.007505458812582769,
        0.007351578928536322,
        0.007328475605814083,
        0.007048753921180892,
        0.007269352801268415,
        0.00722019998657403,
        0.00679731850402555,
        0.006821381697871181,
        0.006659659517707261,
        0.006823801412523486,
        0.006529423553466766,
        0.006702591222888328,
        0.006372660487992114,
        0.006409944006997312,
        0.006301674114821492,
        0.0063054451690373135,
        0.0063755474340772365,
        0.006165483566865866,
        0.006360590299689682,
        0.006140145443924231,
        0.006296672437096849,
        0.006006013340220758,
        0.005927436586149004,
        0.005834665904765505,
        0.0060118836008616885,
        0.005713837866194083,
        0.005642046224852421,
        0.005774180199090517,
        0.00562210920857609,
        0.00573651508157601,
        0.005688902253867568,
        0.005961700528862968,
        0.00550082580094973,
        0.00550129527125883,
        0.005497896029610831,
        0.005561930057168695,
        0.005495251031235336,
        0.0054932065107884415,
        0.005327061782630387,
        0.005535052019121286,
        0.005238265240104352,
        0.005140292408475494,
        0.005291699827608846,
        0.005256295640576509,
        0.005175694040623713,
        0.0052419210641292575,
        0.004959124546899117,
        0.004998179654920309,
        0.005142372534661384,
        0.00517379414557078,
        0.00517776788382861,
        0.004890178789082692,
        0.005031605426618444,
        0.005135881469189293,
        0.005130852723932777,
        0.005003074064684715,
        0.005006879178132043
    ],
    "test_metrics_scaled": {
        "MAE": 0.08680122904310172,
        "MSE": 0.0158094452790416,
        "MdAE": 0.06447163224220276,
        "Pred(50)": 0.5218181818181818
    },
    "test_metrics_real": {
        "MAE": 2.9512417874654586,
        "MSE": 18.27571874257209,
        "MdAE": 2.192035496234894,
        "Pred(50)": 0.5218181818181818
    }
}