{
    "run_id": 8,
    "seed": 49,
    "elapsed_sec": 23.457727432250977,
    "best_val_mse": 0.005290618362112811,
    "epochs_trained": 45,
    "train_loss_history": [
        0.011464503349967174,
        0.010055456560753828,
        0.009470445901438052,
        0.009089691543048168,
        0.008648208732036157,
        0.008117984032604652,
        0.007775096845630015,
        0.007716209252571894,
        0.007423533843113826,
        0.007334037440625998,
        0.006936936331295974,
        0.006603218001635889,
        0.0064699793506600755,
        0.006407110197628792,
        0.006335140015127965,
        0.006059546971098623,
        0.005724203962390908,
        0.005819539358425472,
        0.005570336279079206,
        0.005657489034178086,
        0.005495310476214951,
        0.005257876684917058,
        0.005266303590570505,
        0.005357326278273956,
        0.005265052110189572,
        0.0052479613188288025,
        0.004991973329407091,
        0.004887562630942856,
        0.005032844761009407,
        0.0047193491377700595,
        0.004726507405463893,
        0.004765143849574523,
        0.004713103338094969,
        0.004591047659597925,
        0.004526044739336651,
        0.004679299850448663,
        0.004416837184849139,
        0.004379077891383368,
        0.004330552929592454,
        0.004315154830941087,
        0.00427668296550918,
        0.0043346595076812254,
        0.004154298297063901,
        0.004190918720331298,
        0.004181700056164056
    ],
    "val_mse_history": [
        0.010837519099711316,
        0.009508882763311067,
        0.00907236132547753,
        0.008677256165755999,
        0.008228983385178334,
        0.008096147749792577,
        0.007854437192274279,
        0.007683026455108512,
        0.0074276829669094,
        0.007232042263896238,
        0.0072900619662496675,
        0.007041211582551261,
        0.006732645908466066,
        0.006680655031205453,
        0.006395971234103442,
        0.006777857405327531,
        0.0064289025067402064,
        0.006215862639705062,
        0.006591581388762755,
        0.00637984750025977,
        0.006159547196483473,
        0.006090098747004124,
        0.006014935733248116,
        0.006350461471386969,
        0.0058999531551655595,
        0.005893781404212549,
        0.005865946200939064,
        0.006097847536389422,
        0.005831301644795658,
        0.005758308046635988,
        0.005736486126725245,
        0.0057587183930783515,
        0.005940273768846047,
        0.0057392413455088775,
        0.005645412799098797,
        0.005791582676837048,
        0.005582630229924481,
        0.005574599306701643,
        0.005474251253950836,
        0.005290618362112811,
        0.005521050942805078,
        0.005623499049284701,
        0.005486453457477924,
        0.0053465942253292514,
        0.005328499179296211
    ],
    "test_metrics_scaled": {
        "MAE": 0.0869789949526911,
        "MSE": 0.015296826597692992,
        "MdAE": 0.06574242562055588,
        "Pred(50)": 0.48709122203098104
    },
    "test_metrics_real": {
        "MAE": 2.9572858283914973,
        "MSE": 17.683131546933097,
        "MdAE": 2.2352424710989,
        "Pred(50)": 0.48709122203098104
    }
}