{
    "run_id": 1,
    "seed": 42,
    "elapsed_sec": 23.336693048477173,
    "best_val_mse": 0.005322913159074625,
    "epochs_trained": 44,
    "train_loss_history": [
        0.015440827899246326,
        0.012147579781918062,
        0.010861323937439384,
        0.010061102668539835,
        0.009842015097900812,
        0.009583363909489261,
        0.009064602039248928,
        0.008548053150646325,
        0.008495614015194787,
        0.008280459334218126,
        0.007737487466989929,
        0.007690069281086166,
        0.007465228899063654,
        0.007302302971151936,
        0.007141328692380498,
        0.0070161538795094425,
        0.006547808066074155,
        0.006723479746391153,
        0.006577315388553832,
        0.006365326228481917,
        0.006362272898117319,
        0.0061912199021635465,
        0.006139307476641833,
        0.006042138147257412,
        0.005792312580011547,
        0.005834286540456148,
        0.0057748748140278245,
        0.0055569618635385055,
        0.005484950235690603,
        0.005399959141231325,
        0.005393275622682423,
        0.00528195730318976,
        0.0052062068900698396,
        0.0053642374629047345,
        0.005105834359026506,
        0.005077039182651788,
        0.004905969008970528,
        0.004623692930461123,
        0.004811125440556859,
        0.004665436022904996,
        0.004757367397243611,
        0.004756624721096128,
        0.004644730995492771,
        0.004523324576190585
    ],
    "val_mse_history": [
        0.011496237086018024,
        0.009881878474868974,
        0.009739105800549801,
        0.009312367792952908,
        0.008899771576761206,
        0.008857978970676335,
        0.008696832657532984,
        0.008118474015328038,
        0.008101270109523145,
        0.007742903223745805,
        0.007628587095349631,
        0.007452607253211588,
        0.007226056129274183,
        0.007321094861136513,
        0.006993161994492321,
        0.006431908732669271,
        0.006648561319219223,
        0.006473329067209116,
        0.006502328836916887,
        0.006365569202596312,
        0.006220428927963443,
        0.006469444521627011,
        0.006230610227123202,
        0.006491748503546471,
        0.005991659148462556,
        0.0060445345133249475,
        0.005811068423653752,
        0.00604363349637537,
        0.005914622242509331,
        0.00579141967629099,
        0.005617737918585515,
        0.006057389591273266,
        0.005472679465258446,
        0.005503401700429316,
        0.005440392688291139,
        0.005866863566260899,
        0.005682590274588319,
        0.005511099292643268,
        0.005322913159074625,
        0.005371133217926888,
        0.005373811321009791,
        0.005455805332479312,
        0.005513095539439131,
        0.005507148079557858
    ],
    "test_metrics_scaled": {
        "MAE": 0.08595876320795268,
        "MSE": 0.013572858031273845,
        "MdAE": 0.06421710550785065,
        "Pred(50)": 0.5206463195691203
    },
    "test_metrics_real": {
        "MAE": 2.922597949070391,
        "MSE": 15.690223884152564,
        "MdAE": 2.183381587266922,
        "Pred(50)": 0.5206463195691203
    }
}