{
    "run_id": 5,
    "seed": 46,
    "elapsed_sec": 20.03536868095398,
    "best_val_mse": 0.00583575521255347,
    "epochs_trained": 39,
    "train_loss_history": [
        0.020005346606206946,
        0.011596123424247226,
        0.010394916049817689,
        0.009621686346403077,
        0.009011815331924038,
        0.008563608252025472,
        0.007915083127410715,
        0.007876547319619542,
        0.007432366182538084,
        0.007574357829180061,
        0.007122359801239024,
        0.006770493011448023,
        0.006636334696593575,
        0.006529453688631487,
        0.00636424732585557,
        0.006223467764201868,
        0.006003970104174163,
        0.005957400657109216,
        0.0057783313590583476,
        0.005576327835651449,
        0.005583485199882784,
        0.005480141164516059,
        0.00532776129215112,
        0.005285236696438052,
        0.005334843026472128,
        0.0050188013353448715,
        0.005095875906831641,
        0.005084299390118681,
        0.004691561754160107,
        0.004589752868986012,
        0.004648068294916143,
        0.004753709483929535,
        0.004505650038606065,
        0.004466544354929485,
        0.004451382020438631,
        0.004287016468070861,
        0.004291973535208287,
        0.0042558844339572145,
        0.004262470299826784
    ],
    "val_mse_history": [
        0.014504582511956833,
        0.012350446828942898,
        0.011422429425969084,
        0.010474409109886604,
        0.010005871789563196,
        0.010094167078864265,
        0.009357373109359938,
        0.009084055282760257,
        0.008882766519420816,
        0.008337268661194702,
        0.008347574940718406,
        0.008097491305744966,
        0.008097646568740145,
        0.008075829283943261,
        0.007723167567059881,
        0.007692984629503684,
        0.007354052349218478,
        0.007190447006089206,
        0.00740161317772809,
        0.007009689236645639,
        0.006925177515619191,
        0.006732435631454274,
        0.006564066490539504,
        0.006584206288868774,
        0.0066095614096958,
        0.006551196164609818,
        0.006505683179541255,
        0.006410844773799977,
        0.006619025207212616,
        0.006354652687461874,
        0.006299664340058663,
        0.006126642537522438,
        0.00632802232086692,
        0.00583575521255347,
        0.0062378499916336295,
        0.006076056157198581,
        0.005905937623841705,
        0.006000689062532096,
        0.00583746360578279
    ],
    "test_metrics_scaled": {
        "MAE": 0.08385196681966296,
        "MSE": 0.016373784373486015,
        "MdAE": 0.05722537636756897,
        "Pred(50)": 0.5622775800711743
    },
    "test_metrics_real": {
        "MAE": 2.8509668718685406,
        "MSE": 18.928094735749834,
        "MdAE": 1.945662796497345,
        "Pred(50)": 0.5622775800711743
    }
}