{
    "run_id": 9,
    "seed": 50,
    "elapsed_sec": 22.273540019989014,
    "best_val_mse": 0.0063605126842595965,
    "epochs_trained": 43,
    "train_loss_history": [
        0.02247086690706957,
        0.012661250025575232,
        0.011218525258362548,
        0.010560698446053535,
        0.009389655921273889,
        0.008918645957377382,
        0.008894363120715652,
        0.008155282861433731,
        0.008019849065985754,
        0.0075213766162299635,
        0.007428177680649086,
        0.007205782802954603,
        0.007075082983833571,
        0.0068450373921814,
        0.006720231136040459,
        0.0065217860262944466,
        0.006111807092869033,
        0.006131672443181245,
        0.006098605023744779,
        0.005710421548957308,
        0.00595058765512111,
        0.005583804614173296,
        0.005624055032594464,
        0.0055967826532044756,
        0.005436389166493622,
        0.005232712621830451,
        0.005171275903116593,
        0.005062747628549432,
        0.0051711475910443784,
        0.004957072772374217,
        0.004773776879997796,
        0.005091344655225746,
        0.0050152686668826565,
        0.0047916169765874995,
        0.0047229108812076506,
        0.004755497615934652,
        0.004579172952251875,
        0.004383484073009135,
        0.0044400264095101095,
        0.00464912630770849,
        0.004395282968359355,
        0.004302615045348947,
        0.004370330492607676
    ],
    "val_mse_history": [
        0.015164129930619205,
        0.013141532899966838,
        0.012339945941947594,
        0.011126886008769842,
        0.010718856452141547,
        0.010442367636961387,
        0.010208359282454747,
        0.009803319015649032,
        0.009391889060074298,
        0.009447769010237722,
        0.00905038505845075,
        0.008465754924795793,
        0.008676872108616276,
        0.00810240674520621,
        0.00803114865093231,
        0.008197766723072476,
        0.007988153898479178,
        0.007538873161996907,
        0.007739658345275996,
        0.007460786722513104,
        0.007487608267501122,
        0.007572582646623582,
        0.007316188091386492,
        0.00704500774635958,
        0.007239967219682649,
        0.007032432900868315,
        0.007170038221937626,
        0.006915851494008955,
        0.006930796384409989,
        0.007005221910485427,
        0.0071413699568329565,
        0.006626260841068999,
        0.006733777871093216,
        0.00680593761486906,
        0.006715178817662019,
        0.006790437804654712,
        0.006447869895714844,
        0.0063605126842595965,
        0.006880744948562642,
        0.006534109254911084,
        0.0065480734695217025,
        0.0066627866674742395,
        0.006378126510085026
    ],
    "test_metrics_scaled": {
        "MAE": 0.0886035879713393,
        "MSE": 0.016487351492749998,
        "MdAE": 0.06199238449335098,
        "Pred(50)": 0.5125448028673835
    },
    "test_metrics_real": {
        "MAE": 3.0125219910255363,
        "MSE": 19.059378325618997,
        "MdAE": 2.1077410727739334,
        "Pred(50)": 0.5125448028673835
    }
}