{
    "run_id": 4,
    "seed": 45,
    "elapsed_sec": 15.240312814712524,
    "best_val_mse": 0.006295417589039019,
    "epochs_trained": 29,
    "train_loss_history": [
        0.023420824704126608,
        0.013137364476465452,
        0.011742844676169066,
        0.010836634104852525,
        0.01010535285075824,
        0.009698795027330391,
        0.009447045331227824,
        0.00883364768521701,
        0.008484862516455065,
        0.008281584597256385,
        0.008026056434923353,
        0.007583918301667222,
        0.007377405089732164,
        0.007009206890450934,
        0.006807033588978438,
        0.006937615367938152,
        0.006700712325783749,
        0.006514030528597088,
        0.006263626362774203,
        0.006188987932888329,
        0.00585803499720935,
        0.005967465613154758,
        0.005863120786111372,
        0.005754285978559309,
        0.005451694940581011,
        0.005520556365342763,
        0.005269036368361443,
        0.0051869225101724556,
        0.005212253901006009
    ],
    "val_mse_history": [
        0.012776994740263281,
        0.012157017704725388,
        0.010599889114891372,
        0.010506523153175263,
        0.009825119419437148,
        0.009595931581410467,
        0.009435391417066381,
        0.008716064842426284,
        0.00894239439947552,
        0.008372896536371828,
        0.008833167939244942,
        0.00815746540942785,
        0.008134050530730708,
        0.007876905648545485,
        0.00745233950582478,
        0.0074193692505579115,
        0.007533942248080605,
        0.007762023829531334,
        0.007264163433080548,
        0.007201934752910646,
        0.0066645028668368975,
        0.006925841319241436,
        0.007286915401044158,
        0.006295417589039019,
        0.007079507823939872,
        0.006543400782804364,
        0.006696603552136709,
        0.0068264339918898045,
        0.006638401898233421
    ],
    "test_metrics_scaled": {
        "MAE": 0.08672631910127221,
        "MSE": 0.014422175448356717,
        "MdAE": 0.06289789080619812,
        "Pred(50)": 0.5454545454545454
    },
    "test_metrics_real": {
        "MAE": 2.948694849443255,
        "MSE": 16.672034818300364,
        "MdAE": 2.138528287410736,
        "Pred(50)": 0.5454545454545454
    }
}