{
    "run_id": 10,
    "seed": 51,
    "elapsed_sec": 23.08151936531067,
    "best_val_mse": 0.0045181697386069706,
    "epochs_trained": 45,
    "train_loss_history": [
        0.018733285495844215,
        0.012047768492375014,
        0.011331122390464203,
        0.01040901942576608,
        0.00988138523689097,
        0.00937031126087611,
        0.009254946086344779,
        0.008481705276709463,
        0.008403599745808886,
        0.007953690277396614,
        0.007557633155797664,
        0.007385611292830485,
        0.007135790621993156,
        0.006879672748892385,
        0.00661828476909755,
        0.00646716968378283,
        0.00624354223623219,
        0.006368995748627453,
        0.0059998487301457385,
        0.006090171183419661,
        0.005853041233375478,
        0.005680047802708677,
        0.005786270978034705,
        0.005642316084002885,
        0.005248130563324174,
        0.005343646192664487,
        0.0052596208936451245,
        0.005067398570653083,
        0.005197724109539428,
        0.005067339508906683,
        0.0049438610256044594,
        0.00473834748298296,
        0.004858565447119693,
        0.004849687786066395,
        0.004713438188858155,
        0.00463770489824307,
        0.004620641851041498,
        0.004528792303614716,
        0.0044306307012696835,
        0.0042574863334118715,
        0.004291808208536245,
        0.004344302818998018,
        0.004290701075194356,
        0.004325780988438055,
        0.0041225477963542706
    ],
    "val_mse_history": [
        0.0112552297344005,
        0.010516985724634253,
        0.009559653608939699,
        0.008485901421439877,
        0.008071830446938872,
        0.0075818526644198464,
        0.007583980053890424,
        0.00749336558850687,
        0.007163793752663757,
        0.006607047985822614,
        0.006832816640585072,
        0.006205529352569995,
        0.005989046560304526,
        0.00592699635957566,
        0.00593203217226795,
        0.005637389076445327,
        0.005884940671380117,
        0.0058494485915293205,
        0.005819860641725292,
        0.00538008600314569,
        0.005318277424981038,
        0.005639181976047879,
        0.0050803859867276655,
        0.005030360101858322,
        0.005026217678942646,
        0.005015142678020772,
        0.004972070545160669,
        0.005190043370117847,
        0.005320663400423023,
        0.004858023909843793,
        0.004822609659968758,
        0.004808423021184347,
        0.004821051600962446,
        0.005306019864869562,
        0.0047026859363057776,
        0.005042027494146434,
        0.004802805354832132,
        0.0048250444406437104,
        0.005010543820474074,
        0.0045181697386069706,
        0.005000701726310045,
        0.004794064456812445,
        0.004573645181287449,
        0.004845563041320171,
        0.004781341788739712
    ],
    "test_metrics_scaled": {
        "MAE": 0.09176621111878834,
        "MSE": 0.017576789141855075,
        "MdAE": 0.0664696991443634,
        "Pred(50)": 0.48990825688073397
    },
    "test_metrics_real": {
        "MAE": 3.1200511780388034,
        "MSE": 20.318768247984465,
        "MdAE": 2.2599697709083557,
        "Pred(50)": 0.48990825688073397
    }
}