{
    "run_id": 3,
    "seed": 44,
    "elapsed_sec": 22.433247089385986,
    "best_val_mse": 0.007890813156030895,
    "epochs_trained": 42,
    "train_loss_history": [
        0.02133293009788976,
        0.013275377070292449,
        0.011670181022272406,
        0.010677352577495651,
        0.010189809936942516,
        0.009481961256824434,
        0.009211741156505946,
        0.008518118396377524,
        0.008201053732226038,
        0.008098179229702324,
        0.007492644074034646,
        0.0074614548143278015,
        0.007012506226041855,
        0.007000998140643072,
        0.006273216828126779,
        0.006536461522108199,
        0.0061441569919419336,
        0.006107471575343615,
        0.005984576419493359,
        0.005680946339693908,
        0.0055811703346896535,
        0.005711566593645252,
        0.005509546425086088,
        0.005506189473860889,
        0.00530231177695414,
        0.005295377333139061,
        0.005062847809157629,
        0.005200599737387772,
        0.004917043993552016,
        0.005060570275223949,
        0.004776978990138692,
        0.00459467079395898,
        0.004637023071861929,
        0.004668134537776216,
        0.004695715686917289,
        0.004548500777315746,
        0.004506235879061855,
        0.004500540339041692,
        0.004578023803177584,
        0.00445998174787109,
        0.0044060414211733,
        0.004296348920006417
    ],
    "val_mse_history": [
        0.01784957999717348,
        0.0146870641578137,
        0.014058710027788747,
        0.013398001380886837,
        0.012450164120238602,
        0.012485985114228054,
        0.01176883150741311,
        0.011419575779435958,
        0.011189410347896927,
        0.01081342575663028,
        0.01081686873505533,
        0.010311170309485826,
        0.009958211956851438,
        0.010272443501324674,
        0.009987657195882028,
        0.009476702503341587,
        0.009602718402433652,
        0.009355693369958477,
        0.009278827419656247,
        0.009153615129088674,
        0.009124311195316592,
        0.00872860208760648,
        0.008796763996005959,
        0.008640277242489322,
        0.008643760749101096,
        0.00841633154989105,
        0.008302903150799986,
        0.00831846902342358,
        0.008457656628453759,
        0.008421020669807,
        0.008465891149263457,
        0.008165525591188796,
        0.00819960908931814,
        0.008074911300594557,
        0.008170131588181544,
        0.00795572612644796,
        0.007890813156030895,
        0.007963872539742237,
        0.00794422395254398,
        0.008057562709464648,
        0.008129236723331467,
        0.008072126895537572
    ],
    "test_metrics_scaled": {
        "MAE": 0.08133830955568473,
        "MSE": 0.012225020285595719,
        "MdAE": 0.060440510511398315,
        "Pred(50)": 0.5341506129597198
    },
    "test_metrics_real": {
        "MAE": 2.765502524893281,
        "MSE": 14.13212345014865,
        "MdAE": 2.0549773573875427,
        "Pred(50)": 0.5341506129597198
    }
}