{
    "run_id": 6,
    "seed": 47,
    "elapsed_sec": 14.160855293273926,
    "best_val_mse": 0.005946436437155134,
    "epochs_trained": 27,
    "train_loss_history": [
        0.01367821199540845,
        0.01105283851373113,
        0.010239504965750549,
        0.009435031344142988,
        0.008779006281322362,
        0.00835725185003641,
        0.008035207141895229,
        0.007858687163525635,
        0.007682290125208406,
        0.007281451560676289,
        0.007048808102412388,
        0.007010864629708708,
        0.0066047471054455536,
        0.006447113577264528,
        0.006407818911223012,
        0.00634026653969135,
        0.0062277940291967085,
        0.005928080283706355,
        0.005586730758560041,
        0.005640361991633351,
        0.005604602088037337,
        0.005579818526191366,
        0.005601035514110142,
        0.005341920614865425,
        0.0053533107668169355,
        0.005223808041723986,
        0.004925291503940781
    ],
    "val_mse_history": [
        0.012799934279082112,
        0.011352222327359891,
        0.010844105066272319,
        0.010033672840764738,
        0.00995590766648508,
        0.009484359325182695,
        0.008596236423274615,
        0.008789040444201915,
        0.008449236056744462,
        0.008194873358624797,
        0.008356205641354567,
        0.0076111736849203745,
        0.007551718035067711,
        0.007654542327114182,
        0.007824636204279258,
        0.007358608037330838,
        0.0070562325867065895,
        0.0071928266662738645,
        0.007193356234740932,
        0.007101576374436239,
        0.0067596216039391725,
        0.005946436437155134,
        0.006641209420155295,
        0.00615356410636112,
        0.00612641898940637,
        0.006039880472038694,
        0.006211752551450295
    ],
    "test_metrics_scaled": {
        "MAE": 0.07156380205463196,
        "MSE": 0.010996953061622152,
        "MdAE": 0.05266653001308441,
        "Pred(50)": 0.6099656357388317
    },
    "test_metrics_real": {
        "MAE": 2.4331692698574865,
        "MSE": 12.712477739235208,
        "MdAE": 1.79066202044487,
        "Pred(50)": 0.6099656357388317
    }
}