{
    "run_id": 2,
    "seed": 43,
    "elapsed_sec": 34.72205424308777,
    "best_val_mse": 0.004672471831568486,
    "epochs_trained": 68,
    "train_loss_history": [
        0.01220862548519722,
        0.010753209266361868,
        0.010222443783432882,
        0.009419283873409543,
        0.009194969931422358,
        0.008471191479151862,
        0.00791324892292261,
        0.008064096411451315,
        0.007833275501218298,
        0.007537859842742387,
        0.007003423094184289,
        0.006739360869625328,
        0.006706151119274143,
        0.00662201684133476,
        0.006570633563499611,
        0.006399048440572288,
        0.006025279007959538,
        0.005744756065840379,
        0.005848852459353228,
        0.005621667211063397,
        0.005531272080798562,
        0.005337362297567833,
        0.005674374851489711,
        0.005323411431163549,
        0.005306417065519346,
        0.005258973798083747,
        0.0052551035789183825,
        0.004952689388251473,
        0.005036687975426992,
        0.0048920683598575685,
        0.004821980804897463,
        0.00477092036515729,
        0.0048511054821543265,
        0.004585918023412188,
        0.004783505926845977,
        0.0045520921375077125,
        0.004356329331550604,
        0.004505503647582621,
        0.00433944771439434,
        0.004235236514230362,
        0.0042451385011385056,
        0.004067270742414885,
        0.0040538992611372955,
        0.0041321220598283075,
        0.004046688655801277,
        0.0040049559549173806,
        0.00392917993863543,
        0.003720450015543586,
        0.0038694805779313254,
        0.0037769252858741577,
        0.0037435902189065376,
        0.0034992031215264215,
        0.003674199814738061,
        0.0035458747904477082,
        0.0034844841092673694,
        0.003561220969731171,
        0.0033806929966528365,
        0.0034871453279529847,
        0.0034640064879925526,
        0.0031610977458847193,
        0.00328035811564296,
        0.003221739438122624,
        0.00315534528125969,
        0.0031847038431168716,
        0.003139160940887279,
        0.003062902902239042,
        0.0029190165255891364,
        0.0030603256911381632
    ],
    "val_mse_history": [
        0.012465234142450585,
        0.011257873923218899,
        0.010822412436196546,
        0.010111311097960459,
        0.009531459105269851,
        0.009301029894042464,
        0.00898189215334528,
        0.008917234960600111,
        0.008375309350461707,
        0.008461897858963983,
        0.00789095881395218,
        0.007626454441018799,
        0.007517471946566957,
        0.007480136982816402,
        0.00734677900905338,
        0.007148903381768856,
        0.007266639123991604,
        0.006899468448340485,
        0.007089146628566984,
        0.007054525762245544,
        0.006876581951727226,
        0.00653373855819691,
        0.0068598667838059265,
        0.0065123705817620075,
        0.006513992553170949,
        0.006465533017411322,
        0.006205661214050863,
        0.0062267603977239575,
        0.006000813179964662,
        0.006350666370246909,
        0.0062357159829268295,
        0.006169977281690515,
        0.00595497469788753,
        0.005768131949682337,
        0.00573543543963002,
        0.005923386588510089,
        0.005837833837679941,
        0.005650514001313845,
        0.00582139024002427,
        0.005742188088157945,
        0.005543288237195744,
        0.005607901827961017,
        0.005708632950286718,
        0.005481301652270781,
        0.005637523829070991,
        0.005324729160254198,
        0.005274533756172638,
        0.005431624249460611,
        0.005421575168616285,
        0.005251774514388068,
        0.005423665915523856,
        0.005238834843271573,
        0.00517239209018984,
        0.004954221588787646,
        0.00509285930949879,
        0.005139466429433796,
        0.004847692492416243,
        0.005128783451073837,
        0.005012741562926076,
        0.004934757703045885,
        0.004808659953450086,
        0.004769558638541573,
        0.004672471831568486,
        0.004882865323005862,
        0.004929477771642303,
        0.0046967165881489255,
        0.004769062012303926,
        0.004791173315318906
    ],
    "test_metrics_scaled": {
        "MAE": 0.08936378380345693,
        "MSE": 0.015898733575343497,
        "MdAE": 0.06838561594486237,
        "Pred(50)": 0.5078809106830122
    },
    "test_metrics_real": {
        "MAE": 3.0383686493175355,
        "MSE": 18.378936013097082,
        "MdAE": 2.3251109421253204,
        "Pred(50)": 0.5078809106830122
    }
}