{
    "run_id": 7,
    "seed": 48,
    "elapsed_sec": 33.52609038352966,
    "best_val_mse": 0.0012089643081105272,
    "epochs_trained": 77,
    "train_loss_history": [
        0.01889423770794215,
        0.012147359079362936,
        0.010452268793920262,
        0.009621052998297203,
        0.009067868961630246,
        0.008153034752716398,
        0.007173440928081385,
        0.006665639873816926,
        0.005999367350302477,
        0.005118950925823142,
        0.004675734107597516,
        0.00408134846122235,
        0.0035994484230605327,
        0.0032086511146034408,
        0.003018086416195107,
        0.0026018887041355525,
        0.0022465447584539256,
        0.0021394631830611243,
        0.0018622972338329046,
        0.0016038495930096803,
        0.0013943210558972766,
        0.0012667488442827414,
        0.0011797640883089162,
        0.001058447192513591,
        0.0009522952848814555,
        0.0008416974312403442,
        0.0007303053036562972,
        0.0007176816305327209,
        0.0006453018844866196,
        0.0005672432254449142,
        0.0005778206333107093,
        0.0004862628650924183,
        0.0004302941640636498,
        0.00042057102120421233,
        0.00035380757143350347,
        0.0003124623952037207,
        0.0003219459176140153,
        0.00026056543437233713,
        0.0002229837445910616,
        0.00021663080421689316,
        0.0002212834097863534,
        0.00024508373773533403,
        0.00018382113393093657,
        0.000165916050664392,
        0.00016235869082802077,
        0.00018412611477373517,
        0.00018321687544563698,
        0.00013807545372432459,
        0.0001285570586053207,
        0.00011977764465221757,
        0.00012632000100263843,
        0.00010286070370896666,
        0.00010137244848958957,
        9.569106177333841e-05,
        0.00010231703848140981,
        0.0001084722965713762,
        0.00014171798646466958,
        8.075605110673515e-05,
        9.497354664131113e-05,
        7.525399429981077e-05,
        8.296135639929527e-05,
        9.847603441190804e-05,
        8.829952257189852e-05,
        7.353844181809232e-05,
        9.264324163680605e-05,
        7.63624602963023e-05,
        6.980996332093392e-05,
        6.849693231470932e-05,
        8.146161761608235e-05,
        6.495055947361367e-05,
        7.226106559273908e-05,
        6.528612429508193e-05,
        6.0885067703053115e-05,
        5.293523905205585e-05,
        8.169313042523373e-05,
        8.514420275406516e-05,
        3.478530520157782e-05
    ],
    "val_mse_history": [
        0.011803182960660567,
        0.010271617519629798,
        0.00931321111561061,
        0.008715950400227664,
        0.008219782471799693,
        0.007447840211359317,
        0.007311340169787918,
        0.006482605480795229,
        0.006081843326745035,
        0.005518339285395513,
        0.005261588881274215,
        0.00492634908117714,
        0.0047265969341034435,
        0.004166824007506939,
        0.004037356390716274,
        0.003758331000812029,
        0.0035882066167456234,
        0.0034016787327173907,
        0.003290518826949838,
        0.0031087073096361427,
        0.0029256593464117233,
        0.002778298409595604,
        0.0026391558963538273,
        0.002654751810263877,
        0.0026726143339444166,
        0.002300643474526412,
        0.002320686156314862,
        0.002286926512155877,
        0.0022424720198963876,
        0.0021015865196895253,
        0.0020187836525141227,
        0.0019615876009428128,
        0.002028984332898731,
        0.0019123322804651614,
        0.0017982617145956658,
        0.0017435443885460535,
        0.0016651817525013854,
        0.0017614540518083907,
        0.001695207375066402,
        0.0017259734393387219,
        0.001579003770700751,
        0.0015394946896652398,
        0.0015207986731145,
        0.001635745676727041,
        0.0015795771448797508,
        0.0015788855038245879,
        0.0015107051298965475,
        0.001490009182502602,
        0.0014421521073112403,
        0.0014033857531977449,
        0.0013933072222403308,
        0.0014915748264232426,
        0.001383902681128159,
        0.0014040763308568803,
        0.0014648182361831658,
        0.0013727918683041137,
        0.0014151025598869303,
        0.0014000199512491209,
        0.001400546517351217,
        0.0013592874280817094,
        0.001368595781856263,
        0.0014227237145305112,
        0.0013100832138833814,
        0.0013366740750586428,
        0.001364423596525984,
        0.0012867603716787788,
        0.001338987598517347,
        0.0013846953763385376,
        0.0012491819074396911,
        0.0013801638843754225,
        0.001319144469165089,
        0.0012089643081105272,
        0.0012788511955028612,
        0.0012397444276730915,
        0.0012534346308319276,
        0.0013000814261548681,
        0.001225324580178961
    ],
    "test_metrics_scaled": {
        "MAE": 0.08547000417909162,
        "MSE": 0.015408236186296498,
        "MdAE": 0.060978181660175323,
        "Pred(50)": 0.54
    },
    "test_metrics_real": {
        "MAE": 2.905980142089115,
        "MSE": 17.81192103135875,
        "MdAE": 2.073258176445961,
        "Pred(50)": 0.54
    }
}