{
    "run_id": 8,
    "seed": 49,
    "elapsed_sec": 24.561931133270264,
    "best_val_mse": 0.0013388063754955814,
    "epochs_trained": 57,
    "train_loss_history": [
        0.018401908322086193,
        0.011359316223245272,
        0.009969406592576072,
        0.009251252066495264,
        0.008584385445245948,
        0.007860413635085918,
        0.007129221742686171,
        0.006416496727217594,
        0.006150955347240799,
        0.005117581372445799,
        0.004647781061999596,
        0.004106550688385708,
        0.0038687487806464173,
        0.003201083012117256,
        0.0028932504707889664,
        0.0026612954918677225,
        0.002232808497103536,
        0.0020753888021030216,
        0.0017768275143198557,
        0.0015184536681243847,
        0.0014570969548454492,
        0.0013212412587042628,
        0.0011102559403033776,
        0.0010869928239396988,
        0.0010672299877036975,
        0.000904864931337806,
        0.0007761589096424779,
        0.0006714133721685264,
        0.0007182458117686344,
        0.0005751174864529346,
        0.0005278519431438047,
        0.0005298218279016059,
        0.0004874877242136246,
        0.00046466564005959686,
        0.00039857563527990493,
        0.0003222410646425192,
        0.0002902896004599871,
        0.0003107360192958507,
        0.00027812192226527754,
        0.000296325102121605,
        0.00023293363338803503,
        0.00021831071794272598,
        0.00021820520321029122,
        0.00020388381536522656,
        0.0001934986960097578,
        0.00018969460012531505,
        0.00014848366899036008,
        0.00012315692830993494,
        0.00013040052776614952,
        0.00010192271195156871,
        0.00012188175145265399,
        9.731577320714219e-05,
        0.00011016174261789679,
        8.594825554905388e-05,
        8.425158412293004e-05,
        7.77526387824982e-05,
        9.384547475887163e-05
    ],
    "val_mse_history": [
        0.01145020799481391,
        0.010556201965021253,
        0.009077690431743468,
        0.008512450758289845,
        0.007925782185906947,
        0.0074590996180500515,
        0.00683713501281137,
        0.006356012540626635,
        0.00641440063550346,
        0.005323755265076458,
        0.0051449274082007316,
        0.004800266550854956,
        0.004075932682185305,
        0.0037666625316975723,
        0.0036422323680004413,
        0.0033190302684651556,
        0.003433210512584724,
        0.002997963498429306,
        0.0026832951324190905,
        0.0025609155613843335,
        0.0024677044358658007,
        0.002391917232212964,
        0.0021938240673024015,
        0.0021625875810512857,
        0.0021583044093903426,
        0.0020478438428397335,
        0.001983535651717576,
        0.001924622233204463,
        0.0017484811971491027,
        0.001731571749868533,
        0.001785068947219817,
        0.0019915415305382456,
        0.0017893894576680531,
        0.0016993360913654875,
        0.0016866324495907598,
        0.0016287461510495792,
        0.001569684306705263,
        0.0016449267197193584,
        0.0016928944886033556,
        0.001515751228410508,
        0.0014708023943069547,
        0.0015261953267755263,
        0.0014143562022347336,
        0.0014783644932233613,
        0.0014298574943751002,
        0.0014325242055328539,
        0.001442128588666078,
        0.001400068241295598,
        0.001359159514120551,
        0.0014539015812070686,
        0.001347257105460639,
        0.0013388063754955814,
        0.001448594744486943,
        0.0014225111786502498,
        0.0014548424824063898,
        0.0013639077532399655,
        0.0014145349234337993
    ],
    "test_metrics_scaled": {
        "MAE": 0.09174755219251507,
        "MSE": 0.01663731187985407,
        "MdAE": 0.07116669416427612,
        "Pred(50)": 0.46815834767641995
    },
    "test_metrics_real": {
        "MAE": 3.1194167745455124,
        "MSE": 19.232732533111307,
        "MdAE": 2.419667601585388,
        "Pred(50)": 0.46815834767641995
    }
}