{
    "run_id": 2,
    "seed": 43,
    "elapsed_sec": 24.06069040298462,
    "best_val_mse": 0.0014616329012354572,
    "epochs_trained": 56,
    "train_loss_history": [
        0.012397726277351124,
        0.010316738805088859,
        0.00926037083984886,
        0.008343041652085211,
        0.007680716617410987,
        0.006743112572520558,
        0.006045149915859613,
        0.005222583022943706,
        0.004740937565688171,
        0.0040588148107899465,
        0.0035368624517920976,
        0.0031103420993671394,
        0.002586480295016932,
        0.0024020823772696173,
        0.0020900653519978127,
        0.0018827146493569096,
        0.0017010424567588493,
        0.0014113048930442494,
        0.0012589619576067338,
        0.0010799529959629767,
        0.001001930123858719,
        0.0008598348942899213,
        0.0008066919495816279,
        0.0007134226562368731,
        0.0006541688611537405,
        0.0005319644988126557,
        0.00047426800911203347,
        0.0004986927192981562,
        0.00039449056022667175,
        0.00040200525014121464,
        0.00036318163632745575,
        0.0003239557031636837,
        0.0003015005537997792,
        0.0002807064745897322,
        0.000240826351425009,
        0.00021312262602167853,
        0.00020851515530835953,
        0.00019072516518377582,
        0.0002017375522610432,
        0.0001916487816253301,
        0.0001427525186379645,
        0.00015801441120732532,
        0.0001479053539813508,
        0.0001444855955784218,
        0.00014575949044073295,
        0.00013219563999540635,
        0.00013899739107541673,
        0.00013230411376496658,
        0.00010246845187451919,
        0.00010200760865094101,
        9.998454236813262e-05,
        9.028673264407951e-05,
        8.115205231365703e-05,
        9.440631328110084e-05,
        0.00012937577561481306,
        5.910561903252746e-05
    ],
    "val_mse_history": [
        0.012056857454426634,
        0.0104397533805096,
        0.00962576668292924,
        0.009102215519807328,
        0.0083401559985737,
        0.007820736943431317,
        0.00721828727796945,
        0.006477478049660152,
        0.005949710764690952,
        0.00536448929755026,
        0.005078476374394124,
        0.004617902517080201,
        0.004263795158536907,
        0.004068074855586187,
        0.003676652619526259,
        0.003485597662833373,
        0.003242095056191024,
        0.0031839085038969164,
        0.0028520408453107846,
        0.002881947240316586,
        0.0026434166289874563,
        0.002558805530641572,
        0.0023208312107748257,
        0.0024125492333348245,
        0.002406746746418901,
        0.002193158408610535,
        0.0022491296935675843,
        0.0021128423140263012,
        0.0020598292719917143,
        0.0020322351048276534,
        0.0019455069808951796,
        0.001893658780179366,
        0.0019372398307237217,
        0.0018073393066375474,
        0.0017992489554618288,
        0.0018476284885493124,
        0.0018305296346107966,
        0.0017664349354604987,
        0.0018320918867163133,
        0.001662531401706733,
        0.0017049317958966563,
        0.001683550561664495,
        0.0017009436851719874,
        0.001569323945730741,
        0.0016318846990284912,
        0.00164737732731943,
        0.0016306230535365787,
        0.0015462016146013593,
        0.0015516057045141273,
        0.001525707820047187,
        0.0014616329012354572,
        0.0015302683982720301,
        0.0015024407950561963,
        0.0014822363809173864,
        0.001622473727777379,
        0.0016016691769014952
    ],
    "test_metrics_scaled": {
        "MAE": 0.09043265512823119,
        "MSE": 0.01623867141435181,
        "MdAE": 0.06919720023870468,
        "Pred(50)": 0.5061295971978984
    },
    "test_metrics_real": {
        "MAE": 3.0747102743598607,
        "MSE": 18.771904154990693,
        "MdAE": 2.352704808115959,
        "Pred(50)": 0.5061295971978984
    }
}