{
    "run_id": 6,
    "seed": 47,
    "elapsed_sec": 25.75551748275757,
    "best_val_mse": 0.0013548086633289847,
    "epochs_trained": 59,
    "train_loss_history": [
        0.021748504657139126,
        0.011560762680183427,
        0.010139628133883812,
        0.009666272553487912,
        0.009195080355335122,
        0.00822220819765447,
        0.007692232441443663,
        0.006632364350052662,
        0.005964371564292596,
        0.005226081066802701,
        0.004561541288092127,
        0.003821291011791979,
        0.00348259071380688,
        0.0029177481709565553,
        0.0026187978241628464,
        0.002284789809401935,
        0.002044047423141897,
        0.0020023460269101663,
        0.0016580468403005328,
        0.0014569214097439097,
        0.0012639368193111636,
        0.001248583175019564,
        0.0010921341228014273,
        0.0009056374124817463,
        0.0008488731800442219,
        0.0007861450713891019,
        0.0006515881279607813,
        0.0006262744651689705,
        0.000638212340995351,
        0.0005183305496228789,
        0.0005309534896470847,
        0.00047818390319460176,
        0.0004044301936546695,
        0.00035967779796111345,
        0.0003206871859950678,
        0.000380778610586929,
        0.00029063083614027686,
        0.00033060243934484717,
        0.0002293170378430255,
        0.00024121861685523624,
        0.00028547803330549604,
        0.00019438505402139813,
        0.00024588328964704036,
        0.0001957877766316469,
        0.00016785387641802017,
        0.00017367885533546627,
        0.0001330666047781253,
        0.00012955949157399934,
        0.00011238181287676253,
        0.00010900591574200084,
        9.53231735023957e-05,
        7.964305585189252e-05,
        8.424895814257e-05,
        6.38829441137733e-05,
        8.695713813916587e-05,
        8.83680230309927e-05,
        7.93822085562659e-05,
        7.647713716176082e-05,
        7.487221405504415e-05
    ],
    "val_mse_history": [
        0.013925193568727842,
        0.012184009380982033,
        0.011456016516720926,
        0.010376727979534988,
        0.009676934833596211,
        0.009302708646120652,
        0.009133546252001046,
        0.007905973585397644,
        0.007389141511220408,
        0.006874053622225411,
        0.0066227208885996204,
        0.005816866364154724,
        0.00571270716501735,
        0.0052932535567713265,
        0.004713017419964387,
        0.0045792864818774625,
        0.004425759058319641,
        0.004237871605488963,
        0.003828867347157354,
        0.0032716215774257575,
        0.0036473898067989523,
        0.003405791942678882,
        0.003323790503593251,
        0.003075700694218457,
        0.003201066202808164,
        0.0027460901965013196,
        0.002795361649949639,
        0.002682955078267929,
        0.0024440613219193514,
        0.0024587913562073662,
        0.0023389232678905523,
        0.002250470896196205,
        0.0019720456095647623,
        0.001872932440407929,
        0.002214635364680977,
        0.0020270182965385014,
        0.001867216898877382,
        0.0019363820209611362,
        0.001894886918916235,
        0.0017655857263481354,
        0.0015642299856885938,
        0.0015053772465899982,
        0.0016890446180027573,
        0.0015272846055605666,
        0.0018581150593547345,
        0.001696194643516939,
        0.00144794353655162,
        0.0016189134365236389,
        0.00147943894932553,
        0.001687574996445787,
        0.001501857774867709,
        0.0014040161292120765,
        0.0014331299402390951,
        0.0013548086633289847,
        0.0014136983674828381,
        0.001473553240639057,
        0.001510797911123198,
        0.0014653349900594053,
        0.0015412003038162852
    ],
    "test_metrics_scaled": {
        "MAE": 0.08955327570406381,
        "MSE": 0.014939374366100553,
        "MdAE": 0.06654530763626099,
        "Pred(50)": 0.520618556701031
    },
    "test_metrics_real": {
        "MAE": 3.0448113739381695,
        "MSE": 17.26991676721224,
        "MdAE": 2.2625404596328735,
        "Pred(50)": 0.520618556701031
    }
}