{
    "run_id": 10,
    "seed": 51,
    "elapsed_sec": 25.362069129943848,
    "best_val_mse": 0.0012146203181001955,
    "epochs_trained": 58,
    "train_loss_history": [
        0.020162227480974782,
        0.011677155218437377,
        0.009986883308937471,
        0.009460799457728226,
        0.008725416840603337,
        0.00796543292573884,
        0.007225984622899475,
        0.006681237016549796,
        0.006090847804692661,
        0.0054102832805683725,
        0.004940060307132478,
        0.0041676733787589446,
        0.003957492616783796,
        0.003504570574314596,
        0.003102545745861836,
        0.0028054305149787543,
        0.002403641301436095,
        0.002135714798126943,
        0.001931859418634389,
        0.0017752244796914358,
        0.0015797908881800568,
        0.001349817695042405,
        0.0013247581833623287,
        0.001128084709470829,
        0.0010119126572967188,
        0.0009555331331580224,
        0.000879694567893783,
        0.000741107617341963,
        0.0006855342591703277,
        0.0006972217817793791,
        0.0006086081920617507,
        0.0005513026200756769,
        0.0004804784922994142,
        0.00044992844280378864,
        0.00041582494805359014,
        0.00038189895932214894,
        0.000344343684096552,
        0.00033357759060984396,
        0.00034075209404340386,
        0.00029857594935080677,
        0.0002693142173056835,
        0.0002464818471086109,
        0.0002342730209715943,
        0.00020711519629493033,
        0.00019772898282938584,
        0.00016075594202968795,
        0.0001953990835722329,
        0.0001582132989645669,
        0.00011966697369115357,
        0.00013780365030960148,
        0.00012660778996248084,
        0.00011543575335294878,
        0.00010692322943851518,
        0.0001166639157511385,
        0.00010569022633056651,
        0.00010263909901671771,
        8.453484796767501e-05,
        8.851865034083523e-05
    ],
    "val_mse_history": [
        0.01091598163467272,
        0.009630142002927474,
        0.008708498488663875,
        0.008201198419830049,
        0.0076020108153622545,
        0.006759249477898468,
        0.006574893863778131,
        0.006108063347413838,
        0.0053613640329895264,
        0.005459402391891728,
        0.0054603349852283415,
        0.00499404450692834,
        0.004546738377270111,
        0.00404820935888633,
        0.003656722204898969,
        0.0035422201074106663,
        0.003432841561075974,
        0.003119558477813581,
        0.0028224949031511602,
        0.0028242376237763377,
        0.002754410654722286,
        0.002553888370439089,
        0.002438187883485404,
        0.00227954854615449,
        0.002337737262273595,
        0.0021440824861360913,
        0.0020201240908085416,
        0.001927169705814757,
        0.0019143192919242726,
        0.001822903641017278,
        0.0017717171812160642,
        0.0017460361591335168,
        0.0017871622744449838,
        0.0016676753986679992,
        0.0016342043359548948,
        0.0015903749201833556,
        0.001554755657962796,
        0.001559004324764916,
        0.0015161029952058048,
        0.001462529025581451,
        0.001429433155296982,
        0.0014639706637061781,
        0.0013957146906823524,
        0.001356434613072061,
        0.001427152544981441,
        0.0013647044628317371,
        0.0013816339477087936,
        0.0013652842736375642,
        0.0012825184009156395,
        0.001280022848088259,
        0.0013026234627019008,
        0.0012871629174165016,
        0.0012146203181001955,
        0.0013204898666706892,
        0.0012557750406987933,
        0.0012770088317817607,
        0.00123304766256606,
        0.0012447890572596034
    ],
    "test_metrics_scaled": {
        "MAE": 0.09156272483972508,
        "MSE": 0.017296750986034733,
        "MdAE": 0.06514518707990646,
        "Pred(50)": 0.4935779816513762
    },
    "test_metrics_real": {
        "MAE": 3.1131326445506526,
        "MSE": 19.99504413985615,
        "MdAE": 2.2149363607168198,
        "Pred(50)": 0.4935779816513762
    }
}