{
    "run_id": 9,
    "seed": 50,
    "elapsed_sec": 18.232346534729004,
    "best_val_mse": 0.0019009875591651983,
    "epochs_trained": 41,
    "train_loss_history": [
        0.011617789671330467,
        0.010037776566822974,
        0.00870048485419705,
        0.008067527534161558,
        0.007271206148693131,
        0.006288020081547463,
        0.0054230885483169304,
        0.004975253899689191,
        0.00406028534227019,
        0.0035384432900235313,
        0.0030377440084404764,
        0.002554919030522315,
        0.002276228860211678,
        0.00201852076053102,
        0.0016854158483254604,
        0.0015161312819542124,
        0.001284646587476182,
        0.001146916703407605,
        0.0009953890428763942,
        0.0008416718324003582,
        0.0007805509091209138,
        0.0006578730109707914,
        0.000598173964003491,
        0.0005406639702880803,
        0.0004773600666005658,
        0.00041373065482147445,
        0.0003735880501254643,
        0.00034103633540644683,
        0.0003334766797007223,
        0.00025283592442889116,
        0.0002584685059842648,
        0.00023531162253512332,
        0.0002361990872307996,
        0.00022147122111856047,
        0.00018545571289835678,
        0.00013893292888162687,
        0.00012812581320385783,
        0.00012937367417677713,
        0.00012011846669120753,
        9.372611190269514e-05,
        9.830524619891914e-05
    ],
    "val_mse_history": [
        0.012070178058793558,
        0.01072079159949604,
        0.0100659557534259,
        0.00915142401038181,
        0.00833679396549289,
        0.007312081858227101,
        0.00673627211136306,
        0.006107627956603615,
        0.0057225731761817306,
        0.004981168680623927,
        0.004433604584994855,
        0.004140033581488757,
        0.003835111657662075,
        0.0036393036302054126,
        0.003275261455862201,
        0.003085038985062068,
        0.0030189241853531383,
        0.002722820825965544,
        0.0027082985730672786,
        0.0025214890219360936,
        0.00261713173371703,
        0.0023673963092160676,
        0.002337622900449361,
        0.0023131093646566667,
        0.0022693286119820316,
        0.002229522585828532,
        0.002194369264102366,
        0.002125179827520681,
        0.0021492473296851446,
        0.0021586173199832862,
        0.0019839590466625306,
        0.0020711247924236394,
        0.0020886507724220075,
        0.002033823407314103,
        0.0020129709599497328,
        0.0019009875591651983,
        0.0019300979713166736,
        0.0020001620797408144,
        0.0020163944544662575,
        0.001981769196220595,
        0.0020715692688252217
    ],
    "test_metrics_scaled": {
        "MAE": 0.08860208739369681,
        "MSE": 0.016649896255632932,
        "MdAE": 0.06038150563836098,
        "Pred(50)": 0.5268817204301075
    },
    "test_metrics_real": {
        "MAE": 3.0124709713856914,
        "MSE": 19.24728007151167,
        "MdAE": 2.0529711917042732,
        "Pred(50)": 0.5268817204301075
    }
}