{
    "run_id": 5,
    "seed": 46,
    "elapsed_sec": 28.48620867729187,
    "best_val_mse": 0.0016299832976816582,
    "epochs_trained": 65,
    "train_loss_history": [
        0.012791801732069312,
        0.010187257924037548,
        0.009130714261211837,
        0.008403688955765504,
        0.007869578044240674,
        0.007088843997743012,
        0.006308647593519149,
        0.0058455322879072055,
        0.005062289375306354,
        0.0047259370892897695,
        0.004337127272210793,
        0.003879219703784244,
        0.003327359393901693,
        0.0028913141848642826,
        0.002719738651897846,
        0.0023986209477705914,
        0.002255302604758499,
        0.001862236313172616,
        0.00172808891971711,
        0.0014967597250152044,
        0.0012840802968344372,
        0.0012359023528869073,
        0.001114412695758988,
        0.0010260568641157995,
        0.000899618803028467,
        0.0008025447929175531,
        0.000739541129320044,
        0.0006842994166967961,
        0.0006181786807441018,
        0.0005515486130199364,
        0.000492404686389282,
        0.0004262108552335805,
        0.00032204879191231466,
        0.00034618616826684534,
        0.00034752095545518695,
        0.00032242144648352353,
        0.00027693791724962846,
        0.00025602912477878795,
        0.00024734656822574913,
        0.00023280317049299896,
        0.000196656463402209,
        0.00017505198976268884,
        0.0001561160179490744,
        0.000140368986105122,
        0.00013431242592544464,
        0.00013387163973799718,
        0.00013793940678834377,
        0.00012932827826456266,
        0.00011931135713505364,
        0.00010698897312977351,
        9.78941274643459e-05,
        0.00010965946085679416,
        8.238579596017631e-05,
        8.598132022116338e-05,
        9.391855533028561e-05,
        8.80407280116439e-05,
        9.201675244247213e-05,
        7.640376253594019e-05,
        6.135028471288754e-05,
        6.83482020563172e-05,
        6.104157749927968e-05,
        6.354928125560985e-05,
        6.10471133165999e-05,
        5.732548981704428e-05,
        7.635423171246331e-05
    ],
    "val_mse_history": [
        0.012582465532858762,
        0.011207570481657183,
        0.010098505511331611,
        0.009192314694078784,
        0.008883918996660602,
        0.00787540720891977,
        0.007345283513612412,
        0.007118777192841852,
        0.0061098968327155685,
        0.005747746364924014,
        0.0055364793205123055,
        0.004881431286475431,
        0.00448105978687429,
        0.004255402659303348,
        0.003963028451544526,
        0.0037184323461422007,
        0.0033786536172659316,
        0.0032410928781091072,
        0.0031816730147927047,
        0.0028982890715062524,
        0.0027336616486570648,
        0.002770853355162778,
        0.0025326706439140183,
        0.002488330253563982,
        0.002320990824103204,
        0.002308227488463862,
        0.002169962629953715,
        0.00223208071002418,
        0.0021488920305441504,
        0.0020033182942959657,
        0.002027084144000501,
        0.0020982893344578457,
        0.001975310459631035,
        0.0019404861481614373,
        0.0018847600058883801,
        0.0018297250829400332,
        0.0018178399836914225,
        0.0018620637544675197,
        0.00185151778256456,
        0.0018567927095614024,
        0.0018216853493976093,
        0.0018054880782786473,
        0.0017728337230991165,
        0.0017561558650294722,
        0.0018114604535308311,
        0.0017907497820167785,
        0.0016976750257068909,
        0.00175162538165606,
        0.0017051427023164836,
        0.0017960520282255343,
        0.001797211989089601,
        0.0016832783420850249,
        0.0017273542299582854,
        0.0017250784333607515,
        0.0017011376516519155,
        0.0016835626935916587,
        0.0016707992962018043,
        0.001683475704147158,
        0.0017533636256714163,
        0.0016299832976816582,
        0.0016352203100309186,
        0.0016438839147160228,
        0.0016541208765700002,
        0.0016907805377805406,
        0.001713065107078391
    ],
    "test_metrics_scaled": {
        "MAE": 0.09009997378802756,
        "MSE": 0.017089125638061285,
        "MdAE": 0.06448499858379364,
        "Pred(50)": 0.4822064056939502
    },
    "test_metrics_real": {
        "MAE": 3.063399108792937,
        "MSE": 19.755029237598844,
        "MdAE": 2.1924899518489838,
        "Pred(50)": 0.4822064056939502
    }
}