{
    "run_id": 3,
    "seed": 44,
    "elapsed_sec": 28.716665029525757,
    "best_val_mse": 0.0014793453679324841,
    "epochs_trained": 67,
    "train_loss_history": [
        0.012689129013615923,
        0.010351512475639708,
        0.009634207526190031,
        0.008894219409980867,
        0.008153158858911986,
        0.007358451124626952,
        0.006784467883786171,
        0.006085017850248414,
        0.005545228011269345,
        0.004860257631880191,
        0.0042964958488288475,
        0.0038652248512933618,
        0.003433695305775628,
        0.003116391933001737,
        0.0029208691756869866,
        0.002586177850498332,
        0.002321602983607186,
        0.0020317542835578527,
        0.0018168077154908902,
        0.001717816854097769,
        0.0016936113058293883,
        0.0014037507287431587,
        0.0012994688989308018,
        0.0011836533599735126,
        0.0010850308257758091,
        0.0009643382078278451,
        0.00088253951750638,
        0.0008153892803785956,
        0.0007494879950188164,
        0.0006289168777273626,
        0.0006684755415055685,
        0.0005866714602592003,
        0.0005332429536171039,
        0.0005049611967339073,
        0.0004446552241453403,
        0.00039106894355505094,
        0.00039169871327345376,
        0.0003381886363369522,
        0.00029317574746186374,
        0.00030715057790106756,
        0.0002467586272025509,
        0.0002617545356366059,
        0.00023977450266692878,
        0.0002248008749563432,
        0.00019703673758788052,
        0.00018757866271496622,
        0.00020879609546215925,
        0.00015070155715766616,
        0.00020122769789547115,
        0.00015568599304286056,
        0.00014583938791785733,
        0.00015611838127494368,
        0.00014530682147180306,
        0.000147391377474852,
        0.0001381739214275124,
        8.51688841237805e-05,
        7.575578250068177e-05,
        7.201907527636121e-05,
        7.657541166534227e-05,
        8.3386988310064e-05,
        7.530171402540251e-05,
        6.0461133632329583e-05,
        6.10688118371415e-05,
        6.479944511769817e-05,
        6.051999781626892e-05,
        5.914584778662936e-05,
        4.403101393419893e-05
    ],
    "val_mse_history": [
        0.014659033611227482,
        0.012197920546530419,
        0.012173913907649821,
        0.01107084070176287,
        0.010364309299826584,
        0.009718528939151231,
        0.008867721914739958,
        0.00897377157091327,
        0.007995399473221431,
        0.007593197143328559,
        0.007339960023152673,
        0.006700207629079347,
        0.006375103716770901,
        0.0058057789962116186,
        0.005614553732072173,
        0.004998007818423469,
        0.0048103045192372275,
        0.004516486312070333,
        0.0043866197828208876,
        0.004212184644370058,
        0.003971125949614853,
        0.0036007424240862684,
        0.003626973552355434,
        0.003377868266539965,
        0.0033282657132123754,
        0.0030654021423083,
        0.003096250546677022,
        0.00281964007987214,
        0.002782346614025418,
        0.0026300640286510634,
        0.002676339237090601,
        0.002357111496128732,
        0.0023345899116081164,
        0.0025209719706490454,
        0.002427745261738649,
        0.002260855866500529,
        0.0023108216939334387,
        0.0021930638154298993,
        0.00216128577708186,
        0.0020757236085335953,
        0.0021442092843757116,
        0.0019577545207532998,
        0.0019904618763673687,
        0.0021380598846920187,
        0.0018542002253111084,
        0.0018675706947684449,
        0.0018899980185896623,
        0.0017833046015058689,
        0.0018352786773532153,
        0.0017838605621282087,
        0.0017131368081686855,
        0.0018373080990360267,
        0.0018046266603549866,
        0.0017808075068402134,
        0.0017327429609565793,
        0.0016580107552500068,
        0.001778371528374761,
        0.0017432232409500298,
        0.0015738050128427529,
        0.001661025086005797,
        0.0016418369001651681,
        0.0014793453679324841,
        0.0017092722905586153,
        0.0016175525584091613,
        0.001637940769109186,
        0.0016546597593156695,
        0.0015554142296196698
    ],
    "test_metrics_scaled": {
        "MAE": 0.08776937265784175,
        "MSE": 0.014042531314070569,
        "MdAE": 0.0708404928445816,
        "Pred(50)": 0.5131348511383538
    },
    "test_metrics_real": {
        "MAE": 2.9841586703666194,
        "MSE": 16.23316619906558,
        "MdAE": 2.4085767567157745,
        "Pred(50)": 0.5131348511383538
    }
}