{
    "run_id": 1,
    "seed": 42,
    "elapsed_sec": 25.807361125946045,
    "best_val_mse": 0.001136913593779061,
    "epochs_trained": 59,
    "train_loss_history": [
        0.013060387254804054,
        0.011036238519665904,
        0.00983764806465827,
        0.008797320981040342,
        0.008050255974929811,
        0.0071849215931943655,
        0.006589632075375471,
        0.0057971350272568185,
        0.005220784350252575,
        0.004523963327658896,
        0.004107532604860189,
        0.003606730861376382,
        0.0031527268183397716,
        0.002875425260808542,
        0.0023959232420853586,
        0.0022298511057747845,
        0.001926975687863763,
        0.0016495953369975234,
        0.001489743658512608,
        0.0013744443228157859,
        0.0011493266434766925,
        0.0010093698264636959,
        0.0008835656878475745,
        0.0008099713081913865,
        0.0007183002460059912,
        0.0006644734211686926,
        0.0005675599882085648,
        0.0005281982658533917,
        0.0004775053196207075,
        0.00047841141501995816,
        0.00041173227403997484,
        0.00034808599125854095,
        0.00029270951515180554,
        0.00034306111998515774,
        0.00028352121683608735,
        0.0002551336585119681,
        0.0002889537540601236,
        0.00018693005738461003,
        0.00019450621654798923,
        0.00020937652166489547,
        0.0001730958261122528,
        0.00014478992368386904,
        0.00014064849830559918,
        0.00012367383228165557,
        0.00011807386579318371,
        0.0001391675949089093,
        0.00012735566380999645,
        0.00012008611777588142,
        0.00013539797590475736,
        0.00013698277359028123,
        7.780606863453948e-05,
        6.882953743442135e-05,
        5.337046609306098e-05,
        5.293511254678425e-05,
        6.309408347747233e-05,
        5.3506938658958665e-05,
        4.548125679725167e-05,
        5.394086662864795e-05,
        4.412786505039331e-05
    ],
    "val_mse_history": [
        0.010712164356550705,
        0.00920163481760797,
        0.008132039676565568,
        0.00826253452164299,
        0.0075357499554490805,
        0.007038815431786049,
        0.006417164117648317,
        0.006210037159209196,
        0.0056429185703113175,
        0.005177186593001405,
        0.004766639910926748,
        0.004256356457778658,
        0.0039340487148256924,
        0.003732344130144766,
        0.0033336758939669377,
        0.0031985596875305227,
        0.003121940145568651,
        0.002901567771678247,
        0.002695814767153243,
        0.0025297699370036048,
        0.002399055415930085,
        0.002230816683362488,
        0.00226994104559488,
        0.002165095574870654,
        0.002111310482657234,
        0.0019091058151017367,
        0.001909617944506491,
        0.0019754823515415474,
        0.0018506314729498285,
        0.0018076414406326164,
        0.0016235333333981868,
        0.001555369568646987,
        0.001415531352045115,
        0.0015314206056769955,
        0.0014124742234823125,
        0.0014607700512036918,
        0.0014851366332819193,
        0.0013755806643785118,
        0.001316390134915173,
        0.0014045699301350784,
        0.0013990942335943756,
        0.0012623067214500461,
        0.0013211131236544281,
        0.0013449825117712007,
        0.001228521080702579,
        0.0012108501876694142,
        0.0012628370825387566,
        0.001251293530432045,
        0.001385348731705203,
        0.001365665618415635,
        0.001138969021327186,
        0.0011876985646416464,
        0.0011934862499217809,
        0.001136913593779061,
        0.0012095958164925532,
        0.0011950918276108812,
        0.0011951870541327583,
        0.001173512193328005,
        0.001156048439227498
    ],
    "test_metrics_scaled": {
        "MAE": 0.09024117174065091,
        "MSE": 0.014585902954964964,
        "MdAE": 0.07078175246715546,
        "Pred(50)": 0.4703770197486535
    },
    "test_metrics_real": {
        "MAE": 3.068199839182131,
        "MSE": 16.8613038159395,
        "MdAE": 2.4065795838832855,
        "Pred(50)": 0.4703770197486535
    }
}