{
    "run_id": 4,
    "seed": 45,
    "elapsed_sec": 22.316524982452393,
    "best_val_mse": 0.0014614886768117865,
    "epochs_trained": 51,
    "train_loss_history": [
        0.0127517403029781,
        0.010782329309890922,
        0.009341222615156354,
        0.008709327801843135,
        0.007965636458526501,
        0.006796044898000506,
        0.006279396070326623,
        0.0055338087164335205,
        0.004761842600842062,
        0.004290389531375602,
        0.003785713099174074,
        0.0033600642771209376,
        0.0028896987153133615,
        0.002465623594336928,
        0.0022272772927326746,
        0.002015250705383543,
        0.001757121826377777,
        0.0015172868581243958,
        0.001465222121685998,
        0.0013219521058953176,
        0.0011358021242152522,
        0.001041112988281788,
        0.0008685985791773543,
        0.0008732846340574484,
        0.0007795458295109929,
        0.0006539693861427661,
        0.0006049185410205625,
        0.0005321601650697024,
        0.0004632286152814348,
        0.00042554408604250307,
        0.0004064467528565791,
        0.00039374075550635735,
        0.00034415204148293316,
        0.0002890110385761413,
        0.00028721192575176246,
        0.0002814193160616908,
        0.00023143736281905833,
        0.000217232015863848,
        0.000223499980406775,
        0.00019099072303036408,
        0.00018312602164341946,
        0.00016560815757291758,
        0.00015286196388391793,
        0.00013302726255592733,
        0.00012391910224370152,
        0.00020038168496774652,
        0.00013343912887182506,
        0.000153106012328505,
        0.00012090480080369783,
        0.0001220893382196664,
        0.00011717884933368156
    ],
    "val_mse_history": [
        0.011009561716241454,
        0.009811411853856483,
        0.009562170716456346,
        0.008914400673575663,
        0.008089843758183855,
        0.007965221172633121,
        0.007164075600351812,
        0.006729237425669706,
        0.006118807778522866,
        0.005954063787096933,
        0.005287574962536469,
        0.004712874754997799,
        0.004402263702426572,
        0.003999035370368355,
        0.0039529112364521165,
        0.0036105099256554495,
        0.0038334819343599177,
        0.0037053844560629014,
        0.0030991815737792692,
        0.003084920036136084,
        0.0028887657867171525,
        0.00277056810251625,
        0.0026221146177428665,
        0.0023470447850736315,
        0.002547806011107584,
        0.0020867316710763565,
        0.002099034691037889,
        0.0021583039882224586,
        0.0020737833165984125,
        0.0020770852767394835,
        0.001987419740333413,
        0.0019024248624788334,
        0.0017967351042616497,
        0.0017472600634167131,
        0.0016585028664565934,
        0.0016855639604678775,
        0.001845269555929787,
        0.0017990230789028353,
        0.001556369368978543,
        0.001574570362959914,
        0.001737882904262843,
        0.0016225997671872451,
        0.00149443683055799,
        0.0014991432823969109,
        0.0018445072299658892,
        0.0014614886768117865,
        0.001515226993688277,
        0.001471449824961808,
        0.001628008859025557,
        0.0016313758986982484,
        0.0015109949316076967
    ],
    "test_metrics_scaled": {
        "MAE": 0.09421870569281825,
        "MSE": 0.018088065920740665,
        "MdAE": 0.061384543776512146,
        "Pred(50)": 0.5062388591800356
    },
    "test_metrics_real": {
        "MAE": 3.2034359935558205,
        "MSE": 20.909804204376208,
        "MdAE": 2.087074488401413,
        "Pred(50)": 0.5062388591800356
    }
}