{
    "run_id": 5,
    "seed": 46,
    "elapsed_sec": 38.90642428398132,
    "best_val_mse": 0.010530855467292653,
    "epochs_trained": 48,
    "train_loss_history": [
        0.033316456511312605,
        0.02544681178215815,
        0.02412561362381188,
        0.022258304439637125,
        0.020942467931962135,
        0.019519941569591054,
        0.01807272484982196,
        0.017256003855822644,
        0.016851526348642547,
        0.01544490333228391,
        0.014853036484433984,
        0.014343226415922446,
        0.013630131848764663,
        0.013078972213540454,
        0.01265515322816007,
        0.012239564695794668,
        0.011825042728296651,
        0.011797961651594663,
        0.011249791903478303,
        0.010977393707108436,
        0.010927422537601419,
        0.010691127886197397,
        0.010261392990621378,
        0.010341813365634226,
        0.009970679827395598,
        0.010109385235083042,
        0.009600646453149312,
        0.009622697276538429,
        0.009296655124623557,
        0.009024134606160984,
        0.009117615753214578,
        0.008973031564691694,
        0.008722290203535968,
        0.00847500281798064,
        0.008514915314522021,
        0.008492975630702412,
        0.00819165912048169,
        0.00822024518262823,
        0.00800021583646802,
        0.00786464337059962,
        0.007774127882249578,
        0.007767698977959855,
        0.007578181704905416,
        0.007430428781603672,
        0.007459799707772172,
        0.007218735801455166,
        0.007138915427922442,
        0.006948741774160263
    ],
    "val_mse_history": [
        0.030825011361373143,
        0.028208431939183765,
        0.027050872427712255,
        0.02527492341326286,
        0.023468200096969014,
        0.022217046310015597,
        0.021581596357456604,
        0.019990490461884135,
        0.01958396572135041,
        0.019416874344917488,
        0.018380487918789806,
        0.01765654068246998,
        0.017161721921013003,
        0.01678143545301019,
        0.015670957936441587,
        0.01583947189257053,
        0.015509709382702241,
        0.014867111509667052,
        0.014545241839044785,
        0.014660689599792255,
        0.014524524795235312,
        0.014123624392120298,
        0.013322844451981024,
        0.013453771753974015,
        0.013699797177918763,
        0.01342025409400942,
        0.012890756724433454,
        0.012805976478487503,
        0.012683894523011769,
        0.01231343188531396,
        0.01209498452186264,
        0.011957654801372718,
        0.011767935236043407,
        0.012052996617661746,
        0.011611317255427907,
        0.011599102749779527,
        0.011298881727486778,
        0.01109831932969601,
        0.011343416197347678,
        0.01107711580153184,
        0.010874146613184433,
        0.010683720277128257,
        0.010530855467292653,
        0.010553398034891805,
        0.010764989530319867,
        0.010615182481418383,
        0.010562437033145463,
        0.010549109181055854
    ],
    "test_metrics_scaled": {
        "MAE": 0.13832412207522896,
        "MSE": 0.03146269992593946,
        "MdAE": 0.11469341814517975,
        "Pred(50)": 0.39344262295081966
    },
    "test_metrics_real": {
        "MAE": 2.904806563579808,
        "MSE": 13.875050667339302,
        "MdAE": 2.4085617810487747,
        "Pred(50)": 0.39344262295081966
    }
}