{
    "run_id": 7,
    "seed": 48,
    "elapsed_sec": 53.02646732330322,
    "best_val_mse": 0.009002363864825886,
    "epochs_trained": 66,
    "train_loss_history": [
        0.04547295504610757,
        0.028053722173279644,
        0.0256681765410669,
        0.023647070866154165,
        0.022469108979388766,
        0.021124214068891443,
        0.01955228280466126,
        0.018426835796396646,
        0.01754237599480821,
        0.01661816884250361,
        0.015131467950473331,
        0.014865224774242665,
        0.014079395762397622,
        0.013531771898079588,
        0.013210673151271684,
        0.012753688537382653,
        0.01249082355798051,
        0.012280479876552614,
        0.011684702783442882,
        0.011580309745076359,
        0.011191442742829724,
        0.011063001237391514,
        0.010812315901703373,
        0.010680734647000778,
        0.010459075141127925,
        0.010245251293978368,
        0.010203520313133391,
        0.010204681251863284,
        0.009848848259912765,
        0.009743353576228327,
        0.00936891453682768,
        0.009598626812197725,
        0.009219141367214675,
        0.008919547459737834,
        0.00894239399990789,
        0.008905324182587163,
        0.00876053138469745,
        0.008593390635879977,
        0.008683268848464501,
        0.008469459365540164,
        0.00822685443492112,
        0.008060924894157417,
        0.00813156411441385,
        0.008052512683088379,
        0.008073344636157307,
        0.007657920779204186,
        0.00782256832213274,
        0.00744294278247624,
        0.007566695330588489,
        0.007377397097238549,
        0.007421814733450966,
        0.007242924693914852,
        0.007048353276747678,
        0.007099260471057983,
        0.006840573231290494,
        0.006838855930432981,
        0.00659157613539422,
        0.006735397874358662,
        0.006731330571525103,
        0.006586963163536726,
        0.006196412803339106,
        0.006159161397598076,
        0.005994417284358749,
        0.006155581328048542,
        0.006155845531671099,
        0.0058744204760415066
    ],
    "val_mse_history": [
        0.028443303623475906,
        0.02671253811295227,
        0.025152743369371972,
        0.022983042078690858,
        0.022366433079004717,
        0.021996514885896785,
        0.020322073105559807,
        0.01959511269482989,
        0.018674231539487954,
        0.01771957002847584,
        0.017243946644239012,
        0.016216967016869355,
        0.01588581453579017,
        0.01524016383241769,
        0.014716345600110519,
        0.014838528543755895,
        0.014243111784020036,
        0.013958749818127584,
        0.01387330686180949,
        0.013648834230185375,
        0.0133171395851015,
        0.01371559176222219,
        0.012875111499861239,
        0.012910610324593726,
        0.012669764878398443,
        0.012152443487013966,
        0.012623030349398637,
        0.012245817701535449,
        0.011883829117202968,
        0.012235283101411984,
        0.011847577531783945,
        0.011745597522602408,
        0.012059623065165295,
        0.011451996318520329,
        0.0111476992912281,
        0.011275258119595314,
        0.011183988037300401,
        0.010887939081514204,
        0.011145460844997939,
        0.011288852531023729,
        0.01079760843042119,
        0.01092278949703872,
        0.010814377096755154,
        0.011101920068917463,
        0.010420068938059352,
        0.010930941586649272,
        0.010122231163562832,
        0.01027728663581302,
        0.010019467458014901,
        0.010521016350112669,
        0.010258027449539492,
        0.009643449330079082,
        0.00997676293806825,
        0.00984154797227608,
        0.01025578009973261,
        0.009486687829536811,
        0.009592503222881013,
        0.009708634207186128,
        0.009619050677485856,
        0.00996164300435678,
        0.009002363864825886,
        0.009116078996420482,
        0.009308954274420633,
        0.009399810788374706,
        0.009610183938012253,
        0.00922740870806363
    ],
    "test_metrics_scaled": {
        "MAE": 0.14638835517455584,
        "MSE": 0.03447654872354688,
        "MdAE": 0.12039355933666229,
        "Pred(50)": 0.3500837520938023
    },
    "test_metrics_real": {
        "MAE": 3.0741554586656727,
        "MSE": 15.204157987084173,
        "MdAE": 2.528264746069908,
        "Pred(50)": 0.3500837520938023
    }
}