{
    "run_id": 9,
    "seed": 50,
    "elapsed_sec": 49.0443856716156,
    "best_val_mse": 0.008530742960562283,
    "epochs_trained": 61,
    "train_loss_history": [
        0.03183654304023604,
        0.025590612946496324,
        0.022990131788716024,
        0.02148301203221995,
        0.020178856354738983,
        0.019507399836213003,
        0.018086707529288773,
        0.016825055503951653,
        0.0160529917191562,
        0.015366225039624438,
        0.014423172438175095,
        0.013931868868708914,
        0.01377760635270756,
        0.013113529840009098,
        0.012470275271037707,
        0.012206452739976194,
        0.011822007217311433,
        0.0115648486090786,
        0.011232008843454627,
        0.011065578964367813,
        0.010528611647421304,
        0.01038169009820083,
        0.010015547953365485,
        0.009957746528944343,
        0.009838126154559455,
        0.009669273171801957,
        0.009430726683147404,
        0.009176334339593138,
        0.0091529520069325,
        0.008765709255726969,
        0.00865676514566781,
        0.008473220899492047,
        0.008325275492246206,
        0.008359040843075788,
        0.008188450344058932,
        0.008084938763545787,
        0.007962277844282134,
        0.007903724366190787,
        0.007730854869991237,
        0.007635023734741369,
        0.007522015133872628,
        0.007328237864849329,
        0.007260231682270461,
        0.007173063809394228,
        0.006883792639519944,
        0.006868790721340219,
        0.006727718781888941,
        0.006628474252944698,
        0.006585676136797256,
        0.0066349298427147525,
        0.00654019484016094,
        0.0065725756086865246,
        0.0064545374021542316,
        0.006262039207872384,
        0.0062417852483233624,
        0.006211116323627684,
        0.006306282833826785,
        0.006235292415509989,
        0.006184313709643308,
        0.006043668583092489,
        0.006063434415810494
    ],
    "val_mse_history": [
        0.026685682472740762,
        0.023549776318644886,
        0.02114525090607897,
        0.020811859818592595,
        0.02001084803831805,
        0.01860360095633131,
        0.016881981155417895,
        0.016107281022592717,
        0.015759203442005078,
        0.014903644967159714,
        0.014724789523468928,
        0.014056897127216132,
        0.01359695111999793,
        0.012782938710142968,
        0.012812688300037152,
        0.01256634609015245,
        0.012289654270379872,
        0.01201785440061128,
        0.012117671538426808,
        0.01157088905128989,
        0.012039065010470107,
        0.011533342875909963,
        0.011555518463989852,
        0.011381669691656049,
        0.011334856440015511,
        0.011387627342284561,
        0.011074878427017364,
        0.010947603272676187,
        0.010668083165971886,
        0.010330712752757659,
        0.01010714367458736,
        0.010197847803305841,
        0.010045573539080031,
        0.01012367554201945,
        0.01027683940206659,
        0.010188758194560384,
        0.009703547137140079,
        0.009651821913031032,
        0.00985175759213975,
        0.009249025531613287,
        0.009617028009686552,
        0.009862151185723457,
        0.009605394908649556,
        0.009936040831734126,
        0.009066327390606591,
        0.009258612662363226,
        0.009231472458077773,
        0.009255641344979143,
        0.00891838550029078,
        0.009255348142922767,
        0.009113810159016257,
        0.009025233584716469,
        0.008941311263682361,
        0.008792646766151404,
        0.00900378987571415,
        0.008530742960562283,
        0.009110904580039537,
        0.00889142326887363,
        0.009158231200763037,
        0.008882205089498288,
        0.008638456281795482
    ],
    "test_metrics_scaled": {
        "MAE": 0.13276016062311513,
        "MSE": 0.030437199192920296,
        "MdAE": 0.10941503196954727,
        "Pred(50)": 0.38578680203045684
    },
    "test_metrics_real": {
        "MAE": 2.7879633730854176,
        "MSE": 13.42280484407785,
        "MdAE": 2.2977156713604927,
        "Pred(50)": 0.38578680203045684
    }
}