{
    "run_id": 3,
    "seed": 44,
    "elapsed_sec": 54.84916138648987,
    "best_val_mse": 0.010107588867435962,
    "epochs_trained": 68,
    "train_loss_history": [
        0.03564039483210262,
        0.025526467868488053,
        0.022939790467902715,
        0.021681385819933244,
        0.02009153890100365,
        0.019084658680901843,
        0.017950749043755387,
        0.01641381141178462,
        0.015669706910468487,
        0.014791068016570442,
        0.014013558559651886,
        0.013469760449679227,
        0.012777804195576784,
        0.012505784846500171,
        0.01175712762039383,
        0.011556351889989205,
        0.011127603718326712,
        0.01089266949542323,
        0.010848045029335332,
        0.010615140366919186,
        0.010246668085075763,
        0.010099351765321833,
        0.0098838113680748,
        0.009674747720626847,
        0.009459067030562734,
        0.009423201890396221,
        0.009193371605052023,
        0.009211846084657069,
        0.00884102796327931,
        0.008766392492499126,
        0.008822628021791425,
        0.008562254849156098,
        0.008571785160017257,
        0.00832096392060725,
        0.008192768330419702,
        0.008211593922436693,
        0.008012653442993,
        0.008000732706954741,
        0.007765394142990437,
        0.00771839176779803,
        0.007727507762943528,
        0.007431976467713105,
        0.007307414873740731,
        0.007447808613639553,
        0.0072586682758161,
        0.0071923342828011634,
        0.007044949720860744,
        0.0070657095800591065,
        0.007071603349961189,
        0.00706960373101946,
        0.0069774930702750475,
        0.006629018552544318,
        0.006918598171228505,
        0.006791592892544458,
        0.006682167119555631,
        0.006531644654840383,
        0.006587885685113011,
        0.006522610566901918,
        0.006549988378181445,
        0.006417225802326765,
        0.006256339885056855,
        0.0063952166525342935,
        0.006328202937539591,
        0.006195847695807413,
        0.006177578880974301,
        0.006178727469464042,
        0.006294104589353677,
        0.00607111079627838
    ],
    "val_mse_history": [
        0.029923377719529343,
        0.026626507017418075,
        0.025774205565450275,
        0.023451865441057897,
        0.022641968902808427,
        0.022042613233267623,
        0.020428600482773167,
        0.019614524804442972,
        0.01908756432154461,
        0.018294276166357693,
        0.016884784088829336,
        0.01680267891968277,
        0.016650623412039958,
        0.015718450641785932,
        0.015279914240958994,
        0.014585449102033141,
        0.014758266607186293,
        0.014802626970804486,
        0.014725814601260016,
        0.013952384301812976,
        0.01370974755373433,
        0.014012181914733256,
        0.013551285675552182,
        0.013348402005753253,
        0.013662981981901065,
        0.01288049619520833,
        0.013461286206812296,
        0.012659564917638503,
        0.012809741969741785,
        0.013035904859413578,
        0.012309373838832394,
        0.013135021134312749,
        0.011945250690510974,
        0.01250172617525166,
        0.012567403105342469,
        0.011756897250514922,
        0.011487476859598786,
        0.011981044263340249,
        0.01158209709665233,
        0.011862667409301003,
        0.011505917047908794,
        0.011266366089407894,
        0.011123347838835082,
        0.011129206032037393,
        0.011101053437821091,
        0.0112003065746237,
        0.010861326937871174,
        0.011218462775237258,
        0.010744615789824623,
        0.010774217405655387,
        0.010709688112203618,
        0.01081941353338984,
        0.010710578466964564,
        0.01065873472479308,
        0.010852076197049669,
        0.010835053785669445,
        0.010242132792349626,
        0.011001628693471089,
        0.010142969102960395,
        0.010311283980054188,
        0.010567506699889971,
        0.010149594512049174,
        0.010107588867435962,
        0.010334847459013754,
        0.010513977512228741,
        0.01014769877748178,
        0.010548289633602815,
        0.010107651108294877
    ],
    "test_metrics_scaled": {
        "MAE": 0.13933946048632684,
        "MSE": 0.033099578674607416,
        "MdAE": 0.11083129793405533,
        "Pred(50)": 0.41467576791808874
    },
    "test_metrics_real": {
        "MAE": 2.9261286702128637,
        "MSE": 14.59691419550187,
        "MdAE": 2.327457256615162,
        "Pred(50)": 0.41467576791808874
    }
}