{
    "run_id": 8,
    "seed": 49,
    "elapsed_sec": 43.62746334075928,
    "best_val_mse": 0.010344379454677028,
    "epochs_trained": 53,
    "train_loss_history": [
        0.044647614726302576,
        0.026670405000676307,
        0.024812303519598684,
        0.023021350534898895,
        0.021872300723073435,
        0.020323294541817537,
        0.019031977432076724,
        0.0180993392208249,
        0.01720490902662277,
        0.016491477287431458,
        0.015300094227933762,
        0.014638770432496558,
        0.014185695251335903,
        0.01342203949045922,
        0.013091769688097494,
        0.012739160080079217,
        0.012594241735392383,
        0.012101310696832988,
        0.011728792733569839,
        0.011343088360712388,
        0.011286045418938203,
        0.010763980976629013,
        0.010673858416361773,
        0.010375903828107581,
        0.01028931665766452,
        0.010298305181596351,
        0.009888946150942724,
        0.009742083509300588,
        0.009535519641881086,
        0.009362978358011769,
        0.009053619053899025,
        0.00905352990922271,
        0.009220065787073453,
        0.008988040292217414,
        0.008775255215183204,
        0.008633254878032877,
        0.008317530993372202,
        0.008247569887613763,
        0.008151430167656924,
        0.008138705377362441,
        0.007994801806742136,
        0.007636779985314577,
        0.007484670082221226,
        0.007585244868140744,
        0.007451869792552019,
        0.007570568202966254,
        0.007165354355333411,
        0.00727782998832741,
        0.007233381118834475,
        0.007445133815766597,
        0.007180132915750526,
        0.0072471737248670995,
        0.00704301239932146
    ],
    "val_mse_history": [
        0.030207711644927582,
        0.027388782456394638,
        0.025179171779632033,
        0.02366154895838265,
        0.02193434643657289,
        0.02108548039527199,
        0.01988340655464872,
        0.019138618490640778,
        0.018562025114393872,
        0.01781856622121759,
        0.01735556574000709,
        0.01611325597551856,
        0.016187266638120593,
        0.01544427228683532,
        0.014901933488946683,
        0.01467597320922881,
        0.014212671323809925,
        0.014407601393491036,
        0.01378698798349866,
        0.01362554989611154,
        0.013145880262276722,
        0.012998588152256577,
        0.012628582293358658,
        0.013047853182187454,
        0.012412554549851794,
        0.013020694405441093,
        0.012660283336595739,
        0.012364099266575442,
        0.012563067104953576,
        0.01187254255316869,
        0.011821205497547067,
        0.011829561671605433,
        0.012238365161345029,
        0.011947821549807005,
        0.011650469546905582,
        0.01158710222807056,
        0.01086502555204212,
        0.010958638422920922,
        0.010929757386354603,
        0.01126942342946259,
        0.011348748625606697,
        0.01065583346178599,
        0.010559263016590645,
        0.010784833940032577,
        0.010681869877468839,
        0.010772394289195063,
        0.01079999674429034,
        0.010344379454677028,
        0.010503750649828319,
        0.01086160217023687,
        0.010355763985376703,
        0.010626411125263994,
        0.010428465527935925
    ],
    "test_metrics_scaled": {
        "MAE": 0.13279698132159742,
        "MSE": 0.030618658091368423,
        "MdAE": 0.10017609596252441,
        "Pred(50)": 0.3918918918918919
    },
    "test_metrics_real": {
        "MAE": 2.788736607753546,
        "MSE": 13.502828218293475,
        "MdAE": 2.1036980152130127,
        "Pred(50)": 0.3918918918918919
    }
}