{
    "run_id": 4,
    "seed": 45,
    "elapsed_sec": 63.225218296051025,
    "best_val_mse": 0.008181800037843327,
    "epochs_trained": 78,
    "train_loss_history": [
        0.03117583494405357,
        0.025134515773733053,
        0.022979249267325717,
        0.02094344881230167,
        0.019472207300060867,
        0.017826410759316416,
        0.016981036950625025,
        0.015872243829831784,
        0.014984118278917609,
        0.014291503252841684,
        0.013647821316571563,
        0.013198897400300722,
        0.01278166144383045,
        0.01234499300563974,
        0.011933013680866179,
        0.011774975148846909,
        0.01139817031870159,
        0.011085350133896787,
        0.010953709061675686,
        0.010632860313682836,
        0.010489250581749545,
        0.010353438397489336,
        0.009928731348517598,
        0.009781153824617516,
        0.009924256111191092,
        0.009576985599207027,
        0.009465485173562656,
        0.009298322036178136,
        0.009142818838376933,
        0.009174565284047276,
        0.00907863708811679,
        0.008729203561396927,
        0.00854348045469699,
        0.008410499467780547,
        0.008682425243171806,
        0.008373510577164742,
        0.00845560426016015,
        0.00821900649319346,
        0.007968771430587739,
        0.00788088776551339,
        0.007760291699348588,
        0.007731819776247959,
        0.007873561199545404,
        0.007568616320246032,
        0.007387117767820553,
        0.007345231534076893,
        0.007207893502984044,
        0.007453120187666191,
        0.007042916467869464,
        0.007187755069723923,
        0.006952284256053366,
        0.0067847185174231325,
        0.006473098548927477,
        0.006520256470076322,
        0.00658932999726765,
        0.006214154679423236,
        0.006371278561442634,
        0.006514751064657633,
        0.006504108955874583,
        0.006173598587189858,
        0.006256561793805081,
        0.006247390458379321,
        0.006152928560943704,
        0.00602432068019193,
        0.006110430359175163,
        0.006085487054328301,
        0.005894115194678307,
        0.005940018632040568,
        0.005857335007749498,
        0.006009816692201231,
        0.0057524960849206054,
        0.005722152581913587,
        0.005579123923754586,
        0.005585921255215926,
        0.0055183983144198295,
        0.005633368623224372,
        0.005443087723153662,
        0.005382056885793311
    ],
    "val_mse_history": [
        0.027863277662001022,
        0.024889198454887053,
        0.023342888073861135,
        0.02148885047798454,
        0.01988098901235628,
        0.01897734177680981,
        0.01813644951865089,
        0.017163378480523316,
        0.017286952157414236,
        0.016139847882848335,
        0.015402275188975597,
        0.015096646354126959,
        0.0148570987557927,
        0.014222093656106771,
        0.013608675169584803,
        0.013734076393011507,
        0.013802587339286243,
        0.013373325023221819,
        0.013332234754562772,
        0.012845746981072262,
        0.013149803606015113,
        0.012278503538004644,
        0.012319866922758138,
        0.01245308185178313,
        0.011806703681901426,
        0.011828953005254335,
        0.011585503553466351,
        0.01152114594095972,
        0.011411766974836196,
        0.01125262614739942,
        0.011392162523154503,
        0.011371893678589798,
        0.0110637987952651,
        0.01122579962990431,
        0.01077712033885743,
        0.01064160727173085,
        0.010622536616325352,
        0.010529229121892589,
        0.010391674064270402,
        0.010141770643659856,
        0.010244627448799132,
        0.010159573926142746,
        0.00988891651363264,
        0.01004060384884262,
        0.009717666501204505,
        0.009866296696986028,
        0.00975204939401717,
        0.009138865894987625,
        0.009366089164429625,
        0.00952176217757167,
        0.00946683348532358,
        0.009402244831424399,
        0.009114438169029635,
        0.009086005440933857,
        0.009352238714298949,
        0.009331736316418763,
        0.008843678254916018,
        0.00908930016376467,
        0.008965855976888218,
        0.00903742571309477,
        0.008774951819343742,
        0.008996535719749576,
        0.008793684392848868,
        0.008750565505269784,
        0.008681473807246888,
        0.008739592956479051,
        0.008786839758112725,
        0.0089157072690206,
        0.008259012754197206,
        0.0086586309956459,
        0.00861907204871692,
        0.008561386843001078,
        0.008181800037843327,
        0.008433075763736633,
        0.008479861266460451,
        0.008356967288200992,
        0.008640411490902273,
        0.008447389015446215
    ],
    "test_metrics_scaled": {
        "MAE": 0.15479245363955152,
        "MSE": 0.04224529661935532,
        "MdAE": 0.1247590184211731,
        "Pred(50)": 0.3286219081272085
    },
    "test_metrics_real": {
        "MAE": 3.2506415264305817,
        "MSE": 18.630175809135697,
        "MdAE": 2.619939386844635,
        "Pred(50)": 0.3286219081272085
    }
}