{
    "run_id": 1,
    "seed": 42,
    "elapsed_sec": 51.11126136779785,
    "best_val_mse": 0.00818078186861709,
    "epochs_trained": 63,
    "train_loss_history": [
        0.03218915636594198,
        0.026236468967886603,
        0.023917918555362492,
        0.022403558832118097,
        0.021072710907010704,
        0.019962959770797466,
        0.01912101750471154,
        0.017626603932252953,
        0.017000845741784693,
        0.016123741810989318,
        0.015370746374092236,
        0.014890167955309152,
        0.014154820154630104,
        0.013422939626081865,
        0.012976437302458347,
        0.01267399087130111,
        0.012470688760204582,
        0.01214596591034562,
        0.011637829155281033,
        0.011171082180582595,
        0.011048337214683391,
        0.011025574720673718,
        0.010876714966583009,
        0.010680279654583761,
        0.010417525817126948,
        0.009989050426520407,
        0.010035130487070705,
        0.009926003603530782,
        0.009656387380305298,
        0.009680736240009036,
        0.009471713957775916,
        0.009202658325167638,
        0.009239684804627786,
        0.008944776381023836,
        0.008780440742302002,
        0.008642286063666094,
        0.008723173330404928,
        0.00852390681963642,
        0.008557973928958634,
        0.008322814886686297,
        0.008006366026321692,
        0.008139416579708306,
        0.00776459401620704,
        0.007933002737426788,
        0.00795083847324535,
        0.007709565953522617,
        0.0074369939806757076,
        0.0074515998515547535,
        0.0076169581608656715,
        0.0073422898355472305,
        0.007184585973344819,
        0.007030556633906933,
        0.0070679666714419664,
        0.006868246159924917,
        0.006809001328537659,
        0.006706138682665721,
        0.006477105020716483,
        0.006469505865183868,
        0.0064314965600604,
        0.006265161841946217,
        0.006236052921764096,
        0.006264504908622071,
        0.005874558736817265
    ],
    "val_mse_history": [
        0.025029427705333143,
        0.022206142031214897,
        0.02182043972939109,
        0.020240555967333523,
        0.0194889555886492,
        0.018887698878796922,
        0.017627685997063738,
        0.016746247461032624,
        0.016212232310193045,
        0.015749238669269798,
        0.014816672436237183,
        0.014591743787869605,
        0.01422503810057376,
        0.013684428062361025,
        0.012802736802835016,
        0.013002823344525771,
        0.012925544406196816,
        0.012706801420901703,
        0.012208665700729928,
        0.01229306869388607,
        0.011867744234738223,
        0.01191858200701127,
        0.011365651161405912,
        0.011530384433368814,
        0.011063016546390723,
        0.01145544891252485,
        0.01061331744263301,
        0.010854749214240341,
        0.010536138542244758,
        0.010454517202829472,
        0.010429272977686702,
        0.010639241916315677,
        0.010326965774049282,
        0.009936328989613021,
        0.010146657337331595,
        0.010291330234180315,
        0.009927106623339704,
        0.01012088400270438,
        0.009950068838363843,
        0.009549899782680872,
        0.009831285512242311,
        0.009508626427089037,
        0.009347605257035346,
        0.009450768688202828,
        0.01005018931693194,
        0.009313992164854868,
        0.009478612234178407,
        0.009094606620165578,
        0.008899567957819338,
        0.008926361540272928,
        0.009249107509350799,
        0.008839699836941802,
        0.009108693279160612,
        0.008992614176557074,
        0.008734576610298809,
        0.008734552122941108,
        0.008595944077801272,
        0.00818078186861709,
        0.008730246252026348,
        0.008581229508701887,
        0.008700836374434726,
        0.008518465704385926,
        0.008378081495135106
    ],
    "test_metrics_scaled": {
        "MAE": 0.13698251642035336,
        "MSE": 0.032233837917221154,
        "MdAE": 0.11186075210571289,
        "Pred(50)": 0.36767317939609234
    },
    "test_metrics_real": {
        "MAE": 2.8766328448274208,
        "MSE": 14.215122521494528,
        "MdAE": 2.3490757942199707,
        "Pred(50)": 0.36767317939609234
    }
}