{
    "run_id": 2,
    "seed": 43,
    "elapsed_sec": 73.48084950447083,
    "best_val_mse": 0.007171541343747541,
    "epochs_trained": 91,
    "train_loss_history": [
        0.029360692636394986,
        0.024275161078845968,
        0.02239146841385839,
        0.020961028814543876,
        0.019538528234602847,
        0.01815404401597928,
        0.016977119767012036,
        0.015908613838065338,
        0.015553953270522915,
        0.0145861427907889,
        0.01394186457714104,
        0.0131691091342316,
        0.01294396618780281,
        0.012459245769839202,
        0.01201989115025772,
        0.01163283585029065,
        0.011375081093924842,
        0.011359910158041333,
        0.011004437146024133,
        0.010772014231592113,
        0.010523699316177137,
        0.010225571025333995,
        0.010052523155677683,
        0.009926793402136893,
        0.009703728351837063,
        0.00953850401090268,
        0.00959379333000136,
        0.00930532660781957,
        0.009035552879890465,
        0.008931258469534924,
        0.00885003589055672,
        0.008714155825235102,
        0.008460487909995172,
        0.008541973838725184,
        0.008401354732067913,
        0.008281756524585796,
        0.008062206508059586,
        0.007907510319800705,
        0.007863727198647601,
        0.007706695361233943,
        0.007613325803255549,
        0.007666201423378471,
        0.0076594971272410176,
        0.007456939239340017,
        0.007277357302206968,
        0.007036732290206211,
        0.007064494000016046,
        0.007069343447742261,
        0.006863958359581932,
        0.006704034823781754,
        0.006877924485265145,
        0.006754732801702482,
        0.006429771393566031,
        0.006534950613348307,
        0.006349184568876363,
        0.006169240910094231,
        0.006177675907443068,
        0.005929115981015624,
        0.005945862450266295,
        0.006083767408058428,
        0.006053349069243639,
        0.00583953812803921,
        0.005641122915477929,
        0.005484564390451628,
        0.005681403225515874,
        0.005394588266404308,
        0.005286208413332245,
        0.0053481187164778725,
        0.0049329563691423335,
        0.005149512035696178,
        0.004954028575994759,
        0.004871149246618912,
        0.005065724194021326,
        0.004834181428364269,
        0.004819034400030172,
        0.004849323128796734,
        0.004660487610238547,
        0.004591523743073019,
        0.004736800949868499,
        0.004635498569375474,
        0.004715583505992759,
        0.004791272931960316,
        0.004522841019266076,
        0.00438087721455044,
        0.004427915734562035,
        0.004529074123081732,
        0.00437896498882839,
        0.004336606703784164,
        0.004298157342091887,
        0.004523610610191768,
        0.004351080556718481
    ],
    "val_mse_history": [
        0.025676988847835987,
        0.023253029472878738,
        0.021634690637258196,
        0.020068355229816252,
        0.018898381968687344,
        0.01765214593267517,
        0.017272725322760356,
        0.016507857755653704,
        0.015106512087600917,
        0.014949099662527035,
        0.014198627209023859,
        0.01354386095643943,
        0.013143739553682568,
        0.013206992079942562,
        0.012473323258126244,
        0.012759614426697586,
        0.012617375741105497,
        0.011885163907991684,
        0.012020949540780559,
        0.01151913154434706,
        0.011219934258664138,
        0.011621504135802686,
        0.011464964512563139,
        0.011405284041735918,
        0.011010097411410066,
        0.010706796977982066,
        0.010566154542135026,
        0.010351202193640005,
        0.010563678385229144,
        0.010363788152146548,
        0.010122766513719498,
        0.00995935876584389,
        0.010055606868059392,
        0.009973807415879875,
        0.010063953745268186,
        0.009787834850574075,
        0.009980501259249612,
        0.009445215504478185,
        0.009593222575325798,
        0.009324419515466406,
        0.009755680147796948,
        0.00924582026674667,
        0.008997165037348199,
        0.009062793736473077,
        0.008849717453176432,
        0.008834702807976625,
        0.008944245884367255,
        0.008575484680056924,
        0.008618731562442914,
        0.008615737017018512,
        0.008376729232493812,
        0.008849916877816017,
        0.008814997532801409,
        0.008187581095349405,
        0.008672248906278095,
        0.008473919171414901,
        0.008125063706115185,
        0.008304625306374387,
        0.008188553928473903,
        0.008124058419150294,
        0.008341909595259293,
        0.008263369267870788,
        0.007983407823650654,
        0.007622895794502196,
        0.00818105347792852,
        0.007748118956079162,
        0.008067173985825682,
        0.007944261382372928,
        0.007577857419538758,
        0.007584879847049724,
        0.007571994568026474,
        0.00807693562326106,
        0.0076514702542921755,
        0.007859223597038561,
        0.0073785757229216115,
        0.007719849362825809,
        0.007326509881541069,
        0.0076036207952180305,
        0.007404646897884469,
        0.007279088972419167,
        0.00751322776770023,
        0.007567920440814398,
        0.007211550426385181,
        0.007634084677227289,
        0.00737101566093459,
        0.007171541343747541,
        0.007301125140952235,
        0.0075540473911481325,
        0.007735823213282348,
        0.007321350617653164,
        0.007287075804231338
    ],
    "test_metrics_scaled": {
        "MAE": 0.1539104760838399,
        "MSE": 0.0439563220766289,
        "MdAE": 0.12906993925571442,
        "Pred(50)": 0.38341968911917096
    },
    "test_metrics_real": {
        "MAE": 3.2321199977606376,
        "MSE": 19.384738035793344,
        "MdAE": 2.7104687243700027,
        "Pred(50)": 0.38341968911917096
    }
}