{
    "run_id": 6,
    "seed": 47,
    "elapsed_sec": 46.960891008377075,
    "best_val_mse": 0.009259096875513203,
    "epochs_trained": 59,
    "train_loss_history": [
        0.04814077906538637,
        0.02722833240404725,
        0.025490190290218713,
        0.023576315728073217,
        0.022610067954400973,
        0.021069675132784307,
        0.020273360634716797,
        0.019090768523818375,
        0.017877176196827573,
        0.0170315464777986,
        0.016211688860642667,
        0.015649833917921904,
        0.01498374952055628,
        0.014212679217702575,
        0.013563334282335578,
        0.013173980474928204,
        0.013103058079865818,
        0.0126902350956308,
        0.012126259488642824,
        0.01185656284856401,
        0.01138610628870677,
        0.0112298168398782,
        0.010989101522849227,
        0.010842389827689194,
        0.010732800853723775,
        0.010009576362196584,
        0.010035996980090835,
        0.010012558384380322,
        0.009910251346549817,
        0.009537760858728114,
        0.009362064608448774,
        0.009192982971269106,
        0.009383996395508246,
        0.009069440080499163,
        0.008925658498168447,
        0.008812383273901532,
        0.008560387820613628,
        0.008434988770690956,
        0.008152209470352651,
        0.008062874752914114,
        0.008000164599233896,
        0.007870862544134107,
        0.007924938912750507,
        0.007715845063366756,
        0.007435930593471442,
        0.007516803810544008,
        0.007338911349105896,
        0.00718041223245768,
        0.007203019482359214,
        0.0071045128486062195,
        0.007018198079087448,
        0.007029336426236039,
        0.0067512279580708365,
        0.006539343308410322,
        0.006618913462176463,
        0.006525029065039921,
        0.006445707075478395,
        0.006256617616614973,
        0.006125214839548975
    ],
    "val_mse_history": [
        0.02836839428880412,
        0.025795361981523303,
        0.024373585292541286,
        0.02356622553649504,
        0.022603721558394404,
        0.0217003842086702,
        0.020475156318445285,
        0.019671853190980824,
        0.018498164297066237,
        0.018073829164788294,
        0.017630807348866177,
        0.01656626622840531,
        0.015955484371337987,
        0.015508054728429877,
        0.01539385432953259,
        0.015061221139748553,
        0.014257561921521921,
        0.01386495625395531,
        0.013827162712510182,
        0.013336512168993394,
        0.01309186452959605,
        0.013272602364984043,
        0.013172740910794465,
        0.012588619315467156,
        0.012823815965428264,
        0.012484868799036968,
        0.012228668688870858,
        0.01188797420106232,
        0.011846162954981723,
        0.011839994585128655,
        0.011627215661175206,
        0.011333277670525515,
        0.011789602426413442,
        0.011539201731558361,
        0.011474442313813003,
        0.01132134606747366,
        0.011206806728604139,
        0.011503401858865316,
        0.011130725903230464,
        0.01110915947146838,
        0.01091004298411739,
        0.010427509421086298,
        0.010483105978130933,
        0.010921856945928014,
        0.01065708652449076,
        0.010246815927999241,
        0.01039661106005792,
        0.010308554416715025,
        0.01009440477055612,
        0.010081730555285235,
        0.010227088439109265,
        0.009943406345259033,
        0.009821124350106233,
        0.009259096875513203,
        0.010031626064603845,
        0.009561873673446117,
        0.009658465575828867,
        0.009448049380958088,
        0.009889052286443111
    ],
    "test_metrics_scaled": {
        "MAE": 0.1478196870822173,
        "MSE": 0.035150058148986,
        "MdAE": 0.1218770295381546,
        "Pred(50)": 0.335042735042735
    },
    "test_metrics_real": {
        "MAE": 3.1042134287265633,
        "MSE": 15.501175643702826,
        "MdAE": 2.5594176203012466,
        "Pred(50)": 0.335042735042735
    }
}