{
    "run_id": 10,
    "seed": 51,
    "elapsed_sec": 48.35581922531128,
    "best_val_mse": 0.009429879837529381,
    "epochs_trained": 60,
    "train_loss_history": [
        0.028365773471946618,
        0.02408235602993138,
        0.022052700867002107,
        0.020712057843196147,
        0.018594691775054954,
        0.01776203137195232,
        0.016932228842408074,
        0.015624756149339433,
        0.014592165866752669,
        0.014125112585761414,
        0.013380423017150285,
        0.012899131151106285,
        0.012262069093709697,
        0.011688240745808093,
        0.011606912416577035,
        0.011073842705512534,
        0.0108746780557748,
        0.010703641284561279,
        0.010343592158252639,
        0.010104596018981265,
        0.0099470097737919,
        0.009675740336105987,
        0.009409712178499572,
        0.009227477772427457,
        0.009067131458705633,
        0.00896088227876747,
        0.008999675767952386,
        0.008722704409963774,
        0.008559090597079877,
        0.008188974038146588,
        0.008352189381340785,
        0.008073126394491719,
        0.00783244589894858,
        0.00796229075117759,
        0.007833283817471594,
        0.00798084673576285,
        0.007510828053369662,
        0.0076232906542623375,
        0.007588224069747541,
        0.007114022204709448,
        0.007187182585262142,
        0.006952565203762936,
        0.007126861415822439,
        0.006833246444370978,
        0.006727872730460854,
        0.006858075206282036,
        0.006832532584667206,
        0.0066685052693118245,
        0.006753407615921175,
        0.006674814344934967,
        0.006444216916831781,
        0.006630015457334111,
        0.00658438591433841,
        0.006523664906022272,
        0.006525828438449879,
        0.006361902672892474,
        0.006474575694954517,
        0.006348674997155156,
        0.006184736170986554,
        0.006142433306169031
    ],
    "val_mse_history": [
        0.02395827641294671,
        0.022133299812254544,
        0.021127090053834306,
        0.019816435887210476,
        0.01889545084842718,
        0.01789334840949043,
        0.01654803461931973,
        0.01593776782316156,
        0.01501228269042734,
        0.01473021736920258,
        0.014431120756946851,
        0.013875670245556627,
        0.01391308390667616,
        0.013261167535447706,
        0.012560890636616778,
        0.012811606146543418,
        0.013102016595789797,
        0.01250191376855964,
        0.012331719648833723,
        0.011960655072852232,
        0.012410419341881774,
        0.011881791542603107,
        0.011911183714140027,
        0.011363080565806257,
        0.01124637060380781,
        0.011197336859111992,
        0.011515006967220716,
        0.01117553277383671,
        0.010914095624262219,
        0.010786310136094296,
        0.010604739779088832,
        0.010836566696036748,
        0.010589922435193128,
        0.010367959621719306,
        0.010322101870286062,
        0.010903018780057463,
        0.010281092702935252,
        0.010642090580008869,
        0.010676275136083076,
        0.010369472106024305,
        0.010301094690513483,
        0.010071566947475926,
        0.010122888913525394,
        0.009976352037734497,
        0.010111338160243418,
        0.010097188792124085,
        0.009665511010976024,
        0.009890873460323671,
        0.009821610859423277,
        0.009993849657976282,
        0.009546494764986202,
        0.009606099277349192,
        0.009589514222500312,
        0.009726473623634917,
        0.009429879837529381,
        0.009715528288479354,
        0.009494203492910526,
        0.00981931143992969,
        0.009730515447568255,
        0.009846362945501546
    ],
    "test_metrics_scaled": {
        "MAE": 0.14768111908479647,
        "MSE": 0.03761224525435147,
        "MdAE": 0.12046615034341812,
        "Pred(50)": 0.3545751633986928
    },
    "test_metrics_real": {
        "MAE": 3.101303500780726,
        "MSE": 16.587000157169,
        "MdAE": 2.5297891572117805,
        "Pred(50)": 0.3545751633986928
    }
}