{
    "run_id": 4,
    "seed": 45,
    "elapsed_sec": 139.53682041168213,
    "best_val_mse": 0.0007882179173717476,
    "epochs_trained": 33,
    "train_loss_history": [
        0.0018767926199775263,
        0.001371055130933344,
        0.0013080988466352113,
        0.0011603746898119999,
        0.0010959309155901121,
        0.0010878605950366412,
        0.0010067024202190192,
        0.0009663315177902787,
        0.0009147856249068067,
        0.0008988920401239547,
        0.0008615003584571624,
        0.0008422989110074827,
        0.0008170622087422281,
        0.00079814994690854,
        0.0008036553336301279,
        0.0007503429941655333,
        0.0007685700717621857,
        0.0007074704565610246,
        0.0007273497777542185,
        0.0006962384474804582,
        0.0006736242298517793,
        0.0006644931779584639,
        0.000658045387051396,
        0.0006519522028017826,
        0.0006159711938725147,
        0.0006452857021787694,
        0.0006216452810832906,
        0.0006107258503470803,
        0.0006170554401500052,
        0.0005810700992496047,
        0.0005817312851669205,
        0.0005724615723451471,
        0.0005325634462286345
    ],
    "val_mse_history": [
        0.0017650829324231778,
        0.0014553373726208171,
        0.0014803980039549147,
        0.0013068199686455352,
        0.0013590379569454545,
        0.0011583399092512268,
        0.0011878863340858375,
        0.0011590332553197997,
        0.0011553803594764112,
        0.00110730609310414,
        0.0010079323049556788,
        0.0009943524196357936,
        0.0010840918858798208,
        0.0009396049831935222,
        0.000957755116454582,
        0.0009933952512955727,
        0.0009144335059298571,
        0.0009731709031409344,
        0.0009084365607750434,
        0.0008749134820150478,
        0.0008514450943166087,
        0.000936317038311845,
        0.0008473652769173719,
        0.0008533659797028226,
        0.0008267755056964594,
        0.000898935103224988,
        0.0008400358356265915,
        0.0007882179173717476,
        0.000821517810769197,
        0.0008172106372554788,
        0.0008197727248725978,
        0.0008424865984583525,
        0.0007969364933784348
    ],
    "test_metrics_scaled": {
        "MAE": 0.01799743810686256,
        "MSE": 0.0006606295495117199,
        "MdAE": 0.013142824172973633,
        "Pred(50)": 0.3285179705856757
    },
    "test_metrics_real": {
        "MAE": 0.1439795048549005,
        "MSE": 0.042280291168750074,
        "MdAE": 0.10514259338378906,
        "Pred(50)": 0.3285179705856757
    }
}