{
    "run_id": 3,
    "seed": 44,
    "elapsed_sec": 131.40515089035034,
    "best_val_mse": 0.0007625511604391888,
    "epochs_trained": 31,
    "train_loss_history": [
        0.0018471149320937815,
        0.0014038504653121652,
        0.0012936141138236148,
        0.0012434460280967056,
        0.001164021451327962,
        0.0011252068771596226,
        0.001037780864039393,
        0.0009652897204375079,
        0.0009596990930348463,
        0.0009186455932955907,
        0.0008848195293907529,
        0.0008560501153873414,
        0.0008266469149193175,
        0.0007708666477073597,
        0.0007880752037224164,
        0.0007623588694045075,
        0.0007566458770414006,
        0.0007303217852332684,
        0.0007062265942831322,
        0.0006940918331766673,
        0.0006830407817994312,
        0.0006652251165168739,
        0.000649161260792569,
        0.0006227387659313728,
        0.0006149216873056598,
        0.0005910143175328573,
        0.0005987783402739105,
        0.0006046131460377517,
        0.0006017753355512181,
        0.0005865554518842194,
        0.0005799756893247832
    ],
    "val_mse_history": [
        0.001676369400641938,
        0.0014574478337079687,
        0.0014093564423770775,
        0.001309888455847766,
        0.0012607585028953391,
        0.0011619561372170682,
        0.0011108886367193714,
        0.0011041636107085608,
        0.0010964353622946613,
        0.001109165078617628,
        0.0010705211594418008,
        0.0010573930409885598,
        0.0009548962833955071,
        0.0009774614908779167,
        0.0009510382434189273,
        0.000940059013938624,
        0.0008641191371737515,
        0.000878108244665656,
        0.000895809649690619,
        0.0008874821125621374,
        0.000918871108747375,
        0.0008516430611934028,
        0.0008302867588094178,
        0.0008056901028972774,
        0.0007964056932538379,
        0.0007625511604391888,
        0.0007996416883364404,
        0.0008200570322985321,
        0.0007848746611979166,
        0.0007929262364776004,
        0.0007961351853853485
    ],
    "test_metrics_scaled": {
        "MAE": 0.019172280062206906,
        "MSE": 0.0006645726367538753,
        "MdAE": 0.014998488128185272,
        "Pred(50)": 0.30180140979897313
    },
    "test_metrics_real": {
        "MAE": 0.15337824049765525,
        "MSE": 0.04253264875224802,
        "MdAE": 0.11998790502548218,
        "Pred(50)": 0.30180140979897313
    }
}