{
    "run_id": 9,
    "seed": 50,
    "elapsed_sec": 200.36193251609802,
    "best_val_mse": 0.0008345277535134712,
    "epochs_trained": 48,
    "train_loss_history": [
        0.0020411761504548947,
        0.0014675811037044408,
        0.0012814445011463248,
        0.0011918889709417464,
        0.0011350560377966184,
        0.0010536220309241846,
        0.0010051613576184824,
        0.0009803386030896371,
        0.0009292363914152558,
        0.0009013417039386696,
        0.0008796442860444873,
        0.000836482472766779,
        0.0008029560113209299,
        0.0007910230480813066,
        0.00074698570886731,
        0.000739405472963163,
        0.0007411756162228381,
        0.0007325043429323399,
        0.00070269289423442,
        0.0006924200280263904,
        0.0006937728169214097,
        0.0006727354770134155,
        0.0006494543995244098,
        0.0006559506660223154,
        0.0006220658574047297,
        0.0006165292340474,
        0.0006376693791389698,
        0.0006140055550196465,
        0.0005759803837071032,
        0.0005742736154589741,
        0.0005631890608167036,
        0.0005714983818133508,
        0.0005574585256602547,
        0.0005426978569429545,
        0.0005485534003999323,
        0.0005293098240374667,
        0.000535675091601948,
        0.0005237628478004664,
        0.0005351039140269246,
        0.0005342022206164792,
        0.0005204308953800233,
        0.0005020424534928966,
        0.000526342694565277,
        0.0005114753495734859,
        0.0005163609435112448,
        0.0004846425364647937,
        0.000506007442088862,
        0.0005036677682150376
    ],
    "val_mse_history": [
        0.001632932523719539,
        0.0015105529699436418,
        0.0013741784292564871,
        0.0014578279222136992,
        0.0013480483254206634,
        0.001351390488345866,
        0.0012919683052028824,
        0.001322217725420329,
        0.0011822051936034783,
        0.0011718175002403022,
        0.0011712232360889092,
        0.0010982164754850864,
        0.0010959105345389577,
        0.0010479110839481456,
        0.0010705249802737103,
        0.001041488145353459,
        0.0010378221767909765,
        0.0010880625053820885,
        0.001023884599454144,
        0.0010243172032420192,
        0.0009947131221434986,
        0.0009747344725636413,
        0.0009460791737929794,
        0.0009390891702082867,
        0.0009618367108756831,
        0.0009543468997905629,
        0.0009401344348793314,
        0.0009638285330661911,
        0.0009169425462926147,
        0.0009169194938951463,
        0.000928262531822121,
        0.000939407007103185,
        0.0009711883905350426,
        0.0009064734480571172,
        0.0009136755551444928,
        0.0008720496082097124,
        0.0008583070096208258,
        0.000841032049858235,
        0.000840871274044496,
        0.0008898514103234701,
        0.000849456016013487,
        0.000917175421346322,
        0.0008345277535134712,
        0.0009187286023081842,
        0.0008635778991074996,
        0.0009029785711762114,
        0.000879104183072913,
        0.0008578051410788027
    ],
    "test_metrics_scaled": {
        "MAE": 0.022101419755012973,
        "MSE": 0.0009636955585453582,
        "MdAE": 0.016289152204990387,
        "Pred(50)": 0.28803686315423405
    },
    "test_metrics_real": {
        "MAE": 0.17681135804010378,
        "MSE": 0.06167651574690292,
        "MdAE": 0.1303132176399231,
        "Pred(50)": 0.28803686315423405
    }
}