{
    "run_id": 7,
    "seed": 48,
    "elapsed_sec": 156.65158486366272,
    "best_val_mse": 0.0007412484398847727,
    "epochs_trained": 37,
    "train_loss_history": [
        0.0017151559154061895,
        0.0014487195493098912,
        0.0012814494831898053,
        0.0012087276452649874,
        0.00111704476787724,
        0.0010262826541484653,
        0.0010197778204632127,
        0.0009540084497137669,
        0.0009143941455994009,
        0.0008703185429629613,
        0.0008470640710737299,
        0.0008546124308563059,
        0.0007776659932087089,
        0.0007624048587029775,
        0.0007362674914743126,
        0.000728925065318196,
        0.0007173050830246402,
        0.0007246502423942346,
        0.0007042775564485438,
        0.0006664333070377899,
        0.0006740902931357452,
        0.0006506235216779475,
        0.0006405344463488099,
        0.0006363371616469904,
        0.0005984804483121384,
        0.0005799069686212246,
        0.000597887887925026,
        0.0005920494242194476,
        0.000553407901698895,
        0.0005768443151062361,
        0.0005546062301647525,
        0.0005584418670868648,
        0.000542720353719472,
        0.0005493391310894941,
        0.0005405127266184488,
        0.0005457213483245333,
        0.0005109305204524916
    ],
    "val_mse_history": [
        0.0015211682842508156,
        0.0013788325205498564,
        0.0013849494559945686,
        0.0013618991126407491,
        0.0013132105630121545,
        0.0011944483853513828,
        0.001161671653703755,
        0.0010875988550107251,
        0.0010209625009952581,
        0.001017288385617297,
        0.0010584034562232465,
        0.0010338657021093448,
        0.001012843435853148,
        0.000982535724440064,
        0.0009873296160459576,
        0.0008797259807015982,
        0.0009083714722415184,
        0.0008847701780622206,
        0.0008787734236053397,
        0.0008443876112300462,
        0.0008653925484921345,
        0.0008468348136282177,
        0.0007765865358268063,
        0.0008048519121950412,
        0.0008609513786346111,
        0.0007602928405326436,
        0.0007916601667901804,
        0.0008028033473415439,
        0.0007565703234548311,
        0.0007678670887815128,
        0.0007632712024829352,
        0.0007412484398847727,
        0.0007754947971635087,
        0.0007685068060330854,
        0.0007531393701591458,
        0.0007412806889367254,
        0.0007438591637709701
    ],
    "test_metrics_scaled": {
        "MAE": 0.02083334980912254,
        "MSE": 0.000850116635811615,
        "MdAE": 0.015119833871722221,
        "Pred(50)": 0.2965696917064698
    },
    "test_metrics_real": {
        "MAE": 0.16666679847298033,
        "MSE": 0.05440746469194336,
        "MdAE": 0.12095867097377777,
        "Pred(50)": 0.2965696917064698
    }
}