{
    "run_id": 2,
    "seed": 43,
    "elapsed_sec": 241.11284255981445,
    "best_val_mse": 0.0006322600631660874,
    "epochs_trained": 58,
    "train_loss_history": [
        0.00164113164883977,
        0.0013450871998563678,
        0.0012732043689557989,
        0.0011185163523432014,
        0.001057230140083304,
        0.0010249681254189407,
        0.0009948325865077909,
        0.0009553052473041278,
        0.0009244491608191502,
        0.0008865413943452662,
        0.0008166640659558318,
        0.0007855999007963538,
        0.0007606394433624748,
        0.000787558770201653,
        0.0007706189738267934,
        0.0007584574849725437,
        0.0007349324063627711,
        0.0006950228013968291,
        0.0006771558497252715,
        0.0006766324228718938,
        0.0006581189517830927,
        0.0006509386794986264,
        0.0006467418844496071,
        0.0006361083746474163,
        0.0006089662259335838,
        0.0006146136800759306,
        0.000606937658374495,
        0.0005990849368907603,
        0.0005620819197371785,
        0.0005773285706757299,
        0.0005763956766857422,
        0.0005763447604821474,
        0.0005563317066269902,
        0.0005259544047006976,
        0.0005366652363457098,
        0.0005615531232347406,
        0.0005275481841454166,
        0.0004989422289719713,
        0.0004945767334873763,
        0.0004812380096911128,
        0.0004727771219040733,
        0.0004794236504236132,
        0.0004658339094270272,
        0.0004550502235667265,
        0.0004582513979690511,
        0.0004787026848804855,
        0.0004494102098052329,
        0.00046005670453604054,
        0.00044329114244694785,
        0.0004433012764524105,
        0.00042775328573617643,
        0.000421105458391187,
        0.0004355823442912017,
        0.0004376956701621805,
        0.0004302480711646096,
        0.0004299739442898212,
        0.00042865654092135005,
        0.0004203661768377443
    ],
    "val_mse_history": [
        0.0016475363259679883,
        0.001540769748443349,
        0.0014880819341893993,
        0.0013168984181832022,
        0.0012740497414115977,
        0.001177118074354379,
        0.001125785482390013,
        0.001134274337375859,
        0.0010398736887555755,
        0.001004908020571191,
        0.0009742048907488621,
        0.0009473417159488128,
        0.000928445879301756,
        0.0009129428117217089,
        0.0008608291244459152,
        0.0008872989739057705,
        0.0008679713013257475,
        0.0008194670073884895,
        0.0008352096338004286,
        0.0008288030204102423,
        0.0008056892942042946,
        0.0007990290069927956,
        0.0007840092853093466,
        0.0008492022666320832,
        0.0007493815436892195,
        0.0007545984043302474,
        0.0007490177742861841,
        0.0007728053186269205,
        0.0007456848053367889,
        0.0007449983353301469,
        0.0007366784348411376,
        0.0007159964671921791,
        0.0007059514683924908,
        0.0007220063663787219,
        0.0007197114269297694,
        0.000729158427961736,
        0.000822309734901461,
        0.0006962319861649116,
        0.0006969960886302733,
        0.0006875506523511893,
        0.0006889922083283638,
        0.0006678892412524514,
        0.0006783307609994216,
        0.000681277304603541,
        0.0006737473573673366,
        0.0006740778007685365,
        0.0006574578140263209,
        0.0006735471036139784,
        0.0006531462757345037,
        0.000646508040216921,
        0.0006566943006320979,
        0.0006619251760766807,
        0.0006322600631660874,
        0.0006588030389112248,
        0.0006513874062822832,
        0.0006583545391313831,
        0.0006591143317928165,
        0.0006433520026067549
    ],
    "test_metrics_scaled": {
        "MAE": 0.021355719952562417,
        "MSE": 0.0008125310375613904,
        "MdAE": 0.01703261025249958,
        "Pred(50)": 0.25401371170702075
    },
    "test_metrics_real": {
        "MAE": 0.17084575962049933,
        "MSE": 0.05200198640392899,
        "MdAE": 0.13626088201999664,
        "Pred(50)": 0.25401371170702075
    }
}