{
    "run_id": 8,
    "seed": 49,
    "elapsed_sec": 265.1971673965454,
    "best_val_mse": 0.0005888605857885625,
    "epochs_trained": 63,
    "train_loss_history": [
        0.0017095231479661859,
        0.001464998039484367,
        0.0013221883661600786,
        0.001245875614312306,
        0.0012174404409597628,
        0.0011042763481696296,
        0.0010696354695775019,
        0.0010101047692717801,
        0.0009578967981896743,
        0.0009533577554592691,
        0.0008894279230030645,
        0.0008524191521811238,
        0.0008624871387981234,
        0.0008473625164754738,
        0.0008013439591358244,
        0.0007699636559922702,
        0.0007596005590618772,
        0.0007649578219628127,
        0.0007415209056910642,
        0.0006983736669874481,
        0.0007012717246528299,
        0.0006964978677857097,
        0.0006645430743810721,
        0.0006430017339976315,
        0.0006601660690495536,
        0.0006501242526390247,
        0.0006610094797188618,
        0.0006143936727867664,
        0.000640410164677106,
        0.0006236983001853284,
        0.000620057722342991,
        0.0006041963753331832,
        0.0006147580571862483,
        0.0005860887201829189,
        0.0006065685592061766,
        0.0005925456791833552,
        0.0005810616797661121,
        0.0005793393211819133,
        0.0005603355284888254,
        0.0005743167974019582,
        0.0005675006693012332,
        0.0005806944659515897,
        0.0005539177244415776,
        0.0005437857546865799,
        0.000532239455939194,
        0.0005397054305630216,
        0.0005355276917352488,
        0.0005327218460737832,
        0.0005066155229245564,
        0.0005102130224526934,
        0.0005182988753490224,
        0.0005121282166395472,
        0.0005030397120782781,
        0.0005169653399657125,
        0.0005102890385100373,
        0.0004925950950497569,
        0.0005041489223635596,
        0.0005088422478308387,
        0.0005008317794674536,
        0.000496041542765421,
        0.0004947320401487033,
        0.0004896146190405585,
        0.0004823116855665208
    ],
    "val_mse_history": [
        0.0013064362538124502,
        0.0011707356572105134,
        0.0011901285868868643,
        0.0010207588004711619,
        0.0010710560342135395,
        0.0009936439933683958,
        0.000981404546476012,
        0.0009405579929225436,
        0.0008638672733861083,
        0.0008542399717891722,
        0.0008641177999451068,
        0.0008201830356074455,
        0.0007999984972894599,
        0.0008010973205068428,
        0.0007786305280924045,
        0.0007544526023977199,
        0.0007226003942148888,
        0.0007333420361908102,
        0.0007689834975685151,
        0.0007410844703294301,
        0.0007327125002546395,
        0.000712570567877106,
        0.0006741982186541489,
        0.0007060137130887285,
        0.0006620218083305728,
        0.0006986185150200194,
        0.000686219361421643,
        0.00066830728656528,
        0.000647907188238352,
        0.0006727782154174579,
        0.0006462955294508737,
        0.0006574607889460079,
        0.0006601075794699626,
        0.0006536921175779437,
        0.0006402278287793944,
        0.0006473449182279164,
        0.0006540040091399671,
        0.0006453570536551532,
        0.0006365611308712565,
        0.0006522499818643558,
        0.0006429060359752363,
        0.0006217948121833827,
        0.0006313191540070781,
        0.0006041136799151595,
        0.0006324237474293836,
        0.0006307087784770645,
        0.000626876780541684,
        0.0006439829547068485,
        0.000601473122590266,
        0.0006074210664521254,
        0.0006061275342537401,
        0.0006046884857029974,
        0.0005916370743829894,
        0.0006245417148723099,
        0.0006001310315542646,
        0.0006058417886138289,
        0.0005896615509644235,
        0.0005888605857885625,
        0.0006225541999623047,
        0.0006012481002176498,
        0.00060164788595995,
        0.0006036631407676127,
        0.0005921970517561718
    ],
    "test_metrics_scaled": {
        "MAE": 0.021202538813025477,
        "MSE": 0.0008588783668681866,
        "MdAE": 0.016185622662305832,
        "Pred(50)": 0.28928353791242273
    },
    "test_metrics_real": {
        "MAE": 0.16962031050420381,
        "MSE": 0.054968215479563945,
        "MdAE": 0.12948498129844666,
        "Pred(50)": 0.28928353791242273
    }
}