{
    "run_id": 6,
    "seed": 47,
    "elapsed_sec": 124.69387102127075,
    "best_val_mse": 0.0005812029679263208,
    "epochs_trained": 30,
    "train_loss_history": [
        0.0016901836049739933,
        0.001488526144867616,
        0.001335662381599449,
        0.0012598120968438085,
        0.0011822398138572584,
        0.0011362395965491153,
        0.0010261068077096226,
        0.001012811494051436,
        0.000934584549196236,
        0.0009222118636956255,
        0.0008909355860477694,
        0.000850111688862518,
        0.0008307924233572282,
        0.0008043066241053135,
        0.0007880433346087413,
        0.000765899907511132,
        0.0007391489500112488,
        0.0007497135057431143,
        0.000696638769004494,
        0.000714307183131352,
        0.0006761193198958369,
        0.0006630790070056192,
        0.0006721351986274576,
        0.0006462792769200047,
        0.0006190016475585779,
        0.0006280623804827643,
        0.0006131649032115667,
        0.000599109287175356,
        0.0005868886840260912,
        0.0005589821753375489
    ],
    "val_mse_history": [
        0.0011626971660969384,
        0.001072683828402025,
        0.0009367328693182812,
        0.0008894059387435505,
        0.0008325121724794879,
        0.0008439953251062842,
        0.0008457598338590777,
        0.0007984910654216347,
        0.0008042736396512016,
        0.0008300097329090659,
        0.0007568733275152198,
        0.0007743288686492371,
        0.0007372623945665679,
        0.0007780658352523438,
        0.0007253658060076568,
        0.0007094963639530358,
        0.0006859683584378491,
        0.0006654173755309071,
        0.0006883264672226907,
        0.0006520071582230278,
        0.0006244466742795396,
        0.0006840926795758126,
        0.0006753972312531968,
        0.0006416782840559899,
        0.0005812029679263208,
        0.0006373690799626134,
        0.0006675235049472607,
        0.0005910499697787504,
        0.0006090556466036727,
        0.0006328263570133245
    ],
    "test_metrics_scaled": {
        "MAE": 0.020409666118363194,
        "MSE": 0.0008202910627224462,
        "MdAE": 0.015555966645479202,
        "Pred(50)": 0.3116939323119536
    },
    "test_metrics_real": {
        "MAE": 0.16327732894690555,
        "MSE": 0.052498628014236555,
        "MdAE": 0.12444773316383362,
        "Pred(50)": 0.3116939323119536
    }
}