{
    "run_id": 1,
    "seed": 42,
    "elapsed_sec": 145.60878658294678,
    "best_val_mse": 0.0007696664938660775,
    "epochs_trained": 35,
    "train_loss_history": [
        0.0016019244515949763,
        0.0014226959130227395,
        0.001308641809890488,
        0.0012065353250631902,
        0.0011170404749473643,
        0.0010242121778374941,
        0.0010100846053472578,
        0.0009599005063845604,
        0.0009209881985129629,
        0.0008849572484905365,
        0.0008608265213574908,
        0.0008179915468032337,
        0.0008084715318392754,
        0.0007660930446926566,
        0.0007703855650968188,
        0.000739073373957868,
        0.0007135070906224428,
        0.000715030123495748,
        0.0006850342513950493,
        0.0006731398644746821,
        0.0006558760600034331,
        0.0006639015424432153,
        0.000641067401434396,
        0.0006268069941564279,
        0.0006205369087336677,
        0.0006039569641947501,
        0.0005973763338261052,
        0.0005738616048524579,
        0.000583335704187017,
        0.0005691083501216398,
        0.0005730741907303271,
        0.0005619574918053235,
        0.0005423390206775175,
        0.0005327483295791592,
        0.0005075714523455213
    ],
    "val_mse_history": [
        0.001515481026843967,
        0.0014947594269504733,
        0.0013551650483366133,
        0.001300049536889846,
        0.0012343743359187998,
        0.0011551055011615214,
        0.0011918580703249811,
        0.0011401883385163468,
        0.0010661238338446207,
        0.0010351335229546873,
        0.0010461794692317482,
        0.0010037728195854355,
        0.0010104304717108786,
        0.0009709063478519268,
        0.0009397952125569579,
        0.0009485098256368554,
        0.0009142331599279842,
        0.0008889557941806003,
        0.0009013912968769776,
        0.0008674150076082306,
        0.0008935709704243064,
        0.000884734311224433,
        0.0008643584133050933,
        0.000898654956637563,
        0.000863740452206738,
        0.0008665121165611078,
        0.0008249470447407248,
        0.0008048160386056276,
        0.0008129799178053747,
        0.0007696664938660775,
        0.000801806601657095,
        0.0007971898925518852,
        0.0007995479991929681,
        0.0007932733690048314,
        0.0007824558445210527
    ],
    "test_metrics_scaled": {
        "MAE": 0.020720395854728683,
        "MSE": 0.0007958458689405832,
        "MdAE": 0.01576625183224678,
        "Pred(50)": 0.28020924149956405
    },
    "test_metrics_real": {
        "MAE": 0.16576316683782946,
        "MSE": 0.050934135612197326,
        "MdAE": 0.12613001465797424,
        "Pred(50)": 0.28020924149956405
    }
}