{
    "run_id": 10,
    "seed": 51,
    "elapsed_sec": 181.8767650127411,
    "best_val_mse": 0.0007198074258543687,
    "epochs_trained": 43,
    "train_loss_history": [
        0.0017026700917707977,
        0.0014294868159049655,
        0.0012625892182864175,
        0.0011849927171715534,
        0.0010965927531153858,
        0.0010227891102993836,
        0.0009520957052307877,
        0.0009364005314158643,
        0.0008831384190316863,
        0.0008686238540662759,
        0.0008265599617343947,
        0.0008037644955076853,
        0.000751632399321687,
        0.0007615286815033821,
        0.000704382151353026,
        0.0007049727686382156,
        0.0006995847115812419,
        0.0006749080142579164,
        0.0006734834106024018,
        0.00063753821139567,
        0.0006617203285752207,
        0.0006187328895095178,
        0.0006160444521925743,
        0.0006074793093782654,
        0.0006086913281538536,
        0.0005812683327071442,
        0.0005677181204986195,
        0.0005724646676887794,
        0.0005650497815766262,
        0.0005602135224054157,
        0.0005275864582903236,
        0.0005367638037645712,
        0.0005268598470061797,
        0.0005128946720804762,
        0.0005320817556869435,
        0.0005094590265453965,
        0.00048668352048384565,
        0.0004746361582587461,
        0.00047293994508532035,
        0.0004533856134845624,
        0.00046346389645278625,
        0.0004708410420445082,
        0.0004486864850102728
    ],
    "val_mse_history": [
        0.0016542687464140163,
        0.0014645960665595867,
        0.0014381916075480307,
        0.0013850199144135624,
        0.00133145066136741,
        0.0011869261197522834,
        0.0012350722621216664,
        0.0011813829565651061,
        0.0011264472404012929,
        0.0010901969750701812,
        0.0011178472862672546,
        0.0010401547742339816,
        0.0009784853489502073,
        0.0010284957088482996,
        0.0009528374486005419,
        0.0009608072204391879,
        0.0008838298497624899,
        0.0009471234814087053,
        0.0008780846001524706,
        0.0008917280520263556,
        0.0008956589614208068,
        0.0008581366790842042,
        0.0008296307447383473,
        0.000835096361631599,
        0.0008114168210409274,
        0.0008317084765191448,
        0.0008267219150506668,
        0.000807672774023832,
        0.0008055727542210277,
        0.0008191314525466933,
        0.0007980700994746283,
        0.0007569853439622554,
        0.0008291008896331432,
        0.0008124115498333556,
        0.0007892646546708054,
        0.0007636163716327189,
        0.0007427590396614653,
        0.0007198074258543687,
        0.0007386148941583546,
        0.0007496251787887075,
        0.0007518909840661563,
        0.0007774692537901577,
        0.0007297728366929243
    ],
    "test_metrics_scaled": {
        "MAE": 0.02184683340081975,
        "MSE": 0.0009194730611499867,
        "MdAE": 0.01574528217315674,
        "Pred(50)": 0.283195831524099
    },
    "test_metrics_real": {
        "MAE": 0.174774667206558,
        "MSE": 0.05884627591359915,
        "MdAE": 0.1259622573852539,
        "Pred(50)": 0.283195831524099
    }
}