{
    "run_id": 5,
    "seed": 46,
    "elapsed_sec": 197.70479035377502,
    "best_val_mse": 0.0007205723859383019,
    "epochs_trained": 48,
    "train_loss_history": [
        0.001688580383396536,
        0.0013958242014019849,
        0.0013115752189754091,
        0.0011632529481185453,
        0.0011133081926451077,
        0.001095046001780582,
        0.0009784852254118672,
        0.000967489537203954,
        0.0008948036575671531,
        0.0008833021638833758,
        0.0008598854906487855,
        0.0008140045436888805,
        0.000789710534786297,
        0.0007528788431265735,
        0.0007483818694316524,
        0.0007307812432593078,
        0.0007131534016049332,
        0.000719347019326769,
        0.0007006561740280104,
        0.0006669336822118279,
        0.0006510054986593834,
        0.0006608588457196387,
        0.0006485698234782352,
        0.0006023081893995129,
        0.0006208080252556676,
        0.0006218628789678118,
        0.0005880407129447313,
        0.0005712907831548364,
        0.0005549628457926079,
        0.0005547028778624065,
        0.0005677595826962619,
        0.0005396156442006222,
        0.0005321593806308412,
        0.0005356726005955256,
        0.0005239476062247137,
        0.000506284037814782,
        0.0005112302871853707,
        0.0005029808439652889,
        0.00048507959475452815,
        0.00045697499582801306,
        0.00046049537152851515,
        0.0004618161803304438,
        0.00046199101284161625,
        0.00044827521233137784,
        0.0004556389124895519,
        0.00043960846066559163,
        0.0004338139035117868,
        0.00043386510330731796
    ],
    "val_mse_history": [
        0.0015653510979576311,
        0.0015322425867112053,
        0.0012930932198046514,
        0.001309044416119536,
        0.0012874877815868349,
        0.0011706428999425453,
        0.0011400874819993668,
        0.0011679338370107252,
        0.00109496624070321,
        0.001023131689854555,
        0.0010509876281570832,
        0.0010061068407306814,
        0.000967603903235815,
        0.0009694504681915049,
        0.0010202581226821756,
        0.00093767123471417,
        0.0009033767439279876,
        0.0009409994615814299,
        0.0009135076132986426,
        0.0008849621559589653,
        0.0009024905796772257,
        0.0008722035775426134,
        0.0008653558604180529,
        0.0008475278789485913,
        0.0008450444613763623,
        0.0008212308766451038,
        0.0008417559281757495,
        0.0008126324708013298,
        0.0008089581226754162,
        0.0007843867829642605,
        0.000784438883458582,
        0.0007594073070895883,
        0.0008448814192425596,
        0.0008131501158127071,
        0.0007517850806683984,
        0.0007698748976092978,
        0.00075705492671565,
        0.0007946781598598767,
        0.0007656916155725527,
        0.0007421474305959107,
        0.0007430972091181788,
        0.00075568578020305,
        0.0007205723859383019,
        0.0007217581010410312,
        0.0007290949526752149,
        0.0007337748725277178,
        0.0007409100294913113,
        0.0007271926428908276
    ],
    "test_metrics_scaled": {
        "MAE": 0.022003653185717044,
        "MSE": 0.0009026359713622751,
        "MdAE": 0.016871802508831024,
        "Pred(50)": 0.27099136803557416
    },
    "test_metrics_real": {
        "MAE": 0.17602922548573635,
        "MSE": 0.057768702167185604,
        "MdAE": 0.1349744200706482,
        "Pred(50)": 0.27099136803557416
    }
}