{
    "run_id": 10,
    "seed": 51,
    "elapsed_sec": 165.87791204452515,
    "best_val_mse": 0.0004919880970562938,
    "epochs_trained": 28,
    "train_loss_history": [
        0.0014362023042141646,
        0.0011728844671963746,
        0.0010272602615113268,
        0.0009412734888337534,
        0.0008504219314391356,
        0.0007973192508248641,
        0.0007515197977632655,
        0.0007037751779699395,
        0.0006614179624924951,
        0.0006261262478658728,
        0.0005896491792087653,
        0.0005777831568842853,
        0.0005690356472934849,
        0.0005332906671720351,
        0.000538878135552035,
        0.0004860233510910194,
        0.0005013028458728372,
        0.0004758393851651836,
        0.0004628572280869984,
        0.0004506184317598694,
        0.00042747916055736453,
        0.0004356679298676741,
        0.0004011123416644817,
        0.00039654334364904397,
        0.0003654993797681527,
        0.0003783638253149488,
        0.0003648681473839546,
        0.00033270995275007473
    ],
    "val_mse_history": [
        0.0012394159147739719,
        0.0011827961510507174,
        0.0009860960199879428,
        0.0009969227643110339,
        0.0009319471883645986,
        0.0008544212984494563,
        0.0008105306334727977,
        0.0007200067539768542,
        0.0007134772278724452,
        0.0007253408119492133,
        0.0006536496019546531,
        0.0006579742750133636,
        0.0005803372092048762,
        0.0006040312075858413,
        0.0006485203906721326,
        0.0006081196082644873,
        0.0005736261964150639,
        0.0005818605053929731,
        0.0005438192037438928,
        0.0005590896885915338,
        0.0005506335763097377,
        0.0005306718843563043,
        0.0004919880970562938,
        0.0005206513126701674,
        0.0004945993695348944,
        0.0005019274827274932,
        0.0005000034215743814,
        0.0004976156289962249
    ],
    "test_metrics_scaled": {
        "MAE": 0.03133668372493338,
        "MSE": 0.0018516139853123157,
        "MdAE": 0.023159537464380264,
        "Pred(50)": 0.33438324678641357
    },
    "test_metrics_real": {
        "MAE": 0.658070358223601,
        "MSE": 0.8165617675227312,
        "MdAE": 0.48635028675198555,
        "Pred(50)": 0.33438324678641357
    }
}