{
    "run_id": 6,
    "seed": 47,
    "elapsed_sec": 344.45348834991455,
    "best_val_mse": 0.0004953336925692675,
    "epochs_trained": 57,
    "train_loss_history": [
        0.0018134440468344202,
        0.0012320451238107548,
        0.001059345931880928,
        0.0009682422219102372,
        0.0008763056149349162,
        0.000781751531843721,
        0.0007393845926739943,
        0.0007011266431445482,
        0.0006638819713089939,
        0.0006084175821700591,
        0.0006069316936888657,
        0.0005744549661624499,
        0.0005722343661590676,
        0.0005357086844565449,
        0.0005121799467305661,
        0.0005066788060230799,
        0.0004851644544018459,
        0.00048309677347406146,
        0.00047327045196215404,
        0.00044644173917962745,
        0.00043135757402508457,
        0.0004297695573013922,
        0.00040517991718099704,
        0.0004046740250096678,
        0.00038527617871600574,
        0.0003871583342626812,
        0.00035916592654430726,
        0.0003624789954831638,
        0.0003517652322015304,
        0.00033955900251184123,
        0.00033511702581851677,
        0.000340556071869587,
        0.00032206047586225557,
        0.00031122682312338624,
        0.00031828809013963763,
        0.0002988611857751559,
        0.00029254489424467245,
        0.0003003827146800165,
        0.00028911439297738965,
        0.00027592798164196837,
        0.0002727372749578121,
        0.00026861494521037603,
        0.00026566242597551377,
        0.00027124369171217815,
        0.00023467743489832596,
        0.00023171406382756937,
        0.00022999348049204134,
        0.0002197836735325076,
        0.00022216898277959302,
        0.00022073397842116673,
        0.00021341047529776824,
        0.00020371193020582627,
        0.00020281660519520033,
        0.00020067812798637625,
        0.00020346454355159755,
        0.00019798152157268756,
        0.00019763852276004102
    ],
    "val_mse_history": [
        0.0016020168755741717,
        0.0014551412437893742,
        0.0012207198808025553,
        0.0012026107042705447,
        0.0010518343089751527,
        0.0010662492453205003,
        0.0009607705333617677,
        0.0009838057779779626,
        0.0009275668950905634,
        0.0008623509035841516,
        0.0008437453313860528,
        0.0008764865987950077,
        0.0008576054670587269,
        0.0008084928434544339,
        0.0008013421753910963,
        0.0007631114394391229,
        0.000787289433451564,
        0.0007623733100212387,
        0.0007412869766652452,
        0.0007079145710368174,
        0.0007083282923378848,
        0.00070552831874066,
        0.0007230748525969518,
        0.0007280365175526834,
        0.0006818478791041353,
        0.0006389170052822795,
        0.0006720144124645448,
        0.0006266970757985116,
        0.0006270831768584466,
        0.00061219217960753,
        0.0006117843981462898,
        0.0005926724904520334,
        0.0005950744754325315,
        0.0005992444732602808,
        0.0005890151244676122,
        0.0005959535400325066,
        0.00060389574912914,
        0.000578610584437421,
        0.0005632674816475534,
        0.000557421052048054,
        0.000584936944752704,
        0.000563723282211339,
        0.0005962414453027445,
        0.0005773924342006413,
        0.0005273618740871311,
        0.0005330833062454737,
        0.0005124833502748175,
        0.0005189782916672876,
        0.0005219655669149963,
        0.000524068794531706,
        0.0005263199447666684,
        0.0004953336925692675,
        0.0005277211911731129,
        0.0005419709704202814,
        0.0005050813676697617,
        0.000517323297063384,
        0.0005106569711653434
    ],
    "test_metrics_scaled": {
        "MAE": 0.033126766988886724,
        "MSE": 0.0020582700810171856,
        "MdAE": 0.024458110332489014,
        "Pred(50)": 0.30029030054644806
    },
    "test_metrics_real": {
        "MAE": 0.6956621067666212,
        "MSE": 0.9076971057285789,
        "MdAE": 0.5136203169822693,
        "Pred(50)": 0.30029030054644806
    }
}