{
    "run_id": 9,
    "seed": 50,
    "elapsed_sec": 340.5981013774872,
    "best_val_mse": 0.0003495181713231616,
    "epochs_trained": 58,
    "train_loss_history": [
        0.0014159635987304514,
        0.0011476701056219005,
        0.001013050105021258,
        0.000916819873724296,
        0.0007931081737002156,
        0.0007956578128330937,
        0.0007186918500018244,
        0.0006759982127991354,
        0.0006459278396593059,
        0.000641492598961022,
        0.0005759713057611515,
        0.0005843429218834777,
        0.0005656068880549168,
        0.0005502588550997024,
        0.0005354264283738396,
        0.0005121739148645133,
        0.0004831149837447802,
        0.00047170831580254405,
        0.00047240378970135215,
        0.000443763882744344,
        0.00042796120634455866,
        0.00043748756085327086,
        0.0004241488910879594,
        0.000404799383353354,
        0.00040205911725347176,
        0.00039074052280004,
        0.0003850308600402434,
        0.0003809495244043916,
        0.00035467163526694477,
        0.00036213213259866423,
        0.00033668874876596766,
        0.00035189650525463076,
        0.0003309620876540555,
        0.00031536533163433627,
        0.00030777835637238194,
        0.00031537021630026636,
        0.00030379806594282854,
        0.0002973764334172115,
        0.0002892895336088777,
        0.00027987096233869635,
        0.0002832328529455213,
        0.00026843153763413157,
        0.0002680177915497751,
        0.00025456360690241116,
        0.0002630003555173278,
        0.0002520513117634861,
        0.000243243330934774,
        0.00024709999287217936,
        0.00024736116778028904,
        0.0002468475268246312,
        0.00023170571563287275,
        0.00020988020062651311,
        0.0002070666138456176,
        0.00019849015966050094,
        0.0001935330874088567,
        0.00019200422198327737,
        0.00019663219923510449,
        0.00018025011868036612
    ],
    "val_mse_history": [
        0.0013503743910419478,
        0.0011290800064692353,
        0.0010587458955262695,
        0.0010013409359194683,
        0.001013141996490524,
        0.0008964347085891831,
        0.0008527124810186521,
        0.0007141969951781426,
        0.0007340430880168808,
        0.0006952188130050866,
        0.0006647519233817161,
        0.0006647821828656843,
        0.0006251494817901142,
        0.0006320446665782102,
        0.000590283139870169,
        0.0005752457829895645,
        0.0005963459795788314,
        0.0005531605872326243,
        0.0005521547541006094,
        0.0005496799490640082,
        0.0005759776583852447,
        0.0005174866930791509,
        0.0005081123591098157,
        0.0004963589813205869,
        0.0005136958196442853,
        0.0005278112282745035,
        0.0004821948019095064,
        0.0005007781324260712,
        0.0005051736492660971,
        0.0004747916772685296,
        0.000489054062583044,
        0.00046229717392737746,
        0.00046884890512434907,
        0.00045693342492780667,
        0.0004284212659901262,
        0.00042809660340818636,
        0.00042538879285801737,
        0.00044245334103798565,
        0.0004258054616349054,
        0.00044103664464072894,
        0.000420617118047529,
        0.00042070763528290027,
        0.0004328160823600007,
        0.000412381138909082,
        0.00040355672162136424,
        0.0003957696385318585,
        0.0003771295967565415,
        0.00038311555807471514,
        0.00039844657161054395,
        0.0004265381108010073,
        0.00039375780987136583,
        0.0003687245681935113,
        0.0003495181713231616,
        0.00036742243616073617,
        0.00038392526793952465,
        0.00036915595008450556,
        0.00036916617159617735,
        0.000357758919922509
    ],
    "test_metrics_scaled": {
        "MAE": 0.033690450537685816,
        "MSE": 0.002041969915094241,
        "MdAE": 0.02581068128347397,
        "Pred(50)": 0.2990534663596828
    },
    "test_metrics_real": {
        "MAE": 0.7074994612914022,
        "MSE": 0.9005087325565603,
        "MdAE": 0.5420243069529533,
        "Pred(50)": 0.2990534663596828
    }
}