{
    "run_id": 1,
    "seed": 42,
    "elapsed_sec": 284.77548837661743,
    "best_val_mse": 0.00032159517034568855,
    "epochs_trained": 47,
    "train_loss_history": [
        0.0014146392991467032,
        0.0012047046227547267,
        0.0010496895714286586,
        0.0009312386687105825,
        0.0008608405409502941,
        0.0007915444372024946,
        0.0007416833086008382,
        0.0006773768136387533,
        0.000672513068293588,
        0.0006062234458459741,
        0.0005958033444223847,
        0.0005684232501319767,
        0.0005518402620132404,
        0.0005458257907321954,
        0.0005076842176616628,
        0.000520752659318797,
        0.0004861427138703073,
        0.0004789388358980286,
        0.00044818740457909794,
        0.0004344332646076132,
        0.00042931582550210406,
        0.00041392903983306756,
        0.0004169057258969679,
        0.00039718174990924714,
        0.00039802404753877687,
        0.0003681321297446202,
        0.0003809582428015458,
        0.0003581993538416927,
        0.0003559937876275577,
        0.00033940119966503876,
        0.00035111011841979504,
        0.0003214289840333787,
        0.0003093268723223836,
        0.00029210689381659147,
        0.00028047657823910296,
        0.0002747563702641384,
        0.00027730797390938355,
        0.0002701132630186296,
        0.0002508688673180354,
        0.00025419332027486863,
        0.0002474562371673715,
        0.0002498080293743489,
        0.00024300330849773592,
        0.00024372024445908804,
        0.0002422901441518354,
        0.0002349470030154029,
        0.0002347424764033322
    ],
    "val_mse_history": [
        0.0010319752562268092,
        0.0009758364145060441,
        0.0008666349649784036,
        0.00083147561761013,
        0.0006821490258493835,
        0.0006608293365436101,
        0.0006289360694070381,
        0.0005809176373721192,
        0.0005389807755907839,
        0.0005899681238420065,
        0.0005677699784568738,
        0.000548784268387929,
        0.000528436263587185,
        0.0004969407192894381,
        0.000513270081973811,
        0.0004924787815833342,
        0.0004990207284335178,
        0.00048565018060134807,
        0.000470876354845826,
        0.0004764718908012885,
        0.00044726845746476216,
        0.0004435170877404032,
        0.0004209843005866359,
        0.0004369208308367922,
        0.00040686256461281806,
        0.00042049914654723,
        0.00041681213922269416,
        0.0004269825419765204,
        0.00037189909756310877,
        0.0004063982571108543,
        0.00037523923891312336,
        0.00037590611399427134,
        0.0003932224323688521,
        0.0003340712951984958,
        0.00036144506810694506,
        0.000339363040519173,
        0.0003456347726681576,
        0.00033467591439857004,
        0.0003303495938081841,
        0.0003367479975036771,
        0.000339153473614801,
        0.00032159517034568855,
        0.0003413899690389841,
        0.0003350000029195306,
        0.0003372133504272638,
        0.000326585398741733,
        0.0003306336628629764
    ],
    "test_metrics_scaled": {
        "MAE": 0.03461237647167766,
        "MSE": 0.0022612647169889468,
        "MdAE": 0.025340788066387177,
        "Pred(50)": 0.29102378313869237
    },
    "test_metrics_real": {
        "MAE": 0.7268599059052309,
        "MSE": 0.9972177401921255,
        "MdAE": 0.5321565493941307,
        "Pred(50)": 0.29102378313869237
    }
}