{
    "run_id": 7,
    "seed": 48,
    "elapsed_sec": 209.6414098739624,
    "best_val_mse": 0.0005012652832186368,
    "epochs_trained": 35,
    "train_loss_history": [
        0.0017861506143121869,
        0.0012304868363554435,
        0.0011147383046357206,
        0.0009854003628745754,
        0.0008552720580744774,
        0.0008168801609972224,
        0.0007604079194865737,
        0.0007179073363868599,
        0.0006819646652516278,
        0.0006394204591061127,
        0.0006120254298416991,
        0.0005863296686738725,
        0.0005644630212012505,
        0.0005572519418908957,
        0.0005216290962283584,
        0.0005169508978815953,
        0.0005118224213480074,
        0.0004948276013787568,
        0.0004799603928331978,
        0.0004482164458969204,
        0.0004330745256791868,
        0.0004224408917736302,
        0.0004238851906524171,
        0.0003994894903704004,
        0.00041860651396596985,
        0.0003739503689319052,
        0.0003690996443359557,
        0.0003789770141865924,
        0.00031776660982846223,
        0.00033144549745271274,
        0.0003195195762807402,
        0.0003118060191584142,
        0.00031863290190348143,
        0.00030571453980516385,
        0.00029795674511495443
    ],
    "val_mse_history": [
        0.0013961183693599014,
        0.0011234104944205657,
        0.0010883934243213814,
        0.0010979129935390491,
        0.0008953629399323701,
        0.000931783479930334,
        0.0008460204466922139,
        0.000831955814301754,
        0.0007837529869745988,
        0.0008027369898877553,
        0.0007183916482564576,
        0.0007175719262554039,
        0.0007106604913325398,
        0.0007775797066417243,
        0.0006576254189904751,
        0.0007220094221151918,
        0.0006755481919983521,
        0.0006838250765094029,
        0.0006203830773130455,
        0.0006505050946604652,
        0.0006089251372550884,
        0.0005831585555126713,
        0.0006346070446938053,
        0.0005721577076520383,
        0.0006261268860897384,
        0.0005863185745365497,
        0.0006094508165862192,
        0.0005837882274384315,
        0.0005700613015156236,
        0.0005012652832186368,
        0.0005603399541412681,
        0.0005413724745165257,
        0.0005581817752051878,
        0.0005160589825248906,
        0.0005419163036457057
    ],
    "test_metrics_scaled": {
        "MAE": 0.032975933024848164,
        "MSE": 0.0019265136988090388,
        "MdAE": 0.02524583786725998,
        "Pred(50)": 0.31466395112016293
    },
    "test_metrics_real": {
        "MAE": 0.6924945935218114,
        "MSE": 0.8495925411747861,
        "MdAE": 0.5301625952124596,
        "Pred(50)": 0.31466395112016293
    }
}