{
    "run_id": 3,
    "seed": 44,
    "elapsed_sec": 258.353839635849,
    "best_val_mse": 0.00037977204629764357,
    "epochs_trained": 43,
    "train_loss_history": [
        0.001493479321991772,
        0.0011755204651122974,
        0.0010825109645794609,
        0.0009388602903046786,
        0.0008584805690450198,
        0.0007860852614914721,
        0.0007242375385316114,
        0.0007008897334424073,
        0.0006627507662033062,
        0.0006214674284395426,
        0.000594893709865196,
        0.0005648949801652272,
        0.0005409999561905637,
        0.000537199123549933,
        0.0005157181806448437,
        0.0004864107890125262,
        0.0004817952230789066,
        0.0004556855413419039,
        0.00045040325589005767,
        0.00042919497565371844,
        0.00042121721242537166,
        0.0003971689295633061,
        0.00040594386985638487,
        0.0003792860617335347,
        0.00038030271290954775,
        0.00035416966326456815,
        0.00034550785894413505,
        0.00033006886415361735,
        0.00033834901381639036,
        0.0003171067735100189,
        0.0003068708961583266,
        0.0003107798940309799,
        0.00029219303985124546,
        0.0002890523695883876,
        0.00028680441355467167,
        0.0002899318066594131,
        0.0002698408289784575,
        0.00026372579136556333,
        0.00026328317462156103,
        0.0002701576689978709,
        0.00024502970633807393,
        0.0002489330782484914,
        0.00021905843427043228
    ],
    "val_mse_history": [
        0.0010794260722548138,
        0.0009817931985636956,
        0.0008479641825847337,
        0.0007877699574516932,
        0.0007660061237176757,
        0.0007429266420640889,
        0.0006690086713932827,
        0.0006365304540493391,
        0.0006272888508939562,
        0.0006107143183476234,
        0.0006049539962705413,
        0.0005754163300993797,
        0.0005745834098310677,
        0.0005534245623393091,
        0.0005303351241712585,
        0.0005374010021062242,
        0.0005035448532904792,
        0.0004968012249599785,
        0.0005028863154780587,
        0.0005101429174725101,
        0.0004821547558217761,
        0.0004987092246922357,
        0.00047493202008950944,
        0.00048390990096851337,
        0.0004683419594475115,
        0.0004563587694742973,
        0.0004765320529233438,
        0.0004895452236810768,
        0.00045361211373245,
        0.00043485642319650417,
        0.00042091284719468654,
        0.0004289460964998894,
        0.00042466232828740244,
        0.0004341160718828745,
        0.00040555728248939805,
        0.0004390480010234974,
        0.0004028010528843843,
        0.00037977204629764357,
        0.0003972061491726541,
        0.0003858780384824497,
        0.0003987409375161997,
        0.0003880685371387192,
        0.0003898894741762906
    ],
    "test_metrics_scaled": {
        "MAE": 0.03396437478734546,
        "MSE": 0.002133186592451318,
        "MdAE": 0.024586768820881844,
        "Pred(50)": 0.2777588555858311
    },
    "test_metrics_real": {
        "MAE": 0.7132518705342547,
        "MSE": 0.9407352872710313,
        "MdAE": 0.5163221452385187,
        "Pred(50)": 0.2777588555858311
    }
}