{
    "run_id": 5,
    "seed": 46,
    "elapsed_sec": 333.0106565952301,
    "best_val_mse": 0.0003388912423723083,
    "epochs_trained": 55,
    "train_loss_history": [
        0.001415520525659274,
        0.0011541646300267912,
        0.001033390123862133,
        0.0009125906115613323,
        0.0008904961088736983,
        0.0007895686865984768,
        0.0007540949947987571,
        0.0006911623281311898,
        0.0006625139592602504,
        0.0006328358195707071,
        0.0005859099827715687,
        0.0005745607700317865,
        0.0005655295648068272,
        0.0005193188630780579,
        0.0005194458923678973,
        0.0004935148744552404,
        0.0004850233742678527,
        0.0004722453771157711,
        0.0004437064761924719,
        0.0004321975904808707,
        0.0004245296358897878,
        0.0004202746229027088,
        0.0004178311193174495,
        0.0003922866153787787,
        0.0003757940594931028,
        0.00036877623236880965,
        0.0003666751721164716,
        0.00035139217558281214,
        0.0003390909452210094,
        0.000339005285546389,
        0.00032107901752893874,
        0.000304290394868742,
        0.00030998771788837403,
        0.0002975195043260056,
        0.0002952608407106401,
        0.00028602387115279936,
        0.0002933597882290338,
        0.0002667839253329782,
        0.0002804542066189691,
        0.00026346918374046225,
        0.0002686835775367223,
        0.0002592368007047914,
        0.00024566006757356293,
        0.0002510282607800741,
        0.0002452364592326194,
        0.0002370996184156038,
        0.0002366784133929706,
        0.00023047295572181022,
        0.0002369347930576793,
        0.00022210354544953382,
        0.00022546892016810042,
        0.0002191903210423629,
        0.00021286056264526942,
        0.00021340928733570334,
        0.00018424310827295698
    ],
    "val_mse_history": [
        0.0012560937312538524,
        0.0010634906066844133,
        0.0008896225404340062,
        0.0008532020367524725,
        0.0008453029983123173,
        0.0007685287183346219,
        0.0007310876996321494,
        0.0006878222777872835,
        0.0006728025997340598,
        0.0006650283639189739,
        0.0006257084299025726,
        0.0006068456066604721,
        0.0005880632635943658,
        0.0006206049024360102,
        0.0005534086478473159,
        0.0006087170182199622,
        0.0005765592501641912,
        0.0005449365665988992,
        0.0005672130349798482,
        0.0005539885271503333,
        0.0005196256169098641,
        0.0005418651710006912,
        0.00047913876844397197,
        0.0004976953534406905,
        0.000501262236983436,
        0.00047833502826477163,
        0.00045268136974983776,
        0.0004620494309981007,
        0.00046029708100058523,
        0.0004922976467166482,
        0.0004434718282980998,
        0.0004683517546379503,
        0.00048210404703563354,
        0.0004416527469635446,
        0.0004323290228214787,
        0.0004413247321065208,
        0.00041041941060079623,
        0.0004427966497074686,
        0.0004171078773699179,
        0.0004038958155982255,
        0.0004191222642424147,
        0.0004103133281544145,
        0.00038608011649380203,
        0.00038848646354331203,
        0.00037736008385212254,
        0.0003756850439895846,
        0.00037346323776188276,
        0.0003805874027574973,
        0.0003729938257670642,
        0.0003388912423723083,
        0.0004128530179092457,
        0.00036521185139577387,
        0.00034832043264371605,
        0.00036948200142535124,
        0.00034228836474528015
    ],
    "test_metrics_scaled": {
        "MAE": 0.03413094156917173,
        "MSE": 0.0021700487738043304,
        "MdAE": 0.025547442957758904,
        "Pred(50)": 0.3028366981855354
    },
    "test_metrics_real": {
        "MAE": 0.7167497729526063,
        "MSE": 0.9569915092477097,
        "MdAE": 0.536496302112937,
        "Pred(50)": 0.3028366981855354
    }
}