{
    "run_id": 8,
    "seed": 49,
    "elapsed_sec": 276.0350387096405,
    "best_val_mse": 0.00033470984083922126,
    "epochs_trained": 46,
    "train_loss_history": [
        0.0016580406025564261,
        0.001276942893450392,
        0.001118773098921689,
        0.0010113061743735915,
        0.000903184999497733,
        0.0008597588839115574,
        0.0008045082084512802,
        0.0007505639994427568,
        0.0007270577603088516,
        0.0006748450311560972,
        0.0006196218237831425,
        0.0006415579455788705,
        0.0006127715882365719,
        0.0005716828880598952,
        0.0005792604477505549,
        0.0005592492051556636,
        0.0005261263579649651,
        0.0005119310452002372,
        0.00048684171983300045,
        0.00046913465648485716,
        0.00044756649793741915,
        0.00045901217126887616,
        0.00043574180996987406,
        0.0004111833078837041,
        0.00040907666084696035,
        0.00040496924157482046,
        0.0003863798973329443,
        0.0003780915676919748,
        0.0003621230131129173,
        0.0003530345667583553,
        0.00034487707040002137,
        0.00033139815225815736,
        0.00031503245386834804,
        0.0003043446522840132,
        0.00028129299677670256,
        0.0002865485935167269,
        0.00028063016786051333,
        0.00027556333257522034,
        0.00028132642291950886,
        0.00026384077775496616,
        0.00026011445171164615,
        0.00025636191410391396,
        0.0002511022974959277,
        0.00024950033972824694,
        0.00024440763869377325,
        0.0002408904198680338
    ],
    "val_mse_history": [
        0.0009872318559615864,
        0.0008773749067729949,
        0.0008705328216843466,
        0.0007975589533503029,
        0.0007524043537747324,
        0.0006550681571264188,
        0.0006848060128358818,
        0.0007314073722353599,
        0.0006076546060089831,
        0.0006077353555578568,
        0.0005799546752768869,
        0.0005184290599806126,
        0.0005362918264280901,
        0.0005103676275572699,
        0.0004920902256089311,
        0.0005193254648437894,
        0.0004798816805705342,
        0.000514572558623658,
        0.0004603001565114648,
        0.0004923452588113565,
        0.00046754468415176597,
        0.0004359717910057655,
        0.00043045744264225887,
        0.0004571939273668096,
        0.00040292273585936287,
        0.0003941096430591458,
        0.00038824047780741086,
        0.0003781168082813977,
        0.0003860564354144881,
        0.00039261208302783827,
        0.0003857288608410973,
        0.000384435536531427,
        0.0003715347876588563,
        0.00037530253558847363,
        0.00040082616576276356,
        0.00034246131781981356,
        0.0003695833182777006,
        0.00034495165486488213,
        0.0003577787758410194,
        0.00034888518560964306,
        0.00033470984083922126,
        0.0003463570904056765,
        0.00034001756124051806,
        0.0003406349758729748,
        0.00035480274347050986,
        0.0003454594072586047
    ],
    "test_metrics_scaled": {
        "MAE": 0.035261051357938104,
        "MSE": 0.0023709191420040487,
        "MdAE": 0.025999044999480247,
        "Pred(50)": 0.2860071758072783
    },
    "test_metrics_real": {
        "MAE": 0.7404820785167002,
        "MSE": 1.0455753416237854,
        "MdAE": 0.5459799449890852,
        "Pred(50)": 0.2860071758072783
    }
}