{
    "run_id": 4,
    "seed": 45,
    "elapsed_sec": 236.65305471420288,
    "best_val_mse": 0.0005200605140931102,
    "epochs_trained": 39,
    "train_loss_history": [
        0.001396206936087722,
        0.0011863996183608303,
        0.001029059984072391,
        0.0009399799261194098,
        0.0008151371172455299,
        0.0007350190428357362,
        0.0007151977696893929,
        0.0006601477108753446,
        0.0006482737370992913,
        0.0006506272285046435,
        0.0005997330393319926,
        0.0005588595011154329,
        0.0005631485254043949,
        0.0005259473586175902,
        0.0004998572289204071,
        0.00047672783492469555,
        0.00045905280687756357,
        0.0004535599302381815,
        0.0004471499916886223,
        0.00045125806096885985,
        0.0004170510861344667,
        0.00041409430163815667,
        0.0004075544512141391,
        0.0004016219247311066,
        0.0003926272989981014,
        0.00039231587194145726,
        0.000394278311793702,
        0.0003824740040731004,
        0.00038362556729199416,
        0.00035900773698169155,
        0.00035698504599449357,
        0.0003535568867699235,
        0.0003394065399282614,
        0.0003552889999455866,
        0.00034037322567406384,
        0.0003197159555630444,
        0.0003254156959548,
        0.0003285181903809843,
        0.00031047059113946965
    ],
    "val_mse_history": [
        0.0012960908639531277,
        0.001109430006706426,
        0.0009550964720338576,
        0.0009437676324951587,
        0.0009174465774602221,
        0.0008209172502089064,
        0.0008011099863115834,
        0.0007455803190494017,
        0.0007247182970194227,
        0.000699254179619775,
        0.0006273330823883129,
        0.0006896911693284662,
        0.0006529064263820981,
        0.0007107785522789528,
        0.0006608011997364564,
        0.00061459060243417,
        0.0006114867222261499,
        0.0006104430627703032,
        0.0006015429609366988,
        0.000616632525540799,
        0.0005956869021829568,
        0.0005901888719158378,
        0.0005966697734421311,
        0.0005731819453055107,
        0.0005782951723318967,
        0.0005570769677777518,
        0.0005756406411521302,
        0.0005514009412434013,
        0.0005817239587457455,
        0.0005267280976965058,
        0.0005284237052930904,
        0.0005376222811057048,
        0.0005497569835673429,
        0.0005200605140931102,
        0.0005400583867782035,
        0.0005319817719449671,
        0.0005351688081474732,
        0.0005258672984247281,
        0.0005396939018468379
    ],
    "test_metrics_scaled": {
        "MAE": 0.0320506316606275,
        "MSE": 0.0019015035479873171,
        "MdAE": 0.023791640996932983,
        "Pred(50)": 0.30801938940386087
    },
    "test_metrics_real": {
        "MAE": 0.6730632648731775,
        "MSE": 0.8385630646624068,
        "MdAE": 0.49962446093559265,
        "Pred(50)": 0.30801938940386087
    }
}