{
    "run_id": 2,
    "seed": 43,
    "elapsed_sec": 394.16018748283386,
    "best_val_mse": 0.00037379066852298245,
    "epochs_trained": 65,
    "train_loss_history": [
        0.0013584275161065069,
        0.0011715685017780458,
        0.0010021756402050492,
        0.0009048440995592886,
        0.0008243774156940479,
        0.0007604145470854725,
        0.0007090665725853157,
        0.0006738127082715388,
        0.0006474758545029774,
        0.0006338483052733731,
        0.0005853193797920558,
        0.0005793121026379231,
        0.0005541393751944112,
        0.0005540774654527037,
        0.0004991285176811265,
        0.0005060169601520335,
        0.0004901545446070704,
        0.0004731774362010065,
        0.00047124688095283746,
        0.0004366227554033216,
        0.00043279960767892025,
        0.0004109292847538321,
        0.00041213183000266907,
        0.0004017937737426195,
        0.00036980825222250157,
        0.00037499738631130403,
        0.0003520595314919663,
        0.00036507597918648084,
        0.00034513509404882005,
        0.00033288004654639095,
        0.00032584971704960667,
        0.0003197946838503843,
        0.00031556848391463255,
        0.0003111037472998197,
        0.0002942816516795168,
        0.000299259865035931,
        0.0002842813181051807,
        0.00028530428473236356,
        0.00026800355725925377,
        0.0002498323813813201,
        0.00024380400432076466,
        0.00023645230955245778,
        0.0002299171395453957,
        0.00022496924303000678,
        0.00022437273531550675,
        0.00023617855948726855,
        0.00022318933575340394,
        0.00021636931835458177,
        0.00021396420752214988,
        0.00021837691631865276,
        0.00021281907907022115,
        0.0002000688683228906,
        0.00020381770605376926,
        0.00019119011249979327,
        0.0001951017015871693,
        0.00018684265820061686,
        0.00018962070971096417,
        0.00018728702127354292,
        0.00018302349378573012,
        0.0001915721048896637,
        0.00018805571820298107,
        0.00018032135992299386,
        0.00018049713750806708,
        0.00017827999058688744,
        0.00017947046883343989
    ],
    "val_mse_history": [
        0.0013219324595475689,
        0.0011762855494428458,
        0.0011280029952662179,
        0.001059257012806872,
        0.0009624734090175747,
        0.0008584193082602843,
        0.00083698348489318,
        0.0008564147411253372,
        0.0007706150488531269,
        0.0007403767340359772,
        0.0006907863679827623,
        0.0006701391785923816,
        0.0007138026711187271,
        0.0007066412199088075,
        0.000667303720083667,
        0.0006251947652932564,
        0.0006816093286571469,
        0.0006325454143038804,
        0.0005730417793161914,
        0.000645189293479665,
        0.0005791102166350925,
        0.0005633069471344333,
        0.0005633821352369835,
        0.0005702620096342118,
        0.0005842786671133455,
        0.000546534733517577,
        0.000528525054518372,
        0.0005321620220049096,
        0.0005112216723831972,
        0.000495518455208049,
        0.00047847979815614304,
        0.0005013532383830911,
        0.0005100105936587044,
        0.0004626436479332701,
        0.0004530459854535249,
        0.0005026120677493752,
        0.0004823514488320022,
        0.0004832460882462466,
        0.0004784693717531895,
        0.0004362351079704431,
        0.00044292109411844387,
        0.00044625112876450247,
        0.000428823701002356,
        0.0004512465335088021,
        0.0004282938342683542,
        0.00045696812521934404,
        0.00045159029080868744,
        0.00044488484141889294,
        0.0004167134639831717,
        0.00047577002693019774,
        0.00043916084264280266,
        0.0004285023402540893,
        0.0004308190982704929,
        0.00041669776109976443,
        0.0004235182781132523,
        0.0004280312363025819,
        0.0003921066751971965,
        0.0004304134263002976,
        0.00040253187925356516,
        0.00037379066852298245,
        0.0004077602856851293,
        0.00040729202999273054,
        0.0004226067340984546,
        0.00037920307057946355,
        0.00038210866910906956
    ],
    "test_metrics_scaled": {
        "MAE": 0.033459567784278124,
        "MSE": 0.0020907973778666357,
        "MdAE": 0.024145692586898804,
        "Pred(50)": 0.30763326226012794
    },
    "test_metrics_real": {
        "MAE": 0.7026509234698406,
        "MSE": 0.9220416436391864,
        "MdAE": 0.5070595443248749,
        "Pred(50)": 0.30763326226012794
    }
}