{
    "run_id": 6,
    "seed": 47,
    "elapsed_sec": 279.75047969818115,
    "best_val_mse": 0.0003995494925812126,
    "epochs_trained": 45,
    "train_loss_history": [
        0.0018570411433431254,
        0.0012437667251215014,
        0.0010499034173265497,
        0.0009242734336457773,
        0.0008542329327777354,
        0.0007748726748195764,
        0.0007169085997820796,
        0.0006868225144881061,
        0.0006563724981439032,
        0.0006187907448926262,
        0.0005892195383034225,
        0.0005674713459907381,
        0.0005485398426086414,
        0.0005319449841755025,
        0.0005191202861947531,
        0.0004959285632520109,
        0.0004863771814158216,
        0.00044524922916979365,
        0.0004425613489472163,
        0.00041394230812839735,
        0.00042682287732170605,
        0.0004087552910463232,
        0.0003817012439734097,
        0.00037462795879266033,
        0.00039482998468054985,
        0.0003531692421174351,
        0.00035265006658491784,
        0.000345696962839451,
        0.00033975723046304523,
        0.00032067439181131236,
        0.00032442289835609084,
        0.00030386597803902813,
        0.000306025940455913,
        0.00029682445080626987,
        0.0003025536907207292,
        0.0002765814370859677,
        0.0002734516588631146,
        0.00028040877971228974,
        0.00028336023356260266,
        0.0002606745261700506,
        0.0002582957174559202,
        0.00025290313829888505,
        0.000248514617197031,
        0.00025792517107117035,
        0.00023444565992541809
    ],
    "val_mse_history": [
        0.0012240039766384524,
        0.0010761642191637547,
        0.000897073055337774,
        0.0007801228276044244,
        0.0008496595931673893,
        0.000747162705895909,
        0.0007007116570611965,
        0.0006802361135618555,
        0.0006740368427602498,
        0.0006345901349637749,
        0.000623366155074621,
        0.0006064832308053192,
        0.0005926014343419157,
        0.0005669874876789566,
        0.0005954274999495739,
        0.0005790283427219332,
        0.0005725364674599149,
        0.0005421497509147129,
        0.0004983129510752205,
        0.0005335497160301328,
        0.0005004434138652168,
        0.0004979284531238254,
        0.000520746338860952,
        0.0005100859082939367,
        0.0004573206469783621,
        0.0004443508087003615,
        0.0004482376615242737,
        0.0005050835706256425,
        0.00045294020167778773,
        0.0004296182863653607,
        0.000446665130158026,
        0.0004299632755584096,
        0.0004215624582496222,
        0.00042857064578058425,
        0.00044198017830880015,
        0.000412557536680106,
        0.00044982364968417524,
        0.0004166834741044568,
        0.00040144186838942547,
        0.0003995494925812126,
        0.0004045760754575661,
        0.0004174343745237853,
        0.0004099518191758739,
        0.00042629470225766583,
        0.00040269033722151475
    ],
    "test_metrics_scaled": {
        "MAE": 0.03433322427004363,
        "MSE": 0.002308625982713711,
        "MdAE": 0.025671247392892838,
        "Pred(50)": 0.43802274222347526
    },
    "test_metrics_real": {
        "MAE": 1.1673296251814833,
        "MSE": 2.66877163601705,
        "MdAE": 0.8728224113583565,
        "Pred(50)": 0.43802274222347526
    }
}