{
    "run_id": 7,
    "seed": 48,
    "elapsed_sec": 316.3529357910156,
    "best_val_mse": 0.00033442947850197515,
    "epochs_trained": 51,
    "train_loss_history": [
        0.0017004057502936264,
        0.0012848399735515166,
        0.0010286948552989518,
        0.0009342754702751549,
        0.0008262534384915328,
        0.0008083720948076134,
        0.0007248451388075184,
        0.0006933814533620309,
        0.0006478196510433312,
        0.0006288520595304168,
        0.0006078631091738083,
        0.0005517848696246279,
        0.0005664102117408257,
        0.0005430696256173838,
        0.0005238959004200145,
        0.0004890994681525524,
        0.0004888516282169711,
        0.0004595993401034454,
        0.00045128890179927853,
        0.00045063020367520044,
        0.00044723449481278105,
        0.00042287918577518796,
        0.00040649435970945935,
        0.00040497235340098596,
        0.0003788305378962552,
        0.00038501431464528203,
        0.00036593729248017695,
        0.00036001487796729503,
        0.0003443151873075441,
        0.000329872509790904,
        0.00032067426275013395,
        0.0003135312316460521,
        0.0003112648467385697,
        0.00030411388551736756,
        0.00029181888333915064,
        0.0002801205474742811,
        0.000289012071698948,
        0.0002752548897444018,
        0.0002630191637016633,
        0.0002699434213604685,
        0.000267068289590294,
        0.0002522059446223972,
        0.00024739147767782824,
        0.00024879355768179145,
        0.00024328509040215664,
        0.00024067932619051006,
        0.00023458263812463316,
        0.00022437220355228698,
        0.00022358525789641098,
        0.00022699016855964548,
        0.0001927385063549447
    ],
    "val_mse_history": [
        0.0010581351096885807,
        0.0009349573310879578,
        0.0007944496225462385,
        0.0007569356041084794,
        0.0007818363027618735,
        0.0006752947392549792,
        0.000654553517278411,
        0.0006035283191680716,
        0.0006269156148250288,
        0.000610417193405562,
        0.0005515344677107415,
        0.0006088009770891983,
        0.000545249360153568,
        0.0004945083999301662,
        0.0005499791216583402,
        0.0005179756330839576,
        0.0005096510122982192,
        0.0004837219730275803,
        0.0005073618864459866,
        0.0004854959517392724,
        0.0004632751029445286,
        0.000520179629908632,
        0.00045595355240488577,
        0.0004332778416731041,
        0.00043724230412979845,
        0.0005124646309023319,
        0.00041444832726263066,
        0.00043660212748250835,
        0.0004224649631841965,
        0.0004050008355671528,
        0.0003915108613555713,
        0.0004261779586502906,
        0.0003842051041425612,
        0.0003944542823432932,
        0.00039057829284761865,
        0.0003817509593063516,
        0.00038539783335161736,
        0.0004006544989437395,
        0.00037543167613059305,
        0.00037519364907758135,
        0.00036752165682672424,
        0.0003711932499435032,
        0.00037733172896662,
        0.00034678514508395864,
        0.00033851208667633415,
        0.00033442947850197515,
        0.00035336229649983935,
        0.000378367995456468,
        0.00034113679421245933,
        0.00037412279971275,
        0.0003504997364944391
    ],
    "test_metrics_scaled": {
        "MAE": 0.037121162515204253,
        "MSE": 0.002741101457114163,
        "MdAE": 0.027277182787656784,
        "Pred(50)": 0.40839121456729865
    },
    "test_metrics_real": {
        "MAE": 1.2621195255169446,
        "MSE": 3.1687132844239727,
        "MdAE": 0.9274242147803307,
        "Pred(50)": 0.40839121456729865
    }
}