{
    "run_id": 2,
    "seed": 43,
    "elapsed_sec": 336.1605658531189,
    "best_val_mse": 0.0002817749006324595,
    "epochs_trained": 56,
    "train_loss_history": [
        0.0013650931839561456,
        0.0010865908736943555,
        0.0010024642685950858,
        0.000837471308073006,
        0.0008284613635184696,
        0.0007222050020029842,
        0.0007184731800315661,
        0.0006548370091367475,
        0.0006246578341101047,
        0.0005635897285421954,
        0.0005796533575196158,
        0.0005565336205951207,
        0.0005303545168240556,
        0.0005247113625667828,
        0.0004885457880517531,
        0.0004899661457902833,
        0.0004784924417724485,
        0.0004501489631203203,
        0.00042880081287368965,
        0.0004276492382567456,
        0.00043711130364084224,
        0.000408088960192857,
        0.00039912993784161174,
        0.0003787317219101777,
        0.00037130354405867465,
        0.00035982002889844907,
        0.0003582571067628548,
        0.00035220584835576776,
        0.0003226974551938238,
        0.0003344517142705001,
        0.00032348627136325587,
        0.0003111222141663127,
        0.00030049295304580083,
        0.00029947960491002323,
        0.00028854800915190126,
        0.00028581812399696696,
        0.00028143067920969244,
        0.0002763405694590929,
        0.00027323742907922957,
        0.0002743540676249445,
        0.0002569743690895106,
        0.00024900763059061687,
        0.0002488770254535926,
        0.0002447908842095009,
        0.0002438356688816139,
        0.00022704989236147646,
        0.00024495909535018066,
        0.00022981149406109888,
        0.00020917657107763133,
        0.00020749240871958588,
        0.0002020280109489412,
        0.00019591148598119314,
        0.00019820753076157385,
        0.0001867786019926989,
        0.00018445193626851332,
        0.0001758510632055738
    ],
    "val_mse_history": [
        0.0011691583619183599,
        0.0010121544405707259,
        0.0009640956125715192,
        0.0008693101277523069,
        0.0007958682782175892,
        0.0007353198880193248,
        0.00067891757738533,
        0.0006284321764438099,
        0.0006569680123346077,
        0.000655467498178665,
        0.0005665814805542479,
        0.000565852738843992,
        0.0005535182115819118,
        0.0005571043890286214,
        0.0005023510600380074,
        0.0005309848543016127,
        0.00047916571012507564,
        0.00048212933012556846,
        0.000466395233229968,
        0.00044907724208122387,
        0.00044382351565163325,
        0.00046012172127917264,
        0.0004236167317005345,
        0.0004169128781184597,
        0.00040680009190829697,
        0.0004137200164350776,
        0.0003838240972029813,
        0.0003839699863720944,
        0.00037980541601111964,
        0.0004096653844069561,
        0.0003869779203340656,
        0.00035448270365200465,
        0.000356134193251747,
        0.0003511997179186055,
        0.0003398372473217411,
        0.00036986837212579744,
        0.0003506045947234359,
        0.0003187360465039448,
        0.00032451451852518083,
        0.0003243389572841362,
        0.00033382544664901074,
        0.0003176147619118951,
        0.0003137336810737088,
        0.0003035394362665584,
        0.00033264489385592954,
        0.00034254322814620007,
        0.0003382961421816848,
        0.00030845525813993907,
        0.000296550210757376,
        0.0002900182130143264,
        0.0002817749006324595,
        0.0002875299348218312,
        0.0003045440235003036,
        0.0002867920133004737,
        0.0003258951454440838,
        0.00029401690434685757
    ],
    "test_metrics_scaled": {
        "MAE": 0.03374218025117457,
        "MSE": 0.0022398196642506676,
        "MdAE": 0.025777678936719894,
        "Pred(50)": 0.43426966292134833
    },
    "test_metrics_real": {
        "MAE": 1.1472341285399354,
        "MSE": 2.5892315318737715,
        "MdAE": 0.8764410838484764,
        "Pred(50)": 0.43426966292134833
    }
}