{
    "run_id": 3,
    "seed": 44,
    "elapsed_sec": 145.58922147750854,
    "best_val_mse": 0.0004971292019478747,
    "epochs_trained": 24,
    "train_loss_history": [
        0.0014267146230910472,
        0.0011344612411355213,
        0.0010236052958390207,
        0.000886560911772491,
        0.0008130961446761647,
        0.0007578022916152479,
        0.0006915942765026576,
        0.0006198919495408623,
        0.0006205348092235557,
        0.0006149848951176404,
        0.0005609661662252529,
        0.0005374868228031947,
        0.0005192003532882592,
        0.0004966762156316172,
        0.000476424245607821,
        0.0004562787509048131,
        0.0004597005221007138,
        0.0004487089156448687,
        0.0004145066841251468,
        0.0003942032842637337,
        0.00039382862473355773,
        0.00038836489643145796,
        0.0003526463270654281,
        0.0003323167526856398
    ],
    "val_mse_history": [
        0.0010165308815507173,
        0.0009825620854616792,
        0.0009208586949109283,
        0.0008197584326228351,
        0.0008253479270623338,
        0.0007500656158882692,
        0.0006805600851862301,
        0.000697486366242845,
        0.0005852323664797346,
        0.0005876870376398778,
        0.0005735263163545738,
        0.0006602836899456574,
        0.0006002798926131026,
        0.0006317879053296954,
        0.0005466094996534518,
        0.0005714251472361563,
        0.000573308381142357,
        0.0005656122519965766,
        0.0004971292019478747,
        0.0005462012206869496,
        0.0005488973660257088,
        0.0005513720421142464,
        0.0005562635827702675,
        0.0005072133152250419
    ],
    "test_metrics_scaled": {
        "MAE": 0.03145838060098878,
        "MSE": 0.001980403119922924,
        "MdAE": 0.023121068254113197,
        "Pred(50)": 0.4578076815250911
    },
    "test_metrics_real": {
        "MAE": 1.0695849404336186,
        "MSE": 2.2893460066309,
        "MdAE": 0.7861163206398487,
        "Pred(50)": 0.4578076815250911
    }
}