{
    "run_id": 5,
    "seed": 46,
    "elapsed_sec": 129.35931539535522,
    "best_val_mse": 0.00043954328832435775,
    "epochs_trained": 21,
    "train_loss_history": [
        0.0013560878678248785,
        0.0011105299674452835,
        0.0009970159826499013,
        0.0009032689984254428,
        0.0008085303112119515,
        0.00076544091385135,
        0.0007149718596118496,
        0.0006512266366809936,
        0.0006120360982524675,
        0.000596723475907077,
        0.0005695689500788302,
        0.0005443553381080887,
        0.0005301205635951608,
        0.0005110691694980943,
        0.00048764853169807536,
        0.0004660331350210029,
        0.0004447256208386515,
        0.00044904538221322566,
        0.0004203213204834112,
        0.0004189999661294554,
        0.00037731642145290013
    ],
    "val_mse_history": [
        0.0010601155691412497,
        0.0009682771914349496,
        0.0009077203475823645,
        0.0007956026660369456,
        0.0007371331197682504,
        0.0006747813561627977,
        0.0006300424882344487,
        0.0005673413246239632,
        0.0005928449408493793,
        0.0005560450654795037,
        0.0005762546584851334,
        0.0005610971159471991,
        0.0005106255435889413,
        0.0005112439587389606,
        0.0004491005410885253,
        0.00043954328832435775,
        0.0004543922895394562,
        0.0004859818577566522,
        0.0005000898736623182,
        0.0004484710207957702,
        0.00045186217873327956
    ],
    "test_metrics_scaled": {
        "MAE": 0.031246288795051345,
        "MSE": 0.0020603434670720014,
        "MdAE": 0.022257620468735695,
        "Pred(50)": 0.4981753532328998
    },
    "test_metrics_real": {
        "MAE": 1.0623738190317458,
        "MSE": 2.3817570479352335,
        "MdAE": 0.7567590959370136,
        "Pred(50)": 0.4981753532328998
    }
}