{
    "run_id": 10,
    "seed": 51,
    "elapsed_sec": 393.39731001853943,
    "best_val_mse": 0.0004707380270379897,
    "epochs_trained": 65,
    "train_loss_history": [
        0.0013174565705692668,
        0.0010293196084696298,
        0.0009417106990595726,
        0.000835385010419878,
        0.0007906370446884755,
        0.000704572217880972,
        0.0006500520913324407,
        0.000613967886679267,
        0.0005806249428416936,
        0.0005719593973802873,
        0.0005449312958053298,
        0.0004967625931542658,
        0.000491316000143087,
        0.00048098371958033725,
        0.0004596494780459535,
        0.0004623372485925553,
        0.00043541721724145,
        0.000431387406699228,
        0.00042104983745317956,
        0.0003995930754260994,
        0.00039408529707574727,
        0.00037578457095690404,
        0.00037655024595260823,
        0.0003634245105339546,
        0.0003551447034539112,
        0.00033076062242236163,
        0.00032588828198224423,
        0.0003401290241233636,
        0.0003257396731326052,
        0.0003143753194050952,
        0.00030045423439982986,
        0.00030247340971520495,
        0.00028665388058768973,
        0.00028307576295351193,
        0.0002788974208705933,
        0.00029130980241893215,
        0.00027175006647350933,
        0.00025901008100128126,
        0.00025370113411616945,
        0.0002638902381909744,
        0.00023288651500744312,
        0.00021768230490086694,
        0.0002217701938171065,
        0.00021861854838126958,
        0.00021776147901064378,
        0.00021102945365300278,
        0.00020642758568692774,
        0.00020778216654552154,
        0.00020336254523826974,
        0.0002051624695290093,
        0.0001957920720477632,
        0.00019257226946984047,
        0.00019266273312883275,
        0.00019922248722232383,
        0.0001924705403173417,
        0.00019485859074251888,
        0.00019275609519554167,
        0.0001861216399028328,
        0.00018700671481571658,
        0.00018514686912335544,
        0.00018105546192576135,
        0.00018430116100722664,
        0.00017639981160282066,
        0.00017266364831460037,
        0.00016293363071324528
    ],
    "val_mse_history": [
        0.0015365460623347786,
        0.001299763737714501,
        0.0012868248050780433,
        0.0011617263981970377,
        0.001035856820435567,
        0.0010196091417584716,
        0.0009271569609473014,
        0.0009426448785974887,
        0.0008381063760419239,
        0.000884640621965334,
        0.0008098330657474304,
        0.0008356101955180146,
        0.0007535860150033133,
        0.0007203921383771091,
        0.0007366796761414009,
        0.0006821364699438342,
        0.0007269305989374201,
        0.0006993282710965904,
        0.0006871789068612015,
        0.0006550339003649825,
        0.000630375876839865,
        0.0006299140432487314,
        0.000665440236658967,
        0.0006271975172610215,
        0.0006499905737818225,
        0.0006149351241704808,
        0.0005981082976669441,
        0.0005979103202992165,
        0.0006175828029650886,
        0.0006124918286730314,
        0.000589503626395076,
        0.0006109144156716429,
        0.000592832464150223,
        0.000552835279160741,
        0.0005926175127258309,
        0.0005339036213712687,
        0.0005728985688299509,
        0.0005354762087061286,
        0.0005400889446593025,
        0.0005611247765232811,
        0.000527835525613501,
        0.0005121179337080618,
        0.0005138552870538021,
        0.000511564102079544,
        0.0005239992950380651,
        0.0005088469200131099,
        0.0005207619922401525,
        0.0005116228039609728,
        0.0005008243343381821,
        0.0005438112242865226,
        0.0004987025705110243,
        0.0004913437612651194,
        0.0004870977297026825,
        0.0004906068836823077,
        0.0005041655261469868,
        0.0004847326652598027,
        0.0005172108870151438,
        0.0005055875371105137,
        0.0005014806539712145,
        0.0004707380270379897,
        0.0004947367857168506,
        0.0005107455102351295,
        0.0004954030970418271,
        0.0004960611884516867,
        0.0004919811126689101
    ],
    "test_metrics_scaled": {
        "MAE": 0.039674799040584276,
        "MSE": 0.0033120038455783595,
        "MdAE": 0.028663290664553642,
        "Pred(50)": 0.38220973782771533
    },
    "test_metrics_real": {
        "MAE": 1.3489431673798653,
        "MSE": 3.8286764454885835,
        "MdAE": 0.9745518825948238,
        "Pred(50)": 0.38220973782771533
    }
}