{
    "run_id": 8,
    "seed": 49,
    "elapsed_sec": 285.6952953338623,
    "best_val_mse": 0.0003681930493005862,
    "epochs_trained": 47,
    "train_loss_history": [
        0.0016419584909772738,
        0.001196274322104156,
        0.0010034762277346555,
        0.0009445977587902982,
        0.0008751549687093512,
        0.0008181967865495492,
        0.0007342472012099276,
        0.0006778394820152381,
        0.0006666757060157427,
        0.0006240799222239022,
        0.0005983097744603742,
        0.0005803251464568668,
        0.0005510390296928774,
        0.0005081568711938077,
        0.0005217638866380865,
        0.000482832944298622,
        0.0004828894415549031,
        0.00047530884167087885,
        0.00044223952845660105,
        0.00042672055735823124,
        0.00041232359510821664,
        0.0003916833841654498,
        0.00039107961283959533,
        0.00039177331020518325,
        0.00037059958365690237,
        0.00036159659283386246,
        0.00035630772178841353,
        0.0003294363242227455,
        0.000323542476480564,
        0.00032365930469784303,
        0.00031026840692509864,
        0.0003052084222264917,
        0.0002960976559055691,
        0.00028098176058010717,
        0.00027880518448434113,
        0.0002822030226974454,
        0.0002710081166588073,
        0.000265992381077832,
        0.00026753548842429564,
        0.0002514894927888304,
        0.00024578120148161724,
        0.0002511635461592471,
        0.000244577170958983,
        0.0002450176315137663,
        0.00023640926309583408,
        0.0002347668143176348,
        0.0002061356400688252
    ],
    "val_mse_history": [
        0.0013399752204141283,
        0.0010818708270624474,
        0.0010105996264275917,
        0.000848830311224204,
        0.0008565310644503164,
        0.0007932392561301433,
        0.0007184195923863881,
        0.0006976776245498577,
        0.0006678577972596579,
        0.0006847386064802716,
        0.0006762712393732505,
        0.0005966483969508638,
        0.0006321399889439289,
        0.0005845239897363616,
        0.0006056112809192289,
        0.0005593852234145139,
        0.0005374911105963226,
        0.0005228821272360907,
        0.0005354873922127834,
        0.0005158913222645336,
        0.0004944490932687449,
        0.0005096858256767432,
        0.00047501234687921884,
        0.000469037111083013,
        0.0005280360187629547,
        0.0004566121097159349,
        0.000462765504042219,
        0.0004515436774948222,
        0.000444096341988287,
        0.0004432469132527275,
        0.00043643261878345714,
        0.00043268218753650964,
        0.00042947175738155163,
        0.0004186829509211499,
        0.0004170756105138479,
        0.000409611555942757,
        0.0004060116284596624,
        0.00039764687265007024,
        0.00039905380806559313,
        0.0003983638995337742,
        0.000384234781073778,
        0.0003681930493005862,
        0.000399769417218314,
        0.0004100416746913419,
        0.0003936310172908545,
        0.0003776992070916662,
        0.00038122584563932306
    ],
    "test_metrics_scaled": {
        "MAE": 0.037073979227788954,
        "MSE": 0.0028926505458534476,
        "MdAE": 0.02645924687385559,
        "Pred(50)": 0.4197553916534404
    },
    "test_metrics_real": {
        "MAE": 1.2605152937448245,
        "MSE": 3.3439040310065855,
        "MdAE": 0.8996143937110901,
        "Pred(50)": 0.4197553916534404
    }
}