{
    "run_id": 9,
    "seed": 50,
    "elapsed_sec": 383.9799702167511,
    "best_val_mse": 0.00031120871462482133,
    "epochs_trained": 63,
    "train_loss_history": [
        0.0014278488607174556,
        0.0011255088804534583,
        0.00097948251209795,
        0.0009078520097536361,
        0.0008062563437752137,
        0.000757379451782116,
        0.0006969910022505798,
        0.000656761351372374,
        0.0006283188621060877,
        0.0005982008798098597,
        0.0005422168032586129,
        0.0005549746801667609,
        0.0005291745248416776,
        0.0005138778990070937,
        0.00047747432028859125,
        0.0004813047368328669,
        0.0004593059069696709,
        0.00043891382830469873,
        0.000464731350488843,
        0.0004196478068250307,
        0.00042390182264187104,
        0.0003974174271611782,
        0.00039791088316400435,
        0.00037944007434514835,
        0.00037470837040578793,
        0.0003745011118332535,
        0.00035272001887174645,
        0.0003480090865591559,
        0.0003307831255400105,
        0.00031679227325484923,
        0.00031500654661553604,
        0.00032255212159549456,
        0.0003111137476886515,
        0.0003033011408101643,
        0.0002958558513515124,
        0.0002782359658932555,
        0.00027635553169649965,
        0.00025961515697300424,
        0.00026096908123793966,
        0.00026243518900074614,
        0.00025633929360067043,
        0.0002270635942815061,
        0.00022903495960117587,
        0.00022057374653778992,
        0.0002114425685290139,
        0.0002220026089352502,
        0.0002100163733837625,
        0.0002112829279884694,
        0.0002043257204230913,
        0.00019619433181443572,
        0.00019051916176174552,
        0.0001897952604804279,
        0.00018892324235156112,
        0.000178819101827346,
        0.0001832652987640331,
        0.00018010469049072568,
        0.00018022292920415658,
        0.00017788878343874914,
        0.0001759011794934011,
        0.0001783099551137981,
        0.00017328792181341916,
        0.00017327141098609432,
        0.0001730538037733901
    ],
    "val_mse_history": [
        0.0010012498719830893,
        0.0008306094529616742,
        0.0007633248095300911,
        0.0006937980140613901,
        0.0006256098832002505,
        0.0006258883530698807,
        0.0005686466018167224,
        0.000577770604218805,
        0.0005243998864901176,
        0.0005147461186154081,
        0.0005509731462613178,
        0.0004964338036641576,
        0.0005087683830642493,
        0.0004994512847737821,
        0.0005263174797807597,
        0.0004644773849308496,
        0.00044197717850353896,
        0.0004467165624188483,
        0.00045854595789122314,
        0.000442868983275721,
        0.00042868772314121116,
        0.00043647492035034537,
        0.00042121114751331385,
        0.0004226947493362939,
        0.00045107219383568725,
        0.00042014241792282653,
        0.00040699022525220895,
        0.00040444689938867067,
        0.00039531595831572883,
        0.0003941190003454123,
        0.00040772568698936346,
        0.00039568823253184144,
        0.00039680951058458685,
        0.0003849870300689415,
        0.0003641636403623715,
        0.0003926904546618656,
        0.0003585160369092792,
        0.00037094504705392767,
        0.0003633165398909407,
        0.00037630553135041105,
        0.00038009574719217933,
        0.0003545946649192177,
        0.0003600646274679747,
        0.0003617413558693029,
        0.0003362856772041636,
        0.00033475747403406876,
        0.0003371627887673514,
        0.00034533209369008635,
        0.00035764401558102275,
        0.0003585808306452208,
        0.0003304688861601987,
        0.0003347838254610585,
        0.0003242095705333202,
        0.00031554639849664735,
        0.00033572823009961046,
        0.0003164123462301029,
        0.000329860358525203,
        0.00031120871462482133,
        0.00031898459530370864,
        0.0003211860228726826,
        0.0003427678847633343,
        0.00032620924431647015,
        0.00032175118363326994
    ],
    "test_metrics_scaled": {
        "MAE": 0.03701365513459724,
        "MSE": 0.002636046878711207,
        "MdAE": 0.027890656143426895,
        "Pred(50)": 0.41054117647058824
    },
    "test_metrics_real": {
        "MAE": 1.2584642745763062,
        "MSE": 3.0472701917901555,
        "MdAE": 0.9482823088765144,
        "Pred(50)": 0.41054117647058824
    }
}