{
    "run_id": 4,
    "seed": 45,
    "elapsed_sec": 245.37371516227722,
    "best_val_mse": 0.0004180432118449226,
    "epochs_trained": 40,
    "train_loss_history": [
        0.0013590854566750414,
        0.0011020071829576687,
        0.000968359476041982,
        0.0008652951020147055,
        0.0008167811520611778,
        0.0007152200493106065,
        0.0006720540097885381,
        0.0006525510130945477,
        0.0006328346941579954,
        0.0005911950336347475,
        0.0005865583467779331,
        0.000531648960219725,
        0.0005084643481731387,
        0.000494000901845282,
        0.00048057669444424807,
        0.0004929380375395948,
        0.0004433694049660059,
        0.00044274006603975803,
        0.00043350368388424986,
        0.00040501895348481654,
        0.00038506889720606055,
        0.00037677751737945825,
        0.0003830748600062506,
        0.0003810662950832035,
        0.00035399211995654575,
        0.00034419284594206504,
        0.000337449829647115,
        0.00032554375435697567,
        0.00032070149774406336,
        0.00030255144531175353,
        0.00029620598489107447,
        0.00030022719563232433,
        0.0002882041397552048,
        0.00028848075480302713,
        0.00027447761175505164,
        0.00027306087782386795,
        0.00026894738118332293,
        0.0002622215041802187,
        0.00026332088040623787,
        0.00023134404441799999
    ],
    "val_mse_history": [
        0.0011541102586103934,
        0.0010056812888217328,
        0.0008792652592122484,
        0.0007781963175796134,
        0.0007956826782395762,
        0.0007489688486577214,
        0.0006759303826569445,
        0.0006923235667979659,
        0.0006786333041244811,
        0.0006252707142181644,
        0.0006404163775431368,
        0.0005676233299521644,
        0.000590414525029488,
        0.0005707581069248315,
        0.000562608099000455,
        0.0006000283983622011,
        0.0005471735864546871,
        0.0005557850101641099,
        0.0005536857650247812,
        0.0005232794442614305,
        0.0005305181164185211,
        0.0005087257367736225,
        0.0005223057006256141,
        0.0004980812199320056,
        0.0005119911218717998,
        0.00046981552904048584,
        0.00048059038956398565,
        0.0004918255946453723,
        0.0004517220501606303,
        0.0004381715155452303,
        0.0004752026799399448,
        0.0004627024573700847,
        0.0004319945780274824,
        0.00048549708065158214,
        0.0004180432118449226,
        0.00046470009882594127,
        0.0004368268796238949,
        0.00048644613440923686,
        0.00046604754541455383,
        0.0004463264385532149
    ],
    "test_metrics_scaled": {
        "MAE": 0.0317508894847635,
        "MSE": 0.0020502540776748844,
        "MdAE": 0.023841876536607742,
        "Pred(50)": 0.4660833568538903
    },
    "test_metrics_real": {
        "MAE": 1.0795302424819588,
        "MSE": 2.3700937137921665,
        "MdAE": 0.8106238022446632,
        "Pred(50)": 0.4660833568538903
    }
}