{
    "run_id": 1,
    "seed": 42,
    "elapsed_sec": 340.40035343170166,
    "best_val_mse": 0.0003247551259788701,
    "epochs_trained": 56,
    "train_loss_history": [
        0.001378563309325662,
        0.0011262986368094892,
        0.0009958658947473204,
        0.0008748246701267991,
        0.0007825477925060882,
        0.0007220779383436882,
        0.0006761136841102885,
        0.0006232509159198913,
        0.0006102365991803128,
        0.0006127251841665097,
        0.0005459573315927757,
        0.0005487191499755477,
        0.0005415013207817239,
        0.0005214671552506413,
        0.00048050263241869467,
        0.0004826782985241092,
        0.00047898329223762846,
        0.0004508547194391014,
        0.0004403301019170484,
        0.00043594695047475277,
        0.00041558166873484527,
        0.00041424390983063196,
        0.0004139203198172824,
        0.00037795779713788446,
        0.0003656787007774797,
        0.00036808981124491455,
        0.0003573851583078124,
        0.00033979125762492377,
        0.0003259813696716262,
        0.00031986988606424137,
        0.00032313524437054783,
        0.000310060082810197,
        0.0002954247099176288,
        0.0002950865019669281,
        0.0002995675534177288,
        0.0002861905795460768,
        0.0002744175095561045,
        0.00027773588195556846,
        0.00024959311815410645,
        0.00023826954666777915,
        0.00022977532546886528,
        0.0002351038029397362,
        0.00022934208327446618,
        0.0002280257719082161,
        0.00021868369123740147,
        0.00021968335176941,
        0.0002189476703739022,
        0.00021181020606637766,
        0.0002166120529819484,
        0.00021031129424739218,
        0.00020193382734210374,
        0.00020440498189617512,
        0.00019663185482105244,
        0.00019401622637750952,
        0.00019752483540542886,
        0.000185304207784862
    ],
    "val_mse_history": [
        0.0011263113421057045,
        0.00098720862395516,
        0.0008425889239986875,
        0.0007558568079172145,
        0.0008178159134866815,
        0.0007278287453805865,
        0.0006637426049238031,
        0.0006477043180828907,
        0.0006814027573110471,
        0.0006329360805962352,
        0.0005675202853394701,
        0.0006144377906415031,
        0.0005237743898094643,
        0.0005267815006660508,
        0.0005433437086676529,
        0.0005068852204434147,
        0.0004915870128304598,
        0.000524149153291524,
        0.000516807248006911,
        0.0005243995713917676,
        0.00047935836897511954,
        0.000450932398260881,
        0.00045126050250562054,
        0.00042160369521856175,
        0.00043110731556451567,
        0.000437806279004125,
        0.00041111058963663575,
        0.0004235134918595358,
        0.0004548399149728119,
        0.0003791406800582438,
        0.00039019011933899187,
        0.0003888083594777259,
        0.0004182804272409893,
        0.00037291802640917234,
        0.00038210506089659505,
        0.00039561219047825675,
        0.00038551657810809755,
        0.00037533308556850746,
        0.00036231225287741193,
        0.0003553743242895683,
        0.00034178913162230377,
        0.0003388738054597277,
        0.000344609636993532,
        0.0003381013421359661,
        0.00036696001790266557,
        0.0003442887276546294,
        0.00035210321486238774,
        0.0003353726112317595,
        0.0003256798362401725,
        0.00034731354770581953,
        0.0003247551259788701,
        0.00035941166577718004,
        0.0003368525015018288,
        0.0003352452312776574,
        0.0003362340232064352,
        0.00033090801858060557
    ],
    "test_metrics_scaled": {
        "MAE": 0.03711816391272244,
        "MSE": 0.0026533576438829577,
        "MdAE": 0.027730267494916916,
        "Pred(50)": 0.4054205607476635
    },
    "test_metrics_real": {
        "MAE": 1.2620175730325631,
        "MSE": 3.067281436328699,
        "MdAE": 0.9428290948271751,
        "Pred(50)": 0.4054205607476635
    }
}