{
    "run_id": 7,
    "seed": 48,
    "elapsed_sec": 276.04920291900635,
    "best_val_mse": 0.0004945210851565936,
    "epochs_trained": 61,
    "train_loss_history": [
        0.001556543991607655,
        0.0012698637683266508,
        0.0011823825196667279,
        0.001156784255998559,
        0.0010589674323067514,
        0.0009962607564375503,
        0.0009100834027305005,
        0.0008860197968431406,
        0.000871680917749501,
        0.0007995810743837661,
        0.0008049043045594041,
        0.0007795077851382077,
        0.0007500102207880165,
        0.0006924888626431606,
        0.0007135801888330162,
        0.0006834661336841394,
        0.0006581416072905051,
        0.0006585364799302945,
        0.0006424077308893639,
        0.0006460680189421511,
        0.0006370427488692277,
        0.0006130039113171937,
        0.0006098763632416924,
        0.0005930954804172838,
        0.0005670131636134906,
        0.0005630280280806864,
        0.0005483015183801831,
        0.0005639053370854283,
        0.0005445178049795599,
        0.0005379174495821773,
        0.0005118350873250908,
        0.0005132748356814962,
        0.0005182735606008545,
        0.0004900739930142516,
        0.0005066269865297524,
        0.0004857142524432834,
        0.0004822808755941374,
        0.00045989891490917607,
        0.000475741502482995,
        0.00045849392327339304,
        0.0004520197395833644,
        0.0004380398605232187,
        0.0004577318534190645,
        0.0004379729602210667,
        0.00041609137946140164,
        0.00040854208198077126,
        0.0004112219474922677,
        0.0003972532609741089,
        0.0003944057495603737,
        0.00039057418438431855,
        0.00038650821611080913,
        0.00038000143537126767,
        0.0003977369098438055,
        0.000378683734278994,
        0.00037327146363664876,
        0.00037145170227043887,
        0.00036251778859777895,
        0.00036238646366485556,
        0.0003560177437403869,
        0.00035955321505424316,
        0.00034469783907803496
    ],
    "val_mse_history": [
        0.0015145412201602424,
        0.0014037139335453634,
        0.0012521069346369026,
        0.00113028540738979,
        0.0010602451877150202,
        0.0010577508031790073,
        0.0010379111506681436,
        0.001004843018174669,
        0.0009518361253149794,
        0.0008942318022508773,
        0.0009380928275131298,
        0.0008898577058698213,
        0.0008165203382271112,
        0.0008313188804104444,
        0.0008055576987666044,
        0.0007688154977632407,
        0.0007856890849326205,
        0.0007374933786244481,
        0.00075481742282181,
        0.000710222078819022,
        0.0006923174691749465,
        0.0006920360594689713,
        0.0007064897976572818,
        0.0006838330312557779,
        0.0006702129959091849,
        0.0006805806565893359,
        0.0006711333717650192,
        0.0006455543228084908,
        0.0006486835820705498,
        0.00062783899179206,
        0.0006255266302023553,
        0.0006379321828475227,
        0.0006106157674652512,
        0.0006374560407014292,
        0.0005997114705883331,
        0.0006075316534783099,
        0.0005794205304600143,
        0.0005758945984226756,
        0.0005638082313256782,
        0.0005765315595586425,
        0.0005714742819094237,
        0.0005840979125007971,
        0.0005904010194413162,
        0.0005432118697424539,
        0.0005600209124602942,
        0.0005557568400032192,
        0.0005389260586781944,
        0.0005348789018356088,
        0.0005196802272047675,
        0.0005197536528976542,
        0.0005158252176066271,
        0.0005292816472374008,
        0.000530347153741539,
        0.0005219198715873328,
        0.0005170792135527014,
        0.0004945210851565936,
        0.0005196133551797737,
        0.0005110350465147206,
        0.0005135028906606653,
        0.0005058048251470324,
        0.0005088663182730323
    ],
    "test_metrics_scaled": {
        "MAE": 0.021480807535039788,
        "MSE": 0.0008790517129450593,
        "MdAE": 0.015740489587187767,
        "Pred(50)": 0.41438826943638307
    },
    "test_metrics_real": {
        "MAE": 0.2577696904204775,
        "MSE": 0.12658344666408852,
        "MdAE": 0.1888858750462532,
        "Pred(50)": 0.41438826943638307
    }
}