{
    "run_id": 4,
    "seed": 45,
    "elapsed_sec": 136.8792908191681,
    "best_val_mse": 0.0006819326102358599,
    "epochs_trained": 31,
    "train_loss_history": [
        0.0017566877386861728,
        0.0013582867064106383,
        0.0012152964492018672,
        0.0011217751327997224,
        0.0010743791783835008,
        0.0009735430300013095,
        0.0009429712569953616,
        0.0008998957817093755,
        0.000864245077815652,
        0.0008386520685967753,
        0.0007832703989836278,
        0.0007313194709935709,
        0.000759412776346165,
        0.0006932260565612567,
        0.0007055260025669019,
        0.0006822035973738663,
        0.0006702523668713638,
        0.0006365716105476474,
        0.0006491093444219408,
        0.0006456884476054878,
        0.0005933019319747584,
        0.000594655336152628,
        0.0005738542285570973,
        0.000559932961021757,
        0.0005467807895750578,
        0.0005598891560849911,
        0.0005327755568455922,
        0.0005365831511630814,
        0.0005196189011022096,
        0.000521624118192397,
        0.0005084108479172711
    ],
    "val_mse_history": [
        0.0015775550495453774,
        0.0014659609320566383,
        0.001241515600731521,
        0.0012954333277637976,
        0.0011844804740307018,
        0.0010771350743252544,
        0.001141905511493072,
        0.0009587376440852977,
        0.001018821953354674,
        0.0010120816335780101,
        0.0009783978517330168,
        0.0009259724189412462,
        0.0009726165772064836,
        0.0009317641964585711,
        0.0009037496231201206,
        0.000909199099374731,
        0.0008462436310633048,
        0.0007988233293931131,
        0.0008691885906738866,
        0.0008970673250396856,
        0.0008038022609395371,
        0.0008046199049175201,
        0.000721166250332232,
        0.0007583210120977347,
        0.0007730977050387795,
        0.0006819326102358599,
        0.0007606842021227333,
        0.000718015936761298,
        0.0007569644511370564,
        0.0007703342790829445,
        0.000685187013454003
    ],
    "test_metrics_scaled": {
        "MAE": 0.01989867269488362,
        "MSE": 0.0006670802905754433,
        "MdAE": 0.015910472720861435,
        "Pred(50)": 0.4175857843137255
    },
    "test_metrics_real": {
        "MAE": 0.23878407233860344,
        "MSE": 0.09605956184286384,
        "MdAE": 0.19092567265033722,
        "Pred(50)": 0.4175857843137255
    }
}