{
    "run_id": 9,
    "seed": 50,
    "elapsed_sec": 166.81049466133118,
    "best_val_mse": 0.0006148271767984338,
    "epochs_trained": 37,
    "train_loss_history": [
        0.001955119518221567,
        0.001320841533283506,
        0.0012160488828454735,
        0.0011403708319979611,
        0.001077747633513883,
        0.0010002275669136133,
        0.0009511827274638995,
        0.0008997562057279475,
        0.000887654834946663,
        0.0008656483278244728,
        0.0008168731462206986,
        0.0007909620127514357,
        0.0007818866029128108,
        0.0007483038307059637,
        0.0007161172364379508,
        0.0006906616056969146,
        0.0006827573550875689,
        0.0006555724136864646,
        0.0006403489946352687,
        0.0006377359929728763,
        0.0006306069164909067,
        0.000615085149519078,
        0.0005840450022728132,
        0.0005936642510546057,
        0.0005866400304776804,
        0.0005778240708078397,
        0.0005692002177912455,
        0.000545258299212707,
        0.0005466850085080857,
        0.0005597098735339665,
        0.0005426923303409555,
        0.0005235276351963974,
        0.0005352040907972269,
        0.0005181913595709344,
        0.0005247308978187976,
        0.0005138038398297809,
        0.0005065448104689462
    ],
    "val_mse_history": [
        0.001508746065780592,
        0.001258542053464517,
        0.0012607068136015187,
        0.0011095089592134562,
        0.0010327066651417,
        0.0009493358426886975,
        0.00100055288810035,
        0.000956924074902809,
        0.0008612870756157309,
        0.0009170308998429761,
        0.0008425016353096399,
        0.0008856384629155546,
        0.0008449142716409291,
        0.000806193330236352,
        0.0007680709163461183,
        0.0008235961697033148,
        0.0007261491155990354,
        0.0007651846493732717,
        0.0007773706719010688,
        0.0007553919788580595,
        0.0007392277851735784,
        0.0007072725418485725,
        0.000686750934616652,
        0.0007181722826994108,
        0.0007304463751708019,
        0.0006927502789985971,
        0.0006529991975665787,
        0.000710608331952435,
        0.0007001092139776107,
        0.0006450907073399187,
        0.0006653889461573232,
        0.0006148271767984338,
        0.0006770191278721373,
        0.0006979216968128936,
        0.0006584359704676478,
        0.0006742286135117334,
        0.0006439490739044427
    ],
    "test_metrics_scaled": {
        "MAE": 0.021793606762855144,
        "MSE": 0.000839711424140989,
        "MdAE": 0.01663851924240589,
        "Pred(50)": 0.41265014444275505
    },
    "test_metrics_real": {
        "MAE": 0.2615232811542617,
        "MSE": 0.12091844507630241,
        "MdAE": 0.1996622309088707,
        "Pred(50)": 0.41265014444275505
    }
}