{
    "run_id": 6,
    "seed": 47,
    "elapsed_sec": 297.3145787715912,
    "best_val_mse": 0.0005493480356488499,
    "epochs_trained": 65,
    "train_loss_history": [
        0.0014972359597211116,
        0.0013389077015644926,
        0.0012125230625926547,
        0.0011195929595083718,
        0.0010641368259724688,
        0.0010213949553300441,
        0.0009556130776459419,
        0.0009156855564285836,
        0.0008593976038485761,
        0.0008608442859853159,
        0.000801314249940676,
        0.0007672637359407608,
        0.0007243582547418951,
        0.0007116817160876498,
        0.0007228265522828192,
        0.0006870398144481849,
        0.0006803842651497832,
        0.0006546912880667204,
        0.0006369076373864452,
        0.0006299828727782823,
        0.0006150462927623905,
        0.0006202923029104032,
        0.0005845549421703043,
        0.0005783142640100953,
        0.0005780000153221183,
        0.0005776827375343413,
        0.000563153551986591,
        0.0005432200963399619,
        0.0005424563187922936,
        0.0005397836892117103,
        0.0005187709357146837,
        0.0005279290001298319,
        0.000506668504471511,
        0.0005054340226027705,
        0.0004793376484719708,
        0.0004756407423685164,
        0.00046311613097145933,
        0.00046007992726194497,
        0.00043492224228764266,
        0.00045498990106413475,
        0.00044185541757939197,
        0.00043928317584227526,
        0.0004269445502384319,
        0.00042511792209252183,
        0.00042149552405983923,
        0.00041478392963859674,
        0.00041852925832993774,
        0.0004030696914917045,
        0.0004002312600889041,
        0.0004068049304060648,
        0.0003966483869600586,
        0.00039400381541252925,
        0.00040488550511486076,
        0.0004060802701879964,
        0.00039426427231511476,
        0.0003823051469393864,
        0.0003859431764887778,
        0.0003848714372987532,
        0.0003787001480451272,
        0.00038469617480543864,
        0.00037747974210425734,
        0.0003707765964849715,
        0.0003778580234665258,
        0.0003866451428699696,
        0.0003814163204546801
    ],
    "val_mse_history": [
        0.0013845882391848032,
        0.0012091951625024186,
        0.0012088410635217961,
        0.0011310961255622085,
        0.001061167082705862,
        0.0011089651995169723,
        0.0009248356773952463,
        0.0009110546147813593,
        0.0009321203509927215,
        0.0008463075178887744,
        0.0008142378897045256,
        0.0008730818373644747,
        0.0007874480160983125,
        0.0007741547557793485,
        0.0007676418786411966,
        0.0007477636044186973,
        0.0007455053328838779,
        0.0007349945615745635,
        0.0007009369597003455,
        0.0007074951558022852,
        0.0006874445386368997,
        0.0006870344080368706,
        0.0006512378285894534,
        0.0007328959134918977,
        0.0006671762984425727,
        0.0006694625771108179,
        0.000640383265169132,
        0.0006447277984636574,
        0.0006320262813476808,
        0.0006179943423235217,
        0.0006294479827213461,
        0.0006322682865138574,
        0.0006224505671592032,
        0.000639276082542587,
        0.0006148786784274168,
        0.0006072529260910866,
        0.0005859048522017232,
        0.0006152780621502102,
        0.0005923919201324267,
        0.0006343256064491152,
        0.0005828499707925752,
        0.0005835557609023412,
        0.0005836007236993497,
        0.000611763609319371,
        0.0006025993411654997,
        0.0005707696597852369,
        0.0005747575955329065,
        0.0005711490352443245,
        0.0005882320662819387,
        0.0005706062460487597,
        0.0005609389091453879,
        0.0005587535563763906,
        0.0005667003574001046,
        0.0005917136024434801,
        0.0005590319660334726,
        0.0005662651026256155,
        0.0005549351314370964,
        0.0005671862453600644,
        0.0005617557409470033,
        0.0005493480356488499,
        0.0005819214465428756,
        0.0005682262470213832,
        0.0005618493947957121,
        0.0005499050074312921,
        0.0005559357150304936
    ],
    "test_metrics_scaled": {
        "MAE": 0.020941566082673366,
        "MSE": 0.0007845915727448126,
        "MdAE": 0.015934938564896584,
        "Pred(50)": 0.4174801708358755
    },
    "test_metrics_real": {
        "MAE": 0.2512987929920804,
        "MSE": 0.11298118647525301,
        "MdAE": 0.191219262778759,
        "Pred(50)": 0.4174801708358755
    }
}