{
    "run_id": 8,
    "seed": 49,
    "elapsed_sec": 205.64207816123962,
    "best_val_mse": 0.0007356291735021631,
    "epochs_trained": 45,
    "train_loss_history": [
        0.0015951546164148776,
        0.0012664840118937247,
        0.0012014164648425087,
        0.0010883574107382699,
        0.0010220867768517539,
        0.0009860461843116833,
        0.0009212294247245047,
        0.0008535528941852913,
        0.0008634377218954608,
        0.0008350148205338334,
        0.0007927382656279082,
        0.0007540461735278498,
        0.0007138509806008561,
        0.0007060269817169815,
        0.0006712253586032931,
        0.0006619186053235344,
        0.0006622337772290408,
        0.0006440931757372732,
        0.0006154177695837002,
        0.0006285963931334579,
        0.0006008186707458127,
        0.0005864159243647581,
        0.000572646851388707,
        0.0005640540702740575,
        0.000552772482493053,
        0.0005549405565223653,
        0.0005339162863065623,
        0.0005223318978242878,
        0.0005196175803961852,
        0.000552426777603203,
        0.0004914630260556237,
        0.0004949391805681633,
        0.0005001486049016462,
        0.0004719205781162057,
        0.0004840388322854117,
        0.0004735807319266386,
        0.0004564597947439346,
        0.0004583844751741458,
        0.0004680653353802247,
        0.0004566142513898693,
        0.00045118740015104975,
        0.00045120407927968375,
        0.0004477202934079471,
        0.0004400794273020931,
        0.0004237618768242322
    ],
    "val_mse_history": [
        0.0015781986820505684,
        0.0015292605034666674,
        0.001416880643405848,
        0.0014600609902297623,
        0.0013871679107267678,
        0.0011753194208588994,
        0.0011557632976940714,
        0.0011244474053975536,
        0.001091362039140612,
        0.0010593719080863942,
        0.001066367476294379,
        0.001001695597939295,
        0.0010468722036902616,
        0.0009136226876827673,
        0.0009809550027223967,
        0.0009215777736778885,
        0.000881046698575505,
        0.0009186671077694036,
        0.00087939001050208,
        0.0008800352088231141,
        0.0008642100560682269,
        0.000845317899776382,
        0.0008503113221517594,
        0.0008628301002768953,
        0.000806299312077903,
        0.0007944500349144134,
        0.0008356307534091698,
        0.0008269871452924672,
        0.0008206381260718865,
        0.0008104677192089312,
        0.000772631526532221,
        0.0007521152977375551,
        0.0007717838579938524,
        0.0007693390808793043,
        0.000774697929129033,
        0.0007409758870360493,
        0.0007848689512626483,
        0.0007650443360422916,
        0.000775517949119976,
        0.0007356291735021631,
        0.0007623550473091022,
        0.0007372743098185098,
        0.00076497738361762,
        0.0007471101071535039,
        0.0007443963609884318
    ],
    "test_metrics_scaled": {
        "MAE": 0.023680094743763806,
        "MSE": 0.0010187725457559563,
        "MdAE": 0.018016979098320007,
        "Pred(50)": 0.37718491260349585
    },
    "test_metrics_real": {
        "MAE": 0.28416113692516565,
        "MSE": 0.1467032465888577,
        "MdAE": 0.2162037491798401,
        "Pred(50)": 0.37718491260349585
    }
}