{
    "run_id": 3,
    "seed": 44,
    "elapsed_sec": 172.3582694530487,
    "best_val_mse": 0.0005873762080458979,
    "epochs_trained": 38,
    "train_loss_history": [
        0.0017609949011879622,
        0.0013703121754491722,
        0.0012215087669050593,
        0.0011683187584373513,
        0.0010561584613831955,
        0.000998620278779957,
        0.0009505967250932511,
        0.0009075879808737163,
        0.0008977119749655406,
        0.0008601320866004894,
        0.0008114422700193302,
        0.0008194479955220092,
        0.0007547369562994007,
        0.0007512047638014987,
        0.000729470064963825,
        0.0006983732293059005,
        0.0007111213038567306,
        0.0006949444893341286,
        0.0006972578219928435,
        0.0006563162685811551,
        0.0006235705922798698,
        0.0006346860895268009,
        0.0006370435321889612,
        0.000618541458433747,
        0.0005905727703780808,
        0.0005736173486232515,
        0.0005666299450976503,
        0.0005427771603144487,
        0.0005509509196536999,
        0.000539001348485864,
        0.0005289457005529032,
        0.0005240080643789096,
        0.000505665449479769,
        0.0005108630348260171,
        0.0005026312800936965,
        0.0005032596147719479,
        0.0005125292553511719,
        0.0005092121440922571
    ],
    "val_mse_history": [
        0.0013552758084893804,
        0.0011803268394437768,
        0.0010571603754209844,
        0.001029365247404345,
        0.000996472578011997,
        0.0009232584964387553,
        0.0009641432927574156,
        0.0008766552177981924,
        0.0008735483038717839,
        0.0009176873288256312,
        0.0007943453720837782,
        0.0007994337946937516,
        0.0007474995264273251,
        0.0007298593753047519,
        0.0007359720095901431,
        0.0007667077918874006,
        0.0006976042050057927,
        0.0006954964743545308,
        0.0007023387207185245,
        0.000732941345666237,
        0.000684387137038011,
        0.0006580824968944476,
        0.0006339139566399195,
        0.0006763480684920818,
        0.0006552054228316181,
        0.0006594629281079233,
        0.000638204637750153,
        0.0006112014982828759,
        0.000605058832482904,
        0.0006631371532246773,
        0.0005903226559020462,
        0.0006241661503206346,
        0.0005873762080458979,
        0.0006156014482867611,
        0.0006362862540347269,
        0.0006194349504757627,
        0.0006079642480054921,
        0.0006116331035974999
    ],
    "test_metrics_scaled": {
        "MAE": 0.023321344556756524,
        "MSE": 0.0009586406091053066,
        "MdAE": 0.018022669479250908,
        "Pred(50)": 0.3651987110633727
    },
    "test_metrics_real": {
        "MAE": 0.2798561346810783,
        "MSE": 0.13804424771116416,
        "MdAE": 0.2162720337510109,
        "Pred(50)": 0.3651987110633727
    }
}