{
    "run_id": 1,
    "seed": 42,
    "elapsed_sec": 126.5651593208313,
    "best_val_mse": 0.0006601388017850096,
    "epochs_trained": 28,
    "train_loss_history": [
        0.0014736934780341725,
        0.001322860667070305,
        0.001222413163031352,
        0.0011380652679999805,
        0.0010603844537306795,
        0.0009971939150764835,
        0.00094439063519702,
        0.0008959313615140403,
        0.0008808368145689642,
        0.0008324560814105754,
        0.0007925955897901365,
        0.0007777017993182479,
        0.0007484108115122599,
        0.0007291481983553734,
        0.000695083626912308,
        0.0006745822774973931,
        0.0006551549053048896,
        0.0006711922315435093,
        0.0006488964270879487,
        0.0006226794585250357,
        0.0005976135289993914,
        0.0005866924334199915,
        0.0005984645018768373,
        0.000596823638172071,
        0.0005775031368352801,
        0.0005691790289072238,
        0.0005617848505348891,
        0.0005497499507635364
    ],
    "val_mse_history": [
        0.0013626466778994758,
        0.001364057225711292,
        0.0011768512732628492,
        0.0011202770274336546,
        0.0011150272082672808,
        0.0010495883959899443,
        0.000964657830612992,
        0.00093186636419489,
        0.0009581123484261094,
        0.0009067428934647417,
        0.0008387535028831086,
        0.0008820944170726743,
        0.0008352312722714668,
        0.0008530073519924056,
        0.0008032275328876669,
        0.0007619070268604732,
        0.0007651055156065135,
        0.0007974172525116746,
        0.0007947281181698039,
        0.0007717826484238344,
        0.0007348289537434313,
        0.000716526958621773,
        0.0006601388017850096,
        0.0007391317196271386,
        0.000721453704493334,
        0.0007441458692034596,
        0.0007013434378107549,
        0.0006893275544948111
    ],
    "test_metrics_scaled": {
        "MAE": 0.02354122928312674,
        "MSE": 0.0011109589498407703,
        "MdAE": 0.017242252826690674,
        "Pred(50)": 0.4091537398249117
    },
    "test_metrics_real": {
        "MAE": 0.2824947513975209,
        "MSE": 0.15997808877707093,
        "MdAE": 0.20690703392028809,
        "Pred(50)": 0.4091537398249117
    }
}