{
    "run_id": 2,
    "seed": 43,
    "elapsed_sec": 75.99903607368469,
    "best_val_mse": 0.0007277011120798977,
    "epochs_trained": 17,
    "train_loss_history": [
        0.0015862737091583857,
        0.00129385264554789,
        0.0011632894200942932,
        0.0011226056651929292,
        0.0010324929100644848,
        0.0009935964825295253,
        0.0009072544200074047,
        0.0008392766105641898,
        0.0008264840442830162,
        0.0008133516414970109,
        0.0007867709649557786,
        0.000754286578010968,
        0.0007034942701450125,
        0.0007345138222857917,
        0.0006929473156435484,
        0.0006912797294156102,
        0.0006602528171621546
    ],
    "val_mse_history": [
        0.0014081738856696674,
        0.0011739299830744556,
        0.0011911918695624048,
        0.001072193831691689,
        0.0009106242194312984,
        0.0009646303516505446,
        0.0008369952438433979,
        0.000890995780493618,
        0.0008407402815152708,
        0.0008999596688887763,
        0.0008465799559393439,
        0.0007277011120798977,
        0.0008184045660196094,
        0.0007796689239763803,
        0.0007960692246451235,
        0.0007829595192611724,
        0.0007491550812555045
    ],
    "test_metrics_scaled": {
        "MAE": 0.017431815077252177,
        "MSE": 0.0005389646600550322,
        "MdAE": 0.013580748811364174,
        "Pred(50)": 0.48074267300905327
    },
    "test_metrics_real": {
        "MAE": 0.2091817809270261,
        "MSE": 0.07761091104792464,
        "MdAE": 0.1629689857363701,
        "Pred(50)": 0.48074267300905327
    }
}