{
    "run_id": 5,
    "seed": 46,
    "elapsed_sec": 128.3211874961853,
    "best_val_mse": 0.0007900854655836414,
    "epochs_trained": 29,
    "train_loss_history": [
        0.001640232987258474,
        0.0013083121321353446,
        0.0011630632530699504,
        0.0011060776003661407,
        0.0010688476584811888,
        0.0009677635404925547,
        0.0008873163060807934,
        0.0008508868769278031,
        0.0007978985983034592,
        0.0008015512315020674,
        0.0007685323608177508,
        0.0007396892176981119,
        0.0007060844898817675,
        0.0006730378709679538,
        0.0006653045658504466,
        0.0006506299069950209,
        0.000649183361573739,
        0.0006097519887101638,
        0.0006022973877410486,
        0.0005725414693615265,
        0.0005779409805642215,
        0.0005726908817497206,
        0.0005678138473393902,
        0.0005554713895001072,
        0.0005416926021092973,
        0.0005354877735821553,
        0.0005320919954173028,
        0.0005415551546117086,
        0.0005215406683547784
    ],
    "val_mse_history": [
        0.0014531203095307526,
        0.0013265502765802317,
        0.0012922378859597102,
        0.0012027836530366374,
        0.0011905022437518633,
        0.0012186318622482732,
        0.0011476261916811622,
        0.001088500382505912,
        0.0010322538479149116,
        0.0010351502298109531,
        0.000984571662444123,
        0.0009527875540773027,
        0.0009952224898066417,
        0.0008826068553079719,
        0.0008985436938086517,
        0.0009351767130206741,
        0.0008914801432545617,
        0.0009074294110687205,
        0.0008245554955067415,
        0.0008647554728281934,
        0.0008487668052610363,
        0.0008820951351518688,
        0.0008673380307013563,
        0.0007900854655836414,
        0.0008562846570138596,
        0.0008547856364861743,
        0.0008340580200904271,
        0.0008863314973387293,
        0.0008356888843558817
    ],
    "test_metrics_scaled": {
        "MAE": 0.020669356559186183,
        "MSE": 0.0007858534698004236,
        "MdAE": 0.015291648916900158,
        "Pred(50)": 0.4329390075280381
    },
    "test_metrics_real": {
        "MAE": 0.2480322787102342,
        "MSE": 0.113162899651261,
        "MdAE": 0.1834997870028019,
        "Pred(50)": 0.4329390075280381
    }
}