{
    "run_id": 10,
    "seed": 51,
    "elapsed_sec": 197.27186703681946,
    "best_val_mse": 0.0005032893346488641,
    "epochs_trained": 44,
    "train_loss_history": [
        0.0015823074923339941,
        0.001371820106136107,
        0.0012392421180130156,
        0.0011612339766094806,
        0.0010454576076881494,
        0.0010187391358703476,
        0.0009438543439824206,
        0.000895506526228853,
        0.0008646074126964064,
        0.0008503409465113339,
        0.0007921256274737949,
        0.0007825198024228304,
        0.000730653030157998,
        0.0007294230284744531,
        0.0007044454358034336,
        0.0007025100031892725,
        0.0006841018050363703,
        0.0006575649438312342,
        0.0006353203615151169,
        0.0006393757954509928,
        0.0006240397640166018,
        0.0006130079682996739,
        0.0005746071283926784,
        0.0006016677059403295,
        0.0005707678875637836,
        0.0005539161594190796,
        0.0005804798714915632,
        0.0005425211349292647,
        0.0005289305127632927,
        0.000538737975048189,
        0.0005152703645518018,
        0.000516043392484314,
        0.0005165887494348911,
        0.00048252168436819907,
        0.0004740881320414133,
        0.00046125988258971864,
        0.0004636924052849285,
        0.00045539728003691674,
        0.0004547321625661661,
        0.00045120791397915724,
        0.0004521958123739193,
        0.0004467571572000409,
        0.0004419218224052693,
        0.00042317067721311653
    ],
    "val_mse_history": [
        0.0011942992038334868,
        0.000997558251441037,
        0.0009970920476828164,
        0.000896380427388215,
        0.0009023832979044808,
        0.0007818389280843779,
        0.0008044949872955304,
        0.0007660414299453727,
        0.0007944889888963663,
        0.0007462882332653037,
        0.000682194657911624,
        0.0006768097617638968,
        0.0006866442195567949,
        0.0006529168744849039,
        0.0006173763681830771,
        0.0006203110474058436,
        0.0006036972768431463,
        0.0005926960098882968,
        0.000588956179842249,
        0.0006286166743615064,
        0.0005935173724810177,
        0.0005777215491172819,
        0.0005786151719375551,
        0.0005596822293116842,
        0.0005510349337661887,
        0.0005562227151130391,
        0.0005968527095102766,
        0.0005411651183924031,
        0.0005200637252939761,
        0.0005459535752055537,
        0.000610989281281828,
        0.0005368348843955124,
        0.0005365783489878734,
        0.0005181276984472429,
        0.0005203308276348264,
        0.0005090584598332255,
        0.0005131305649902293,
        0.0005270915824222524,
        0.0005032893346488641,
        0.0005146307673282236,
        0.000508380688949031,
        0.0005146754963290368,
        0.000506137628878805,
        0.0005044129759114979
    ],
    "test_metrics_scaled": {
        "MAE": 0.02262615523554855,
        "MSE": 0.0009560196240886588,
        "MdAE": 0.01769859716296196,
        "Pred(50)": 0.37077793061286873
    },
    "test_metrics_real": {
        "MAE": 0.27151386282658263,
        "MSE": 0.13766682586876686,
        "MdAE": 0.21238316595554352,
        "Pred(50)": 0.37077793061286873
    }
}