{
    "run_id": 5,
    "seed": 46,
    "elapsed_sec": 215.73934507369995,
    "best_val_mse": 0.00014542257856563857,
    "epochs_trained": 62,
    "train_loss_history": [
        0.0015251805625264656,
        0.0012538468556656307,
        0.0010600463525578991,
        0.0009185644115725729,
        0.0007131004970716803,
        0.0005911717646660307,
        0.0005139742612434355,
        0.00043152949274180607,
        0.0003831755259173071,
        0.00033815013389884325,
        0.000300900418796549,
        0.00027972053910113907,
        0.0002593675576683477,
        0.00022823683311703222,
        0.000219178969759684,
        0.0002009968328351725,
        0.0002013054495565532,
        0.00017485932785156794,
        0.0001710876042115591,
        0.00016619195152280122,
        0.0001590490493857176,
        0.00015489914883705513,
        0.00015328197548258591,
        0.00013126816963305923,
        0.00013779210863312504,
        0.000125926997669395,
        0.0001230603540065395,
        0.00012441947461507209,
        0.00011191562435430426,
        0.00010845044201089064,
        9.21829882013538e-05,
        8.145515241458749e-05,
        8.366860997691555e-05,
        8.035524922457912e-05,
        7.566599193619607e-05,
        7.655453095235555e-05,
        7.510758208713684e-05,
        7.102458961717754e-05,
        7.077613899558569e-05,
        6.789678290500122e-05,
        6.792997790925208e-05,
        6.59241661522078e-05,
        6.557399636556894e-05,
        6.465374137501625e-05,
        6.43679615950532e-05,
        5.9205154364845884e-05,
        5.989107469280211e-05,
        6.083834278941044e-05,
        5.9987949064778054e-05,
        5.1656590984700753e-05,
        4.964444884583492e-05,
        5.084119323017053e-05,
        4.861958929866791e-05,
        4.7762021596386864e-05,
        4.781321804952504e-05,
        4.6371203895767776e-05,
        4.606716587898662e-05,
        4.559908652003e-05,
        4.5559542543167865e-05,
        4.400719180945376e-05,
        4.4274062713731455e-05,
        4.073339066723603e-05
    ],
    "val_mse_history": [
        0.001526225748466246,
        0.0013993180411758649,
        0.0011683069493287905,
        0.0009244240810014108,
        0.0008007924804102241,
        0.0007687664059823748,
        0.000573940250305689,
        0.0005497903506476399,
        0.000455644219140211,
        0.00042931923755396234,
        0.00040904618025813333,
        0.0003752108157692667,
        0.0003497819642936988,
        0.0003205399707331576,
        0.0003217621395770812,
        0.0003003720614186881,
        0.0003040176514550201,
        0.0002790865908684346,
        0.0003083159523962706,
        0.000264244843576641,
        0.0002661516425849444,
        0.0002510047808952106,
        0.00024153525889882775,
        0.00025911202280256787,
        0.00022824289585283088,
        0.00021430408864416464,
        0.00023039359892727826,
        0.00022130978768920622,
        0.00021865992755317544,
        0.000226835617497928,
        0.00019106553735508727,
        0.0001798465777315994,
        0.0001834882325965834,
        0.00018533095993157354,
        0.00017951827419744346,
        0.00018119707091311627,
        0.00018137851876270177,
        0.00017590221847012545,
        0.00017540387189770578,
        0.0001698641029341915,
        0.00016586067687142064,
        0.0001705159690112979,
        0.00016644477155560586,
        0.00016338466784317413,
        0.0001592063465231492,
        0.0001690815820640799,
        0.00016331721027256732,
        0.0001612678422266011,
        0.0001670900675790193,
        0.00015390320431100138,
        0.00015615832710869684,
        0.00015210901494687318,
        0.0001478089640985603,
        0.00015428076845395904,
        0.00015532346680476668,
        0.00014991858471083747,
        0.00014542257856563857,
        0.00015376412619067618,
        0.00014864547477373057,
        0.00014679314485840532,
        0.00014768025071613405,
        0.00014644158732434164
    ],
    "test_metrics_scaled": {
        "MAE": 0.01835563594073896,
        "MSE": 0.0007027756330053465,
        "MdAE": 0.013026339933276176,
        "Pred(50)": 0.3466399372439641
    },
    "test_metrics_real": {
        "MAE": 0.1468450875259117,
        "MSE": 0.044977640512342175,
        "MdAE": 0.10421071946620941,
        "Pred(50)": 0.3466399372439641
    }
}