{
    "run_id": 6,
    "seed": 47,
    "elapsed_sec": 255.6557593345642,
    "best_val_mse": 0.00012623633902377046,
    "epochs_trained": 73,
    "train_loss_history": [
        0.0017180455863662677,
        0.0013134231974024596,
        0.0011295012303085778,
        0.0009172116925688705,
        0.0007260610908154998,
        0.000606029926378764,
        0.0005004809019814467,
        0.00041826512373135255,
        0.000360450236437732,
        0.0003135327608738168,
        0.0002823003000938977,
        0.00024681648059892103,
        0.00022117230376974666,
        0.00021089919930857018,
        0.00019552338752155742,
        0.00017802280004999423,
        0.00016685521938358618,
        0.00016218649656653532,
        0.0001493805220161448,
        0.00013942814593495936,
        0.00014438928987434147,
        0.0001323642321461337,
        0.0001344743054467376,
        0.0001205560800984753,
        0.00011803527112294288,
        0.00011580040326742547,
        0.00010944693607215365,
        0.0001120466296829124,
        0.00010219822750897085,
        0.00010621915158959669,
        9.575940810751298e-05,
        0.00010120744077874789,
        9.459694605921916e-05,
        8.84067940526285e-05,
        8.80472398947811e-05,
        8.663130084785638e-05,
        8.069422970804322e-05,
        8.334198919711573e-05,
        8.04766057717643e-05,
        7.976611379921164e-05,
        7.181598669472135e-05,
        8.17951370529619e-05,
        7.02369133743655e-05,
        7.057335823446919e-05,
        7.257858149626516e-05,
        7.196232103620116e-05,
        6.66179669185926e-05,
        7.065461828149541e-05,
        4.9513917199299995e-05,
        4.523357626615172e-05,
        4.4826448590452186e-05,
        4.4327434339289826e-05,
        4.248768671770545e-05,
        4.289494951655414e-05,
        4.0540219124283654e-05,
        4.0964877366844266e-05,
        4.053698621024332e-05,
        3.942523154125267e-05,
        4.017788992338243e-05,
        3.8347600294448634e-05,
        3.815378899832324e-05,
        3.752508990170386e-05,
        3.754052783159223e-05,
        3.598392320973768e-05,
        3.6246113481865904e-05,
        3.662574045943314e-05,
        3.5794502157745897e-05,
        3.5500471314997795e-05,
        3.6319159837005016e-05,
        3.320062517846772e-05,
        3.2838132033008915e-05,
        3.4905940134003204e-05,
        2.8075595797346116e-05
    ],
    "val_mse_history": [
        0.0010230185731544173,
        0.0009024683282586525,
        0.0008516465760900824,
        0.0006802149610118889,
        0.0006085243990853296,
        0.0005459046720744262,
        0.000509534723202161,
        0.000449545878188857,
        0.000419153656372706,
        0.0003828243516044789,
        0.00035634682225049095,
        0.0003177027345075244,
        0.00032006253168526333,
        0.0003001865744992287,
        0.0002846427852357022,
        0.0002677044110795819,
        0.00026671048036490077,
        0.0002582064234395054,
        0.0002509240820360436,
        0.0002523386924160744,
        0.00024012853577981636,
        0.00022812537868590777,
        0.00023235051230969386,
        0.00024075582498794354,
        0.00021838201587160046,
        0.00020748079341314333,
        0.00020573541349322343,
        0.00022024713584819705,
        0.00027456758134279907,
        0.00020464840720483296,
        0.00023037563118704233,
        0.00019034079927860806,
        0.0002016934474750108,
        0.00020092327489308793,
        0.00017460901524828695,
        0.0001943558774039202,
        0.00018347988661320146,
        0.00017988762776127042,
        0.00017164712267120534,
        0.00017626707978349527,
        0.00016924062050213736,
        0.00017468982512255186,
        0.00016842866584829873,
        0.00016236064040636039,
        0.00017423809726504376,
        0.00017164104116192298,
        0.00016967064314990092,
        0.0001679464780763017,
        0.00014637160276496458,
        0.0001490521041614023,
        0.0001458087055661301,
        0.00014861235075727452,
        0.00014572106861178612,
        0.0001435492605103813,
        0.00013992560955260866,
        0.00014567707479714136,
        0.00014680381645873448,
        0.00014193942398815714,
        0.0001383901215323663,
        0.00014378807584852063,
        0.0001417710138932403,
        0.0001368514499641394,
        0.00014180263866566631,
        0.0001368106081452141,
        0.00014537282667892912,
        0.00014053273527233191,
        0.00013507614257890211,
        0.00012623633902377046,
        0.0001333607630986861,
        0.00013358192554979682,
        0.00013279921567121625,
        0.00013682171601188517,
        0.00012819256682833547
    ],
    "test_metrics_scaled": {
        "MAE": 0.018260439573440927,
        "MSE": 0.0008180890165125396,
        "MdAE": 0.011778896674513817,
        "Pred(50)": 0.37419467177433396
    },
    "test_metrics_real": {
        "MAE": 0.1460835165875274,
        "MSE": 0.05235769705680254,
        "MdAE": 0.09423117339611053,
        "Pred(50)": 0.37419467177433396
    }
}