{
    "run_id": 4,
    "seed": 45,
    "elapsed_sec": 266.58788895606995,
    "best_val_mse": 0.00012223563719294522,
    "epochs_trained": 76,
    "train_loss_history": [
        0.0017160775065023794,
        0.001258863441571042,
        0.0011291781650499232,
        0.0009372649910763262,
        0.0007577851047933922,
        0.0006173465867667753,
        0.0005218545590584032,
        0.0004331903710255191,
        0.00038484929308316694,
        0.00033447441979277706,
        0.00030194635970761546,
        0.00027453928397574745,
        0.0002569929847729662,
        0.0002321832859084488,
        0.00021977581086646654,
        0.0002022674080427877,
        0.00019755088667998758,
        0.00018403803789145682,
        0.00017647698813226797,
        0.0001659457371514643,
        0.0001562875471283501,
        0.00015063756692095347,
        0.00014817042187228492,
        0.00013699633240129945,
        0.00013314462151787379,
        0.0001291794672062296,
        0.00012244478860961146,
        0.00011794745479021098,
        0.0001181742953983638,
        0.0001147264652268189,
        0.0001093086199384025,
        0.00010365413475531233,
        0.00010524403547175385,
        9.798290429755166e-05,
        9.969640108752891e-05,
        8.95645188699602e-05,
        9.348888797256605e-05,
        8.919558756947242e-05,
        8.660905067029632e-05,
        8.329371851064743e-05,
        8.219888775879793e-05,
        8.502457999862887e-05,
        7.381068851397064e-05,
        8.344047084440382e-05,
        7.160620200992477e-05,
        7.408955566317768e-05,
        7.825373477317043e-05,
        5.84862455319748e-05,
        5.226646077493282e-05,
        5.17365079076626e-05,
        5.036344695374857e-05,
        4.928853868022998e-05,
        4.814928124520329e-05,
        4.788151567194482e-05,
        4.835243195980423e-05,
        4.5340120009074634e-05,
        4.535876767309482e-05,
        4.498770763635357e-05,
        4.329185913751357e-05,
        4.346435367360276e-05,
        4.2347761217283014e-05,
        4.135120447771394e-05,
        4.134443868368084e-05,
        4.094301574265333e-05,
        4.0425687836288584e-05,
        3.930969143311813e-05,
        4.0510075592273526e-05,
        3.5107455117356854e-05,
        3.2771219164858755e-05,
        3.304785216258958e-05,
        3.213858267755361e-05,
        3.193035517549441e-05,
        3.160803013315672e-05,
        3.1936958110619394e-05,
        3.0237382044991758e-05,
        2.9435261591228674e-05
    ],
    "val_mse_history": [
        0.001557068275976132,
        0.0013881378867640073,
        0.001155262930107961,
        0.000909715260112553,
        0.0007183070617016165,
        0.0006628080234211782,
        0.0005630678836502254,
        0.0004754894835202314,
        0.00042715771194295387,
        0.00039455466714883924,
        0.00037541238359538987,
        0.00035927993361307726,
        0.00033312957833782277,
        0.0003145463035681633,
        0.0003015643455590837,
        0.00028192292259887966,
        0.00027732896076003747,
        0.0002714803004467403,
        0.00026103620298097754,
        0.00023793503654094965,
        0.00024887087700967847,
        0.00023774187873462765,
        0.00022596873794683426,
        0.00023021818990703655,
        0.00021969970402509464,
        0.0002143755957620513,
        0.0002184396093405384,
        0.0002365408404747752,
        0.0002176759602131815,
        0.00020627132582213314,
        0.00021310417782106146,
        0.0002258158190308078,
        0.00019418321369725874,
        0.0001966869873518723,
        0.00019513448173788823,
        0.000194510882158312,
        0.00018956239268003955,
        0.00017379087368120567,
        0.0001821971132050909,
        0.0001766186895255487,
        0.00018722757459749896,
        0.0001670801319958211,
        0.00016067802242459618,
        0.00016195833177384017,
        0.00017582994580126707,
        0.00017559769804100973,
        0.00016620226761148913,
        0.00014236826226019683,
        0.00014372258225435814,
        0.00014352873443967764,
        0.00014418755322004675,
        0.00013855506766516902,
        0.0001427610812810959,
        0.00014154522136645514,
        0.0001384835954188251,
        0.00013672790473673394,
        0.0001366573794900456,
        0.00013462309716691956,
        0.00012592592152640584,
        0.00013578994104566157,
        0.00012956644429407547,
        0.00013427720946146545,
        0.0001259041417256536,
        0.00012992031815690818,
        0.0001305449396746861,
        0.00012955224640373285,
        0.00013572913933514644,
        0.0001233016291442112,
        0.00012425085015657533,
        0.00012287166306093776,
        0.00012223563719294522,
        0.0001257629113814695,
        0.0001246306895860477,
        0.00012571961967163464,
        0.00012279168380919966,
        0.00012308661917803586
    ],
    "test_metrics_scaled": {
        "MAE": 0.018371759508228377,
        "MSE": 0.0006963172546061663,
        "MdAE": 0.012743312865495682,
        "Pred(50)": 0.33043780403057676
    },
    "test_metrics_real": {
        "MAE": 0.14697407606582702,
        "MSE": 0.044564304294794646,
        "MdAE": 0.10194650292396545,
        "Pred(50)": 0.33043780403057676
    }
}