{
    "run_id": 3,
    "seed": 44,
    "elapsed_sec": 200.94977641105652,
    "best_val_mse": 0.0002451301694772822,
    "epochs_trained": 57,
    "train_loss_history": [
        0.0015473913396999706,
        0.0012216416714363732,
        0.0010449968544822984,
        0.0008490205848494569,
        0.0007064209298474261,
        0.0005952477914673326,
        0.000494654297125587,
        0.00041846286529203337,
        0.00037223013643693107,
        0.00032536955962361963,
        0.0003013917876791981,
        0.00027745202566668587,
        0.00025606186994417315,
        0.00022702593801161703,
        0.00021355265832091006,
        0.00020308725168529475,
        0.00018585088222990682,
        0.00017704787761096285,
        0.000167106432205688,
        0.00015894552670751613,
        0.00014615236013924005,
        0.00014349957331720169,
        0.00014773687571505433,
        0.00013168117254520583,
        0.00012846702154715068,
        0.00011847159332127807,
        0.00012528025850004173,
        0.00012232756342008973,
        0.00010855355321741387,
        0.0001111766099835988,
        0.00010042427638405857,
        9.968226793429686e-05,
        9.573842143541505e-05,
        9.353185551318395e-05,
        9.489544796260338e-05,
        9.510873520890814e-05,
        8.669537657815932e-05,
        8.561106466195749e-05,
        8.691591160593241e-05,
        8.001374770892175e-05,
        8.233136601503295e-05,
        8.715974852987672e-05,
        7.657365242027338e-05,
        6.792126309176782e-05,
        7.305442489029558e-05,
        8.248179235363894e-05,
        6.775516859737477e-05,
        6.874166407167075e-05,
        6.957250800616366e-05,
        6.792710011483762e-05,
        6.674141353917213e-05,
        4.8980709225600695e-05,
        4.547714455623607e-05,
        4.714169668779122e-05,
        4.360390508138248e-05,
        4.321848639033545e-05,
        3.8091378453971536e-05
    ],
    "val_mse_history": [
        0.0014640312480814703,
        0.0011995426555545024,
        0.001108715060668294,
        0.0009624304262361988,
        0.0008130374808108808,
        0.000725570379277195,
        0.0006657646677039101,
        0.0006098474022289063,
        0.0005867389537281756,
        0.0005590119147903771,
        0.0005076893799632682,
        0.00047327613053275015,
        0.0004868086568080884,
        0.0004573214090322336,
        0.0004506641752644227,
        0.00040928432886091365,
        0.0004372077756005957,
        0.00039865701750750284,
        0.0003913421423203325,
        0.00037277358209179384,
        0.00037708909472325365,
        0.0003730892131554158,
        0.0003508173478292067,
        0.0003434182933360788,
        0.000343434131384112,
        0.00034924860475084383,
        0.000338268034878577,
        0.00033798012053173253,
        0.0003261928854240143,
        0.0003264742377699492,
        0.00030556536901982505,
        0.00030980262480157503,
        0.0003123904564921693,
        0.00030884280754562383,
        0.0002996753740571126,
        0.0003088484064741229,
        0.0003000869877326535,
        0.0003017077360260379,
        0.0002924143961559662,
        0.00027802730237397804,
        0.00027408094799377273,
        0.0002887134771831167,
        0.0002823668939587144,
        0.0002581187719797003,
        0.00027142207731739023,
        0.00029444085344822657,
        0.00025620338743915507,
        0.00026607797404107797,
        0.00028660496208765,
        0.00027043535494416783,
        0.00027290965809046987,
        0.0002451301694772822,
        0.0002519150418733649,
        0.0002520822310266936,
        0.00025232866428176345,
        0.00024648915270966644,
        0.0002524268369599821
    ],
    "test_metrics_scaled": {
        "MAE": 0.020656624798075358,
        "MSE": 0.0008738481250324304,
        "MdAE": 0.014535373076796532,
        "Pred(50)": 0.31846193906778925
    },
    "test_metrics_real": {
        "MAE": 0.16525299838460286,
        "MSE": 0.05592628000207554,
        "MdAE": 0.11628298461437225,
        "Pred(50)": 0.31846193906778925
    }
}