{
    "run_id": 2,
    "seed": 43,
    "elapsed_sec": 231.68707585334778,
    "best_val_mse": 0.0001567111315294862,
    "epochs_trained": 66,
    "train_loss_history": [
        0.0015824259475477065,
        0.00128786263261358,
        0.0010878140823134394,
        0.0009172500252852363,
        0.0007454879033129576,
        0.0006017714216546952,
        0.0005172347929022324,
        0.0004332736938292663,
        0.0003762892853850836,
        0.0003332767055498583,
        0.00029002415824307766,
        0.00026652491495999706,
        0.00024124325278535253,
        0.00021977375107733104,
        0.00020829302690560182,
        0.00019574749402109822,
        0.00017925000007380733,
        0.00017578081029377677,
        0.00016556336596821846,
        0.00015897351660705203,
        0.0001494319037671008,
        0.00013964568652705852,
        0.00013566385607095743,
        0.00013679547416406995,
        0.0001279133257958165,
        0.00011553579089626223,
        0.00011938459956677674,
        0.00011281564592871675,
        0.00010964549900707329,
        0.0001075413922032902,
        0.00010614664571556588,
        0.00010530708490956672,
        9.392166251832111e-05,
        7.802638733952143e-05,
        7.320641324632131e-05,
        7.044389590000241e-05,
        6.920214477759145e-05,
        6.560461581533386e-05,
        6.384404199276391e-05,
        6.55551438010087e-05,
        6.314808971613896e-05,
        6.257938128137061e-05,
        5.9002676142833815e-05,
        6.0664883382119835e-05,
        5.7050066415238114e-05,
        5.898298902904667e-05,
        5.674537725577753e-05,
        5.5360478141952435e-05,
        4.978212960563006e-05,
        4.6976775134968004e-05,
        4.607757547307157e-05,
        4.691928218897757e-05,
        4.473486198620728e-05,
        4.441843568943832e-05,
        4.375156496567606e-05,
        4.3221124168140754e-05,
        4.2964113468578464e-05,
        4.2014089529785496e-05,
        4.073744058587181e-05,
        4.1716618723177434e-05,
        4.076169266538368e-05,
        4.046325420691382e-05,
        4.05893760896441e-05,
        3.968450682877071e-05,
        3.8851320142911345e-05,
        3.690799560684498e-05
    ],
    "val_mse_history": [
        0.0015836204426786695,
        0.0013805115618475128,
        0.0011299313853128596,
        0.00093692052062962,
        0.0008182025825364561,
        0.0007136085109701642,
        0.0006302418870199097,
        0.0005684266240248212,
        0.0004949984627219381,
        0.00045516015355136783,
        0.00041767892766993045,
        0.000420954032995309,
        0.0003633843399369577,
        0.00035573441104452835,
        0.00035403655904262226,
        0.000317502401104509,
        0.00031085172531615296,
        0.00029278300441137965,
        0.00028901655746324935,
        0.0003010847019447072,
        0.000286728110093631,
        0.0003040506540849466,
        0.0002626709703791257,
        0.0002536507021301906,
        0.0002486368722174634,
        0.0002654341850822598,
        0.00029471370940438305,
        0.00026036526405157653,
        0.00022889451326937697,
        0.0002498731541481648,
        0.0002335634471844479,
        0.0002687108172670381,
        0.0002318300551827489,
        0.00019779217158172546,
        0.00020101229771388754,
        0.00020006955774974644,
        0.00019816832635316336,
        0.000192987402748691,
        0.0001943091487767699,
        0.0001899864471736347,
        0.00020843695917653645,
        0.00018178736624565852,
        0.00019062719454733998,
        0.0001780308313251595,
        0.00019084653633513832,
        0.0001903378039766762,
        0.00017947176283580418,
        0.00018315598403507308,
        0.00017469235067204202,
        0.00017294516650714786,
        0.0001746240994815351,
        0.0001749959899364478,
        0.00017100236217448857,
        0.00016945628259323547,
        0.00017310021248320308,
        0.0001692191197104044,
        0.00016772437110619025,
        0.00017322245101915047,
        0.00017316797790999,
        0.00018031947160038282,
        0.0001567111315294862,
        0.00017530097791210197,
        0.00016723075233561824,
        0.00016733059553832304,
        0.0001631630840433389,
        0.00016142276627576944
    ],
    "test_metrics_scaled": {
        "MAE": 0.016467123476481414,
        "MSE": 0.0005841643573452769,
        "MdAE": 0.011355279944837093,
        "Pred(50)": 0.38030250347705147
    },
    "test_metrics_real": {
        "MAE": 0.1317369878118513,
        "MSE": 0.037386518870097724,
        "MdAE": 0.09084223955869675,
        "Pred(50)": 0.38030250347705147
    }
}