{
    "run_id": 9,
    "seed": 50,
    "elapsed_sec": 209.2933223247528,
    "best_val_mse": 0.00027791852765167804,
    "epochs_trained": 60,
    "train_loss_history": [
        0.0015289144576404636,
        0.0011919969681567684,
        0.0009890973707584443,
        0.0008014470630242661,
        0.000639656149073026,
        0.0005438984696152866,
        0.00042438332671161714,
        0.00037734780761590963,
        0.0003365627649442391,
        0.0002852910147377866,
        0.0002617558555376538,
        0.00023637994740535138,
        0.00021725357406754292,
        0.00019760832842860652,
        0.00018018351242254108,
        0.0001737675378133549,
        0.00017384843488750783,
        0.00015238823693499925,
        0.0001461314275375595,
        0.00014480310632566934,
        0.00013422530411174338,
        0.00012849393159309615,
        0.00012696913134756246,
        0.00012199116414864732,
        0.00011280744129180676,
        0.00011240492795446986,
        0.00010346324720414582,
        0.00010478086516741314,
        0.00010138676910365145,
        9.545098908586768e-05,
        9.106860100808645e-05,
        8.929306095715698e-05,
        8.884587130428132e-05,
        8.729851972116433e-05,
        8.325878519300252e-05,
        8.367784262382453e-05,
        8.246818409373334e-05,
        8.136246789514476e-05,
        7.406605568288988e-05,
        7.181003550996187e-05,
        7.734079480590146e-05,
        6.729827108948054e-05,
        7.179228634796393e-05,
        7.188474494940142e-05,
        6.632271064326664e-05,
        6.358639197012388e-05,
        4.948548810213987e-05,
        4.792358544148699e-05,
        4.4254060546671484e-05,
        4.384005764390359e-05,
        4.323793463610951e-05,
        4.3381992170572246e-05,
        4.3750266529155184e-05,
        4.138991777118032e-05,
        4.063877191272599e-05,
        3.9946076816896065e-05,
        4.239453820374413e-05,
        3.85323733043582e-05,
        3.831604264202102e-05,
        3.290169814638495e-05
    ],
    "val_mse_history": [
        0.001554611595248253,
        0.0013489808543600808,
        0.0011811110915027942,
        0.0010623928699679665,
        0.0008736997630683472,
        0.00081650325472618,
        0.0006975919091961975,
        0.0006855959965025674,
        0.0005918456373853729,
        0.0005360859572029558,
        0.0005133139024128609,
        0.0004690787809879503,
        0.000536656262269606,
        0.0004256197460444485,
        0.00043648289107817514,
        0.0004140822930446259,
        0.00039223811811045717,
        0.00040314271465501913,
        0.0004547028493851532,
        0.0003729092266255631,
        0.000386017337253697,
        0.0003807399029940083,
        0.00035307379277048476,
        0.0003517807569889513,
        0.0003470957822421733,
        0.00034979672200830463,
        0.00034447827960874794,
        0.00035769391581868127,
        0.0003658856912301793,
        0.000328258383318469,
        0.0003542764324478624,
        0.00032964650127047045,
        0.00032895604171196313,
        0.00032448783437580644,
        0.0003201172765782401,
        0.00033326831519565794,
        0.00031805095900899993,
        0.00032797150153279986,
        0.00031033206563382034,
        0.000312634881199769,
        0.00032293723038668437,
        0.00029826513004128566,
        0.0003252242583737019,
        0.0003122055583713432,
        0.00031067377934281714,
        0.00031601256320349335,
        0.0002916678091283223,
        0.00028490328876095295,
        0.00028365616759559644,
        0.00029240595867654123,
        0.0002873727079808285,
        0.00027810405337353063,
        0.0002898433471430906,
        0.00029328657338720043,
        0.00027791852765167804,
        0.0002801335002784403,
        0.0002870441145907788,
        0.00028943444496433765,
        0.0002843389323598064,
        0.0002789541830243873
    ],
    "test_metrics_scaled": {
        "MAE": 0.018118896906204694,
        "MSE": 0.0006954141373051169,
        "MdAE": 0.012750405818223953,
        "Pred(50)": 0.33925015152827087
    },
    "test_metrics_real": {
        "MAE": 0.14495117524963755,
        "MSE": 0.04450650478752748,
        "MdAE": 0.10200324654579163,
        "Pred(50)": 0.33925015152827087
    }
}