{
    "run_id": 10,
    "seed": 51,
    "elapsed_sec": 193.39240169525146,
    "best_val_mse": 0.00019740126682476746,
    "epochs_trained": 57,
    "train_loss_history": [
        0.0015916722738582299,
        0.0012817398827418831,
        0.0010687535183502692,
        0.0008615089369528792,
        0.0007086468320669251,
        0.0006032859118912663,
        0.0005115031960150718,
        0.00043047601071042376,
        0.0003763990648708147,
        0.0003346498160164246,
        0.00029719115177661144,
        0.00026205572445178407,
        0.0002366426112271974,
        0.00021371226530103932,
        0.00020549487172262927,
        0.0001850952044447982,
        0.00017792464409706698,
        0.00016651347337181887,
        0.00015574346046138854,
        0.00014628835711176324,
        0.0001456743454352698,
        0.00013257380874021787,
        0.00012559441546201064,
        0.00012964588013442393,
        0.0001232264371834677,
        0.00011422303759996124,
        0.0001049442720499141,
        0.00011349936888923127,
        9.801089688871319e-05,
        0.0001016610900708321,
        9.760520180335381e-05,
        9.840914497975686e-05,
        9.338210999550555e-05,
        8.538966375023225e-05,
        6.954570986588232e-05,
        6.454814784678762e-05,
        6.40578544612493e-05,
        6.176329548284948e-05,
        6.155270011923245e-05,
        5.945260643688686e-05,
        5.9490087119947454e-05,
        5.677099991005793e-05,
        5.585459818719659e-05,
        4.910195980827618e-05,
        4.686739610310485e-05,
        4.656971765000076e-05,
        4.629106756558605e-05,
        4.569070750054188e-05,
        4.492306354533962e-05,
        4.39301985321244e-05,
        4.32575598070846e-05,
        4.22963751373716e-05,
        4.27981710378701e-05,
        4.3136320394200755e-05,
        4.105022256010814e-05,
        4.084272562857605e-05,
        3.854015002066023e-05
    ],
    "val_mse_history": [
        0.0016135872315749902,
        0.0013734520248384547,
        0.0012248685571834917,
        0.00102534975216321,
        0.0008091923461666026,
        0.0007273891891374579,
        0.0006413559142324602,
        0.0006228750309017064,
        0.0005244840705409129,
        0.0004731902506042424,
        0.0004521409539205107,
        0.00041684817156611986,
        0.0003948480689611986,
        0.00035793237374686005,
        0.00034205000965803207,
        0.0003256796254654967,
        0.00033586278810771334,
        0.00034780127630590715,
        0.00031157014974682383,
        0.0003165856342605638,
        0.0003025739368349291,
        0.00028797294510254007,
        0.00028502909128083696,
        0.0002835605389075253,
        0.00031196201307652895,
        0.0002709153392983781,
        0.00035713087354108256,
        0.00025390720817377574,
        0.00027743536870347306,
        0.00024994394178258825,
        0.00025887539143981154,
        0.00025578280926636456,
        0.00025183300084104726,
        0.0002684999276394832,
        0.00022891365844927687,
        0.0002264738779208902,
        0.00023542473853209174,
        0.0002220256397021306,
        0.00021579231865834325,
        0.00022348203996226765,
        0.00022763730931782996,
        0.00022806980888807145,
        0.00021610957889172094,
        0.00021493724474511925,
        0.00020896511819035684,
        0.0002099137533910497,
        0.00021873793362546144,
        0.00020100416753905152,
        0.0002014752104631835,
        0.0002172802510142318,
        0.0002139404433571216,
        0.00019740126682476746,
        0.00021467237194951923,
        0.0001999612653232589,
        0.0002088232443610395,
        0.0002098355581733665,
        0.00020087887786565854
    ],
    "test_metrics_scaled": {
        "MAE": 0.01817537175748548,
        "MSE": 0.0007882720202600468,
        "MdAE": 0.012430977076292038,
        "Pred(50)": 0.3564830951551063
    },
    "test_metrics_real": {
        "MAE": 0.14540297405988384,
        "MSE": 0.050449409296642996,
        "MdAE": 0.0994478166103363,
        "Pred(50)": 0.3564830951551063
    }
}