{
    "run_id": 8,
    "seed": 49,
    "elapsed_sec": 210.11550951004028,
    "best_val_mse": 0.00014861107141756567,
    "epochs_trained": 60,
    "train_loss_history": [
        0.0016084815620974711,
        0.0012948589916815859,
        0.001126700386322275,
        0.0009215051451380868,
        0.0007545771871733259,
        0.0006186222962691988,
        0.0005168760622281728,
        0.0004129052440571525,
        0.00038302186439595015,
        0.0003253795932553323,
        0.00028551465951558814,
        0.00025860132424752104,
        0.0002316083721550393,
        0.00021020165041447494,
        0.0001978589897044003,
        0.00018144123237442202,
        0.00017026416526948052,
        0.00016052654289715543,
        0.00015350220369950157,
        0.00014218845897439198,
        0.00013458693715955107,
        0.00013451494085146758,
        0.00012279916611221682,
        0.00012119822567815151,
        0.00011751653221118,
        0.00010874581466132919,
        0.00010586883243089879,
        0.00010681066979534655,
        9.763778173261304e-05,
        0.00010434606087121785,
        9.856556436764214e-05,
        8.750766426026913e-05,
        9.628963505651642e-05,
        8.706330622819798e-05,
        8.584674078807248e-05,
        8.39500430734724e-05,
        8.711347437096457e-05,
        7.72552189312735e-05,
        8.04864815123246e-05,
        7.306042411839467e-05,
        7.653202610239724e-05,
        5.585442798052865e-05,
        5.26916905202693e-05,
        5.1340147944134326e-05,
        5.028647365801781e-05,
        4.9363929888625676e-05,
        4.7605627197347195e-05,
        4.6547104370084095e-05,
        4.5589083394923745e-05,
        4.5380451324969106e-05,
        3.9498020596870204e-05,
        3.860979338481373e-05,
        3.755767979112677e-05,
        3.802121319638804e-05,
        3.708101149401811e-05,
        3.669854762967206e-05,
        3.654941634785676e-05,
        3.5372782180466426e-05,
        3.4852945539832464e-05,
        3.334637850194236e-05
    ],
    "val_mse_history": [
        0.0012401837535966544,
        0.0011492271526920732,
        0.0009361378951769711,
        0.0007888112555515225,
        0.00068166072960863,
        0.0005926333424949668,
        0.000530662072269847,
        0.00048087951709272826,
        0.0004353085464613913,
        0.0004026861798085322,
        0.00038487798428697457,
        0.0003670107944483618,
        0.00035381448569505886,
        0.00032598842708075096,
        0.00031579599030406435,
        0.00029985598251629946,
        0.0002821690501485241,
        0.00028374279530565897,
        0.00027608244007153843,
        0.00027961235080760594,
        0.0002754147508333223,
        0.0002580775662727643,
        0.00024824430294561527,
        0.0002461713938129011,
        0.0002308476856451165,
        0.0002403201819960298,
        0.0002449055129970643,
        0.00022585688678659614,
        0.00022314809286965107,
        0.00020820330624046724,
        0.0002251482381946246,
        0.00023042373416676503,
        0.0002077416480299321,
        0.00020606229052214076,
        0.00019217989340188524,
        0.00021909240239761837,
        0.00018294065500268307,
        0.00019640966039933467,
        0.00020032517066832065,
        0.00020092576890298853,
        0.00021116576726799518,
        0.00017785411189519842,
        0.00016885375286239618,
        0.00017141746604528043,
        0.00017270534538449308,
        0.0001659273329131037,
        0.00017505834446406485,
        0.0001702498916212647,
        0.00016884030022056368,
        0.00017170438267948476,
        0.00016217074439730904,
        0.00016228323009876436,
        0.0001656114420342563,
        0.0001668491434730134,
        0.00014861107141756567,
        0.0001532540507314144,
        0.0001499677961371651,
        0.00014884254398244426,
        0.00015076770847968443,
        0.00015270783958817557
    ],
    "test_metrics_scaled": {
        "MAE": 0.01913489020514888,
        "MSE": 0.0008192670387121753,
        "MdAE": 0.012617312371730804,
        "Pred(50)": 0.34650191437521755
    },
    "test_metrics_real": {
        "MAE": 0.15307912164119103,
        "MSE": 0.05243309047757922,
        "MdAE": 0.10093849897384644,
        "Pred(50)": 0.34650191437521755
    }
}