{
    "run_id": 7,
    "seed": 48,
    "elapsed_sec": 261.84104585647583,
    "best_val_mse": 0.00013369605280106112,
    "epochs_trained": 75,
    "train_loss_history": [
        0.0016333466724685615,
        0.0012469666958388284,
        0.0010999475846964694,
        0.0009105297967394826,
        0.0007211892103039549,
        0.0005961313090474026,
        0.0005202111484648317,
        0.0004217825112879693,
        0.0003762061572017142,
        0.0003318852932639665,
        0.0002896558940253607,
        0.0002606159316660763,
        0.0002435879638984548,
        0.00021460186961983133,
        0.0002030888073300287,
        0.0001915499543113248,
        0.00017597557492703538,
        0.00016950032659415707,
        0.00015237288225092158,
        0.00015271149011919318,
        0.00014311533685510146,
        0.00013964337847841978,
        0.0001317724988123365,
        0.00012858502883605788,
        0.00012785586527618427,
        0.0001192436386411014,
        0.00011256922289631851,
        0.00011139231214034034,
        0.00010858941919363324,
        0.00010863157220563536,
        0.0001016845771942156,
        0.00010064174290930264,
        0.00010428909491996532,
        9.883959650515432e-05,
        7.421988298741972e-05,
        6.775090299302782e-05,
        6.480884868276342e-05,
        6.638430483929513e-05,
        6.41613818621217e-05,
        6.384484774714923e-05,
        6.24899375261042e-05,
        6.138927712479352e-05,
        5.767596839943603e-05,
        5.9921101836775243e-05,
        5.5943425157621324e-05,
        5.480225006833375e-05,
        5.7465312497458255e-05,
        5.657854379071643e-05,
        5.036497794160249e-05,
        5.2412413839001125e-05,
        5.228654162764494e-05,
        4.9334127610755356e-05,
        5.144622768440106e-05,
        5.1569859549425404e-05,
        4.72039694695444e-05,
        4.842813124852048e-05,
        4.714290440413032e-05,
        4.828763841535539e-05,
        4.986195604487875e-05,
        4.430608495711471e-05,
        4.375580158849564e-05,
        4.599669075320746e-05,
        4.400998231678961e-05,
        4.21090095043933e-05,
        4.3322018846323004e-05,
        4.298180896368745e-05,
        4.33452430776302e-05,
        4.065605734946362e-05,
        3.5319817895804976e-05,
        3.346278070107713e-05,
        3.405965927210051e-05,
        3.280971723286616e-05,
        3.251402148323809e-05,
        3.2668651635839e-05,
        2.9875217971350236e-05
    ],
    "val_mse_history": [
        0.0013602682816922385,
        0.001233501678468761,
        0.001048629353748208,
        0.0008858164986851562,
        0.0007625822667977434,
        0.0007294611019600572,
        0.0005873609386238637,
        0.00047595501445947064,
        0.0004703819073044059,
        0.00040128809088752236,
        0.00037049832474726616,
        0.00032001769208825343,
        0.00033496314844959146,
        0.00031297133345516907,
        0.0002981225952751067,
        0.00028735285507980985,
        0.000261694641402388,
        0.00030577684688604356,
        0.00024337525439332823,
        0.00025314913702669103,
        0.0002401904119568658,
        0.0002401113870594502,
        0.0002493486589392644,
        0.00023072540893928596,
        0.00023353421135174178,
        0.0002070058012143809,
        0.00023617027901705237,
        0.00021436582253366672,
        0.00021227084717279104,
        0.0001875963315081972,
        0.00023942539896050323,
        0.0001933999608578809,
        0.0001985655875012091,
        0.00018919573628543078,
        0.0001715853081279522,
        0.00017138951624842268,
        0.00016755114363817681,
        0.0001679469544271163,
        0.00016669208701404332,
        0.00017061362393289983,
        0.00016535485728427427,
        0.00016913647348813183,
        0.00015917004912324655,
        0.0001598678921112898,
        0.0001618328432480519,
        0.00015584635473066575,
        0.00015814488121028425,
        0.000155690091722968,
        0.00015727317179837892,
        0.00016339257291848882,
        0.0001545086794470193,
        0.00015289843874710988,
        0.0001520960811602578,
        0.00015645548198039088,
        0.0001513083452362423,
        0.0001539257729601163,
        0.0001534828820006831,
        0.00015147706758175192,
        0.00014818835668055323,
        0.00015108347342901874,
        0.00015149140969775144,
        0.00015746335027710595,
        0.00014736168945062714,
        0.00014428093856877144,
        0.00014587195960038716,
        0.00015048814744781137,
        0.0001449802639985964,
        0.0001501253413465541,
        0.00014011034029370642,
        0.00013369605280106112,
        0.00013997684513294184,
        0.00013898646942238894,
        0.00013940332707124703,
        0.0001370640279398084,
        0.00013493709572861347
    ],
    "test_metrics_scaled": {
        "MAE": 0.018275926400832938,
        "MSE": 0.000716957661972254,
        "MdAE": 0.013054080307483673,
        "Pred(50)": 0.3574464394136525
    },
    "test_metrics_real": {
        "MAE": 0.1462074112066635,
        "MSE": 0.045885290366224254,
        "MdAE": 0.10443264245986938,
        "Pred(50)": 0.3574464394136525
    }
}