{
    "run_id": 1,
    "seed": 42,
    "elapsed_sec": 195.3062777519226,
    "best_val_mse": 0.0002864857304556282,
    "epochs_trained": 56,
    "train_loss_history": [
        0.0015332426489208285,
        0.0012731759724173522,
        0.0010249914912281767,
        0.0008318601821175483,
        0.0006699993816666966,
        0.0005317774331763901,
        0.00044554575871811003,
        0.0003737238183269878,
        0.0003245372198829213,
        0.0002868027028326699,
        0.00025189598722806153,
        0.0002308480675990148,
        0.00021603840889024707,
        0.0001963048956186915,
        0.00018710397891003307,
        0.0001723414439823644,
        0.00016741722874652815,
        0.00015395732805891863,
        0.00014660752377829722,
        0.00014278624235502274,
        0.00013664698302722842,
        0.00012883099711823314,
        0.00012261706796332298,
        0.00011955315971806015,
        0.0001133840617675512,
        0.00011216400490842429,
        0.00010590379437225669,
        0.0001001451547084511,
        0.00010541701755659903,
        9.746407219273878e-05,
        0.00010034773479147637,
        8.638519597489473e-05,
        9.000344577112916e-05,
        8.621955581187841e-05,
        8.951344129711384e-05,
        7.971831932656259e-05,
        8.324514734771296e-05,
        7.903291677274338e-05,
        7.553406708929718e-05,
        7.631617291496551e-05,
        7.61294963582546e-05,
        6.828287285028828e-05,
        7.406370109062041e-05,
        7.276303528574078e-05,
        6.5772227742759e-05,
        6.991957323359536e-05,
        5.041342952560961e-05,
        4.687493371085637e-05,
        4.6318903664781065e-05,
        4.552400396326113e-05,
        4.5401505065839094e-05,
        4.3705151958755254e-05,
        4.286931282565906e-05,
        4.266012830588519e-05,
        4.1727164846777574e-05,
        3.6213363161407054e-05
    ],
    "val_mse_history": [
        0.001427030586300622,
        0.001271599123154071,
        0.0011054438848319146,
        0.0009971344346634636,
        0.0008444843664226952,
        0.0007446309577387026,
        0.0006610406627436137,
        0.0006174229730510054,
        0.0005761906898692278,
        0.0005432098506825786,
        0.0005253142914695592,
        0.0004939550484759534,
        0.0004633657007298954,
        0.0004412636732135983,
        0.0004604913106588282,
        0.00044009464934716743,
        0.00041927656795300256,
        0.0003970672267555919,
        0.00038989752950151636,
        0.0003977332562236453,
        0.0003800365843237428,
        0.0003758097933216589,
        0.00036518891474121405,
        0.0003616758064621752,
        0.00036838303451772967,
        0.0003715210132725513,
        0.0003422882242196382,
        0.0003662053057218865,
        0.0003450247372903123,
        0.00037960487370107744,
        0.0003365292120559863,
        0.00034573306714397493,
        0.0003352273590187222,
        0.0003315376550076977,
        0.00033482616885545835,
        0.0003361067678481914,
        0.0003441986841675131,
        0.00032644806784141225,
        0.0003269775191836266,
        0.000318638350876079,
        0.00033573395989536546,
        0.00031798362659127006,
        0.00035131318954308643,
        0.00032102828627936274,
        0.0003364646401235655,
        0.0003365140185244916,
        0.0002993646537631263,
        0.00030235198483775504,
        0.00029486047713838027,
        0.0002967457085565745,
        0.0002864857304556282,
        0.0002947355533236352,
        0.00029448375817915927,
        0.0002967862345377335,
        0.00029680734696296954,
        0.000294330195891886
    ],
    "test_metrics_scaled": {
        "MAE": 0.018073561459891533,
        "MSE": 0.0007047344207735932,
        "MdAE": 0.012468364089727402,
        "Pred(50)": 0.34746575939980806
    },
    "test_metrics_real": {
        "MAE": 0.14458849167913226,
        "MSE": 0.045103002929509965,
        "MdAE": 0.09974691271781921,
        "Pred(50)": 0.34746575939980806
    }
}