{
    "run_id": 8,
    "seed": 49,
    "elapsed_sec": 227.88173079490662,
    "best_val_mse": 0.000492213379759405,
    "epochs_trained": 55,
    "train_loss_history": [
        0.0015745304120473396,
        0.0011672797118156492,
        0.0011279296961293917,
        0.0010066010926854199,
        0.0009480934180815377,
        0.0009144831855868475,
        0.0008643892454772349,
        0.0008334018750018167,
        0.000786401388186268,
        0.0007488121204484319,
        0.0007220072253009783,
        0.0007154617091196698,
        0.0006633541628205773,
        0.0006389093093325893,
        0.0006225421497140442,
        0.0006133813175324457,
        0.0005875914144661589,
        0.0005728107111476092,
        0.0005718303122890456,
        0.0005633373056356027,
        0.0005456980599980713,
        0.0005276357879248374,
        0.0004933990571752646,
        0.0005079569401061157,
        0.0005170960415754761,
        0.00048363280982170623,
        0.0004894840714029001,
        0.0004903246932110777,
        0.0004911465743897415,
        0.0004608193564226412,
        0.00046030895326558635,
        0.00046149462623011443,
        0.0004539857512986624,
        0.0004493237947850516,
        0.00042855181664406937,
        0.0004136077460031433,
        0.0004313502190896346,
        0.00040381690840019484,
        0.0003972905543907187,
        0.0003845384102604916,
        0.0003780315910773347,
        0.00039155045908820463,
        0.000376359352928293,
        0.00037429197522088144,
        0.0003596041939614663,
        0.0003737809585381967,
        0.0003765224683736356,
        0.00035188555848511213,
        0.00035871234377963173,
        0.00035831593990721873,
        0.00034914404660070747,
        0.0003479731416344778,
        0.0003453501113293476,
        0.0003415289458509721,
        0.0003344766090654743
    ],
    "val_mse_history": [
        0.0012749439926775332,
        0.0011749689219033056,
        0.0011115706186238458,
        0.001065451494655596,
        0.0011213874237622577,
        0.0009772269238268138,
        0.0009158277880368714,
        0.0009291711791308908,
        0.0008997087641700377,
        0.0008863651701482,
        0.0008512474318531112,
        0.0008244572003042529,
        0.0007634079232291845,
        0.0007649220907432847,
        0.0007535793393446896,
        0.0007200291066683629,
        0.0007128644122658839,
        0.0007011711037281441,
        0.0006996012047764524,
        0.0006757031591117296,
        0.0006372167050206975,
        0.0006298815257513341,
        0.0006685150356893725,
        0.0006318552258967352,
        0.0006375795962048714,
        0.0006196691709152114,
        0.0006023109707500796,
        0.0006417225681086957,
        0.0005767152615471192,
        0.0006788763848678388,
        0.0006015651030110469,
        0.0005857989315472342,
        0.0005563807183784933,
        0.0005639045004207751,
        0.000585048525363303,
        0.0006016677515378955,
        0.0005695614406048771,
        0.0005457609701823062,
        0.0005397182178776746,
        0.0005537503713640789,
        0.000567282830040489,
        0.0005457480091002019,
        0.0005279635955245577,
        0.0005330589334792299,
        0.0005329771227078337,
        0.0005490347334317991,
        0.0005408806941742209,
        0.0004969781621270638,
        0.000518275420278305,
        0.000492213379759405,
        0.0005534266126184862,
        0.0005070462108347645,
        0.0005242141044797819,
        0.0004970375119478063,
        0.0004998342343109576
    ],
    "test_metrics_scaled": {
        "MAE": 0.03153068404039089,
        "MSE": 0.0020845809349469393,
        "MdAE": 0.02238859236240387,
        "Pred(50)": 0.4824775112443778
    },
    "test_metrics_real": {
        "MAE": 1.07204325737329,
        "MSE": 2.409775560798662,
        "MdAE": 0.7612121403217316,
        "Pred(50)": 0.4824775112443778
    }
}