{
    "run_id": 1,
    "seed": 42,
    "elapsed_sec": 145.68990802764893,
    "best_val_mse": 0.0005654710459576962,
    "epochs_trained": 34,
    "train_loss_history": [
        0.0014232498691282207,
        0.0011881180386896426,
        0.0011083936743062348,
        0.0010429531320938067,
        0.0009586411388463735,
        0.0009096616131037185,
        0.0008716437783490265,
        0.0008268738046932228,
        0.0007721689885807332,
        0.0007393550110580683,
        0.0007166124324365599,
        0.0006914853611618484,
        0.0006626668621414766,
        0.0006486392126944064,
        0.0006498078268109959,
        0.0006263936018865113,
        0.0005940441132850379,
        0.0006095465330751545,
        0.0005841695982195124,
        0.0005772021977974795,
        0.0005723753535132514,
        0.000557667323272077,
        0.0005666757875137302,
        0.0005460710758754154,
        0.0005259017367349773,
        0.000534606118276954,
        0.0005405484460124257,
        0.0005466685069148111,
        0.0005090585409197389,
        0.0004864708989998453,
        0.0005019103837156565,
        0.0004934820410840544,
        0.0004978987626288115,
        0.000481608363007845
    ],
    "val_mse_history": [
        0.0011902320817947874,
        0.0009794679616408216,
        0.0010110615762332423,
        0.0009832884833563841,
        0.0009068886109989443,
        0.0008213656587796771,
        0.0008708750418567092,
        0.0007946216951312667,
        0.0007775526034676673,
        0.0007260545151068538,
        0.000668230533810527,
        0.000728087508811639,
        0.0007384104182939069,
        0.0006704599022758164,
        0.0006913124598453925,
        0.000622669194542981,
        0.0006745737912200032,
        0.0006279232378988478,
        0.00065612380142198,
        0.0005984349191060059,
        0.0006775960922958946,
        0.0006273655135235746,
        0.0006725038325188362,
        0.0005802705710168392,
        0.0006088505695805936,
        0.0006105037863336662,
        0.0006296188118558991,
        0.0005885769893113173,
        0.0005654710459576962,
        0.0005682790498988686,
        0.0005736633336122955,
        0.0006255543725292228,
        0.0006069723548849299,
        0.0006074510720493649
    ],
    "test_metrics_scaled": {
        "MAE": 0.030132653873215856,
        "MSE": 0.0018771716878088543,
        "MdAE": 0.02169572003185749,
        "Pred(50)": 0.48619977469019904
    },
    "test_metrics_real": {
        "MAE": 1.024510231689339,
        "MSE": 2.1700104711070356,
        "MdAE": 0.7376544810831547,
        "Pred(50)": 0.48619977469019904
    }
}