{
    "run_id": 5,
    "seed": 46,
    "elapsed_sec": 105.13036584854126,
    "best_val_mse": 0.0005857930943302911,
    "epochs_trained": 25,
    "train_loss_history": [
        0.0015462783038071718,
        0.0012345912711621608,
        0.0011130514586728435,
        0.001054213848987119,
        0.0009250720189987576,
        0.0008926662665432752,
        0.0008797212024458736,
        0.0008127061385803491,
        0.0007787384683667013,
        0.0007523277603294021,
        0.0007111643319487965,
        0.0006935618269118578,
        0.0006722188685156582,
        0.0006447027998992884,
        0.0006217056837231325,
        0.000592419086240324,
        0.0006078900541875133,
        0.0005981625696235431,
        0.0005811912152716516,
        0.0005286864065137243,
        0.0005557113675362819,
        0.000537154305275029,
        0.0005060460451935186,
        0.0005274484748410747,
        0.0004981056509364469
    ],
    "val_mse_history": [
        0.0012171243961658794,
        0.0010633760973632821,
        0.000974155271377292,
        0.0009455137083171965,
        0.0009726776541794253,
        0.0008943437725405032,
        0.0007876941964853249,
        0.000815094677593301,
        0.0008102462410976082,
        0.000713714878364514,
        0.0007196369546638578,
        0.0006638093259354346,
        0.0006606129337277138,
        0.0006715664811379048,
        0.0006560060369494546,
        0.0006226358474485784,
        0.000650942062374714,
        0.0006036317133756323,
        0.0006007969488217955,
        0.0005857930943302911,
        0.0006503108571646747,
        0.0006129541311647349,
        0.0005926170373761846,
        0.0006047473034499443,
        0.0005986916202795926
    ],
    "test_metrics_scaled": {
        "MAE": 0.031062793892998444,
        "MSE": 0.002218851893637684,
        "MdAE": 0.0215244609862566,
        "Pred(50)": 0.5025385483264385
    },
    "test_metrics_real": {
        "MAE": 1.0561349923619472,
        "MSE": 2.5649927890451623,
        "MdAE": 0.7318316735327244,
        "Pred(50)": 0.5025385483264385
    }
}