{
    "run_id": 7,
    "seed": 48,
    "elapsed_sec": 173.1907081604004,
    "best_val_mse": 0.0004709883756663603,
    "epochs_trained": 41,
    "train_loss_history": [
        0.0015518540753187678,
        0.0012168991603245562,
        0.0011210744623450343,
        0.0010479110200933262,
        0.0009460787180886334,
        0.0008795620646940641,
        0.0008751337911034531,
        0.0008394631412926963,
        0.0007749592054973236,
        0.0007677884401974504,
        0.0007347611476372008,
        0.0007077757813415594,
        0.0006688664356758952,
        0.00066858659177093,
        0.0006162696818411649,
        0.0005981670977317236,
        0.0006026882595342594,
        0.0005873161626775482,
        0.0005604769347079624,
        0.0005600108228601971,
        0.0005617673366366331,
        0.0005320505966233663,
        0.00052709240145881,
        0.0005099888472068982,
        0.00048783306267066945,
        0.0005006910040181455,
        0.00048572661754328156,
        0.0004777107820496198,
        0.00047560568126642623,
        0.0004556049896178085,
        0.0004511833929931154,
        0.0004327567007186056,
        0.0004028996916571218,
        0.0004353376390420415,
        0.00042116252046711883,
        0.00038765712851387355,
        0.0003727827339289159,
        0.0003931445789855164,
        0.0003737112147650952,
        0.0003962981832041621,
        0.00036017596411796343
    ],
    "val_mse_history": [
        0.0011084117377340248,
        0.0009357975629222796,
        0.0009688033539414617,
        0.0008858249205684076,
        0.000850000310920703,
        0.0007216161030237102,
        0.0007076102535428879,
        0.0007750320046351184,
        0.0006754045865386559,
        0.0006772160542753718,
        0.0006696735409238765,
        0.0006624092305655448,
        0.0006503023521338345,
        0.0006244893516698467,
        0.0005964712860198764,
        0.0006058568407061594,
        0.0006157346574730015,
        0.0005956912545476187,
        0.0006236409870693369,
        0.0006309845770176919,
        0.0005976212714511026,
        0.0005677856295757019,
        0.0005456970900265235,
        0.0005507321370107771,
        0.0005381070469415574,
        0.0005691276549312403,
        0.0005619958691936592,
        0.0005136673401879114,
        0.0005969292217711118,
        0.0005201073870763988,
        0.0004897362527662499,
        0.0005120436114740787,
        0.0005665953994230558,
        0.0005297510026903164,
        0.0005218578090348802,
        0.0004709883756663603,
        0.0005158756088547899,
        0.0004974269147015659,
        0.0004848443587120067,
        0.00047215767924235226,
        0.0004784411038719533
    ],
    "test_metrics_scaled": {
        "MAE": 0.03208973248081682,
        "MSE": 0.0021212600914002782,
        "MdAE": 0.02264932543039322,
        "Pred(50)": 0.47762316660398646
    },
    "test_metrics_real": {
        "MAE": 1.0910509043477719,
        "MSE": 2.4521766656587216,
        "MdAE": 0.7700770646333694,
        "Pred(50)": 0.47762316660398646
    }
}