{
    "run_id": 9,
    "seed": 50,
    "elapsed_sec": 227.62632966041565,
    "best_val_mse": 0.00045759960344059556,
    "epochs_trained": 56,
    "train_loss_history": [
        0.0018365788826970656,
        0.0012287683787535922,
        0.0011313627681537564,
        0.0010198805490000797,
        0.0009580265609699224,
        0.0009395014213651099,
        0.0008795530545600299,
        0.0008511983862270722,
        0.0008061974742747219,
        0.000779205383681582,
        0.000726410401458167,
        0.0007038868376235943,
        0.0006811130960018047,
        0.0006696191149169481,
        0.0006725513732976485,
        0.0006534129777768712,
        0.0006376348733591103,
        0.0006119739170820751,
        0.0006065352786421618,
        0.0005828977394379191,
        0.000568023857662227,
        0.0005405692645657151,
        0.0005375449785519299,
        0.0005334310776140174,
        0.0005054507237445923,
        0.000514656465657393,
        0.0004937370660956842,
        0.0004901038460374367,
        0.0004920944313291308,
        0.00046697474725714775,
        0.0004759822118817865,
        0.00046917288343803677,
        0.0004513533185199511,
        0.00045152249911100263,
        0.0004424678162111294,
        0.00045388187831880267,
        0.0004473450977527139,
        0.0004531749569758746,
        0.00043739106606322116,
        0.0004322167402888349,
        0.00041941646356863355,
        0.00042807459145813813,
        0.00044140888197874114,
        0.00043070960571405464,
        0.0004190969813822717,
        0.0004002124607077642,
        0.00039421567061813205,
        0.00040198111419423516,
        0.0004022844178799951,
        0.0003851157019403951,
        0.00038760802351317427,
        0.00040930189312125023,
        0.0003855634288420551,
        0.0004004730619002172,
        0.00036810512193898547,
        0.0003875067988169751
    ],
    "val_mse_history": [
        0.0010217730203079848,
        0.0009722285161329643,
        0.0009282988922720356,
        0.0008374238165832433,
        0.0007940301999460326,
        0.0007251753692270812,
        0.0007071359506381519,
        0.0006868309430993437,
        0.0007151591020983119,
        0.0006789889710735563,
        0.0006790108241325873,
        0.0006578249816542652,
        0.0006579880767653776,
        0.0006445270539448523,
        0.0006111875630723427,
        0.0005879596254493803,
        0.0005874521272394486,
        0.0005669265532405247,
        0.0005862428833798437,
        0.0005614277970423691,
        0.0005660464635913375,
        0.000582883623004064,
        0.0005895319060510902,
        0.0005726126572213508,
        0.0005536510714463552,
        0.0005231608391763989,
        0.0005525522495087858,
        0.0005519830268589753,
        0.0005101971187589878,
        0.0005389090638093916,
        0.00050900913119239,
        0.0005570804529808308,
        0.0005172623146075688,
        0.0005057982443521072,
        0.000502383002712592,
        0.0005135620254465525,
        0.0004937630952407031,
        0.0005329379473047047,
        0.0005041472896663024,
        0.00048387470013747504,
        0.0005143565673633376,
        0.0005273709991134725,
        0.0005305168008912476,
        0.00051658804079002,
        0.00047511538238305157,
        0.0005189237289683066,
        0.0005125802012518359,
        0.0004743172077893692,
        0.000503592103929887,
        0.0005120950518081803,
        0.00045759960344059556,
        0.0004998419163737225,
        0.0005341415591096276,
        0.0004710472125543126,
        0.0005247490539411202,
        0.0004899688964254791
    ],
    "test_metrics_scaled": {
        "MAE": 0.03348085368635293,
        "MSE": 0.002280569665622008,
        "MdAE": 0.02418452873826027,
        "Pred(50)": 0.4566929133858268
    },
    "test_metrics_real": {
        "MAE": 1.1383490253359996,
        "MSE": 2.6363385334590412,
        "MdAE": 0.8222739771008492,
        "Pred(50)": 0.4566929133858268
    }
}