{
    "run_id": 6,
    "seed": 47,
    "elapsed_sec": 257.50878071784973,
    "best_val_mse": 0.0004658028155514716,
    "epochs_trained": 61,
    "train_loss_history": [
        0.0013964585076764544,
        0.001179325229302182,
        0.0011145606213526676,
        0.000986860198051671,
        0.000915390737672293,
        0.000888356914001482,
        0.0008707959120006247,
        0.0007863057431492094,
        0.000758385026725046,
        0.0007711227373816186,
        0.0007149618842985671,
        0.0006856140385654714,
        0.0006481350087062374,
        0.0006495435602855262,
        0.0006246487196501196,
        0.0006009746455156129,
        0.0005860027801733645,
        0.0005880617439844011,
        0.0005911386936557479,
        0.000542128653438372,
        0.0005375197036279194,
        0.0005381802819217184,
        0.0005188698829427585,
        0.0005026238856632549,
        0.0005172847163346426,
        0.0005033132968697652,
        0.00048249731772670044,
        0.0004900096483859568,
        0.0004796792401160035,
        0.00045185556684844603,
        0.0004536365343631925,
        0.00044652695343887536,
        0.0004378134908142334,
        0.00041229469469983087,
        0.00044586442045641336,
        0.0004266528202900755,
        0.00041610133427206575,
        0.0004114328208056156,
        0.0004069292560750296,
        0.0003822523851281843,
        0.000378901832642691,
        0.00038334387228453813,
        0.00036813327911890066,
        0.000382776365769169,
        0.00038807912728491855,
        0.0003604564180336122,
        0.0003655249687186326,
        0.000348254762747928,
        0.00036506877372853103,
        0.0003650881958298378,
        0.00034227644786488887,
        0.0003472774822154551,
        0.0003308821196933555,
        0.00033867487947624895,
        0.00032570970955330514,
        0.00033855188575463753,
        0.000320027561071274,
        0.00032171527337263576,
        0.00031760900863510885,
        0.00031460630487588267,
        0.0002975214968337222
    ],
    "val_mse_history": [
        0.0011776008645910483,
        0.0011773001757700954,
        0.0009420829275982574,
        0.0009369084428264209,
        0.0009165408824404849,
        0.0009304384441251562,
        0.0008329707926259949,
        0.0007876880054827857,
        0.000817154017916996,
        0.0007259773962379362,
        0.0008037583829362002,
        0.0006935508269808076,
        0.000694639405633693,
        0.0007068768128025992,
        0.0006427359041604012,
        0.0006500223579752665,
        0.0006338101851639533,
        0.000637979506247564,
        0.00065010855479717,
        0.0006079035881012456,
        0.0006593134724828853,
        0.0005822908695060214,
        0.0005920528372617746,
        0.0005817220147446342,
        0.0005980586885110246,
        0.0005837658700452275,
        0.0005788442092297533,
        0.0005903582997185317,
        0.0005844729897475931,
        0.0005874831544285965,
        0.0005379407276333749,
        0.0005289533184007991,
        0.0005666733313705695,
        0.000566026594772001,
        0.0005519728479632499,
        0.0005066298904165197,
        0.0005322196467733184,
        0.0005011840791799367,
        0.0005521078345688706,
        0.0005393730297128251,
        0.0005047613363858117,
        0.0004966035852237387,
        0.00057779852011519,
        0.000522119876467517,
        0.0005006360727701987,
        0.0004914263087775734,
        0.0005151503733163609,
        0.0005361660120368819,
        0.0004898968074439894,
        0.0004913084860130669,
        0.0004927184561904346,
        0.0005405276471642125,
        0.0004702992088930591,
        0.0005280938770991964,
        0.00046671612460559455,
        0.0004658028155514716,
        0.000501726707732877,
        0.0005083918800811004,
        0.0005391638702838655,
        0.0005297548679101506,
        0.0005255267445845305
    ],
    "test_metrics_scaled": {
        "MAE": 0.032691260647671964,
        "MSE": 0.0021779035562707375,
        "MdAE": 0.0235595665872097,
        "Pred(50)": 0.4575096036728193
    },
    "test_metrics_real": {
        "MAE": 1.1115028620208467,
        "MSE": 2.5176565110489726,
        "MdAE": 0.8010252639651299,
        "Pred(50)": 0.4575096036728193
    }
}