{
    "run_id": 3,
    "seed": 44,
    "elapsed_sec": 134.4196755886078,
    "best_val_mse": 0.0005876677486559808,
    "epochs_trained": 32,
    "train_loss_history": [
        0.0016566627937843069,
        0.0012090128811025587,
        0.0011509380936172585,
        0.001070379773853377,
        0.0010068048435107914,
        0.0009321247813549028,
        0.0008732837936146821,
        0.0008074689003696525,
        0.0007755707599919274,
        0.0007719335192558751,
        0.0007161812962836133,
        0.0007027624573316865,
        0.0006926857922006776,
        0.0006763574613905311,
        0.0006636167277893501,
        0.0006331031263646316,
        0.0006359690104026158,
        0.0006176984843818545,
        0.0006017313914794144,
        0.0005412617503072348,
        0.0005671168623294997,
        0.0005550341489516246,
        0.000550962325949581,
        0.0005360864211794293,
        0.0005327013556091966,
        0.0005347605761286619,
        0.0005136316100003657,
        0.0005166753559917479,
        0.0004986501518618861,
        0.0005169219642933424,
        0.0005007188899150032,
        0.0005055227009716881
    ],
    "val_mse_history": [
        0.0011920807578831617,
        0.001200144368026331,
        0.0010602007518792005,
        0.0009453265350940595,
        0.0008840803995442453,
        0.0007924684395332197,
        0.0008419418690036513,
        0.000834299884166235,
        0.0007317531750081105,
        0.0007884218263878647,
        0.000755392934984282,
        0.0007304750153012173,
        0.0007036352297630776,
        0.0006664147922060832,
        0.0006822756681028112,
        0.0007172475071791189,
        0.000695742325424795,
        0.0006759476136709983,
        0.0006261668638511945,
        0.0006637558525280726,
        0.0006452631852068329,
        0.0006268104843780538,
        0.0005970155460998699,
        0.0006182264622816345,
        0.000639088691324235,
        0.0006099712980020496,
        0.0005876677486559808,
        0.0006123271201885992,
        0.000613944308367067,
        0.000616706275208403,
        0.0006338363411504537,
        0.0006061205231803397
    ],
    "test_metrics_scaled": {
        "MAE": 0.031302611325944404,
        "MSE": 0.0019998937616315733,
        "MdAE": 0.023391295224428177,
        "Pred(50)": 0.4669413747892864
    },
    "test_metrics_real": {
        "MAE": 1.0642887850821097,
        "MSE": 2.3118771884460987,
        "MdAE": 0.795304037630558,
        "Pred(50)": 0.4669413747892864
    }
}