{
    "run_id": 4,
    "seed": 45,
    "elapsed_sec": 143.29040622711182,
    "best_val_mse": 0.0005325806655053477,
    "epochs_trained": 34,
    "train_loss_history": [
        0.0016892778548216626,
        0.0011891657769192193,
        0.0010677163492751687,
        0.0010470503617137001,
        0.0010016911269933179,
        0.0009023847559159914,
        0.0008748226729975737,
        0.0008275377596363438,
        0.0007960419605279885,
        0.0007355522244404173,
        0.000726276784089833,
        0.0007315156933139147,
        0.00067866900820762,
        0.000659873358736916,
        0.0006357739369100373,
        0.0006218592541483983,
        0.0005961830615694163,
        0.000624482336740483,
        0.0005634929090701803,
        0.0005687376576534158,
        0.0005345156177091335,
        0.0005303768197427322,
        0.0005185866341697658,
        0.000523976083195379,
        0.0005189270610201794,
        0.0004989996672119371,
        0.0004962012125500428,
        0.0004878419728965687,
        0.00048127158363056805,
        0.0004779132976411184,
        0.0004770514765505945,
        0.00046329373116076814,
        0.00044571290915743734,
        0.0004099096495054096
    ],
    "val_mse_history": [
        0.0010500687153940003,
        0.0009902058530979099,
        0.0009027253122287128,
        0.0009535983075495796,
        0.0007951161546399723,
        0.0007965890471129918,
        0.0008121538100907133,
        0.0007727347613233322,
        0.0007654488441960958,
        0.0007389878659775996,
        0.000704960551135409,
        0.0006785951016379521,
        0.0006949712136945885,
        0.0006658676863376774,
        0.0006878882604546413,
        0.0006493356052741474,
        0.0006598551146477295,
        0.00061752738592454,
        0.0006088368458801161,
        0.0006625469329121503,
        0.0006149133937341502,
        0.0006073562154992992,
        0.0005641226482491886,
        0.0005898306159535801,
        0.000572606081578508,
        0.0005660741909056444,
        0.0005387689460584648,
        0.0005502901411291461,
        0.0005325806655053477,
        0.0005386600404692628,
        0.0005374905101844705,
        0.0005476444240012051,
        0.0005401621666284676,
        0.0005356916243573133
    ],
    "test_metrics_scaled": {
        "MAE": 0.031129598485482232,
        "MSE": 0.002067539945057594,
        "MdAE": 0.022506166249513626,
        "Pred(50)": 0.49464688204357626
    },
    "test_metrics_real": {
        "MAE": 1.058406348506396,
        "MSE": 2.3900761764865788,
        "MdAE": 0.7652096524834633,
        "Pred(50)": 0.49464688204357626
    }
}