{
    "run_id": 10,
    "seed": 51,
    "elapsed_sec": 131.01585292816162,
    "best_val_mse": 0.0006797994337865491,
    "epochs_trained": 32,
    "train_loss_history": [
        0.0014248348003560794,
        0.0011764154575353743,
        0.0010607073879150821,
        0.0008896411843364392,
        0.0008915443045286918,
        0.0008824713511711556,
        0.0008122648947840604,
        0.0007488426147704158,
        0.0007329678530924741,
        0.0006929135104865972,
        0.0006783977195170927,
        0.0006339527926807274,
        0.0006479051669006675,
        0.00061550668313252,
        0.0005982542552336215,
        0.0005808525772553557,
        0.0005766097341607231,
        0.0005349556550895656,
        0.0005350274980824362,
        0.0005247235014042329,
        0.0005206737082663758,
        0.0005069698966164895,
        0.0005275970399147747,
        0.00048459222389576624,
        0.0004857481467037214,
        0.0004726116021099436,
        0.0004717737132434363,
        0.0004611975333596939,
        0.0004250405603212455,
        0.00044416849893757284,
        0.00043879220964964126,
        0.00041192914863402263
    ],
    "val_mse_history": [
        0.0015014462771624872,
        0.0014875983055391373,
        0.0013848864522517498,
        0.0013060310139190727,
        0.0011203910905148308,
        0.0011511981202008657,
        0.0010567901051893062,
        0.0010735399481132963,
        0.001027682763395429,
        0.0009758153624149808,
        0.0009517881797795823,
        0.000967821639472254,
        0.0008808537459535943,
        0.0008614801332275211,
        0.0008547422108356646,
        0.0008282643854982006,
        0.0007929304089516697,
        0.0008255633409545407,
        0.0008295524647188411,
        0.000791313848917677,
        0.0007925988700057615,
        0.000773331088084851,
        0.0007508821255343596,
        0.0007225951935202094,
        0.0007111517106810707,
        0.0007307875285967818,
        0.0006797994337865491,
        0.0007167821688776408,
        0.0006831414629448659,
        0.0007023167671869019,
        0.000740304771518403,
        0.0006800405443645818
    ],
    "test_metrics_scaled": {
        "MAE": 0.03184512670349617,
        "MSE": 0.0021566423455858155,
        "MdAE": 0.022630583494901657,
        "Pred(50)": 0.4695562435500516
    },
    "test_metrics_real": {
        "MAE": 1.0827343079188698,
        "MSE": 2.4930785514972027,
        "MdAE": 0.7694398388266563,
        "Pred(50)": 0.4695562435500516
    }
}