{
    "run_id": 2,
    "seed": 43,
    "elapsed_sec": 150.8408646583557,
    "best_val_mse": 0.0005649025602385535,
    "epochs_trained": 36,
    "train_loss_history": [
        0.0015272805760671207,
        0.0012103186964281677,
        0.0010919490772765008,
        0.0009634214716105922,
        0.0009210998399639124,
        0.0008769623685439985,
        0.0008052753840271979,
        0.0007753813849861961,
        0.00073835544063323,
        0.0006935922999571756,
        0.0006737056118444486,
        0.0006702143861061184,
        0.0006352554446143571,
        0.0006248145200826699,
        0.0006156924284075958,
        0.0005767436104615361,
        0.0005702786638891944,
        0.0005584946630070182,
        0.0005426557109576635,
        0.0005529290669013246,
        0.0005418622643538526,
        0.0005307128752942499,
        0.0005186123896703982,
        0.0005180474420775228,
        0.0005167704228835616,
        0.0005346528889918332,
        0.0005167209536136722,
        0.0005156991318681293,
        0.0005084062379786366,
        0.0005342426281878013,
        0.0004939312834220338,
        0.0004965443025125007,
        0.0005162330646373796,
        0.0005069204057382931,
        0.0004847253422269127,
        0.00047133875973396375
    ],
    "val_mse_history": [
        0.0011527374592317564,
        0.0010851595783260037,
        0.0010089392690070394,
        0.000966852552666223,
        0.0009238642881617663,
        0.0008923509139670248,
        0.0008404962654212302,
        0.00084110152506387,
        0.0007292089504464742,
        0.0007548589116888863,
        0.0006802162648281143,
        0.0007593924269844192,
        0.0007281251774940394,
        0.000705490578296013,
        0.0006936153563894173,
        0.0006424511154146677,
        0.0006431244051253736,
        0.0006510818328452158,
        0.0006635531079968965,
        0.0006437921634150586,
        0.0006190597650540912,
        0.0006222474220518129,
        0.0006219432643396219,
        0.0006162432012015984,
        0.0006497623732092192,
        0.0005823357982813147,
        0.0006147523618352547,
        0.0005726735595022639,
        0.0006649941962020401,
        0.0006169095439979594,
        0.0005649025602385535,
        0.0006510248220918575,
        0.0006152008523535307,
        0.0006455991906834762,
        0.0006178807450161527,
        0.000621348896503884
    ],
    "test_metrics_scaled": {
        "MAE": 0.028420832896885767,
        "MSE": 0.0017165007042160478,
        "MdAE": 0.02052752859890461,
        "Pred(50)": 0.5119193442005088
    },
    "test_metrics_real": {
        "MAE": 0.9663083184941161,
        "MSE": 1.9842748140737512,
        "MdAE": 0.6979359723627567,
        "Pred(50)": 0.5119193442005088
    }
}