{
    "run_id": 7,
    "seed": 48,
    "elapsed_sec": 382.2677381038666,
    "best_val_mse": 0.00038554767195734526,
    "epochs_trained": 59,
    "train_loss_history": [
        0.001732884552912427,
        0.0012366045302698162,
        0.001131523724975639,
        0.0009839148018788181,
        0.0009465363333069918,
        0.0008185192002312585,
        0.0008032393970310106,
        0.0007788439516631304,
        0.0007301062865389086,
        0.0006870981737195423,
        0.0006840772149119748,
        0.0006497406509286285,
        0.0006353335915128526,
        0.0005892708326381507,
        0.0005748637961241304,
        0.0005567495190023403,
        0.0005591010931812069,
        0.0005288655639615994,
        0.0005328337524525739,
        0.0005054052921743871,
        0.000507990120307726,
        0.0004769843894747177,
        0.00045895208453861384,
        0.000458176214012574,
        0.0004463744688588597,
        0.00045225076366141954,
        0.00042796741685689857,
        0.00042736726036327716,
        0.0004050611820929641,
        0.00041491931041400497,
        0.00039162047873756025,
        0.00038569989468247826,
        0.0003610289106509013,
        0.0003692941397020201,
        0.0003605280323510977,
        0.00035725901648801035,
        0.0003399966464510722,
        0.00033592145674556236,
        0.00032368222816664806,
        0.0003129075277312364,
        0.00031636517823457135,
        0.0003063240838884152,
        0.0003082783391234992,
        0.00029413295744881176,
        0.00026838525472853,
        0.00026584514295643143,
        0.00026370950229081435,
        0.0002519288855879684,
        0.00024564172122020547,
        0.00024581040020032243,
        0.00024404356335198005,
        0.00024057702987285813,
        0.00023899129329138323,
        0.00023310684634920777,
        0.00022512014592249093,
        0.00022894564795479692,
        0.00021735682096148197,
        0.0002257757223301385,
        0.0002227545828109768
    ],
    "val_mse_history": [
        0.0014661086473703854,
        0.001375107868400218,
        0.00116918759167588,
        0.001131930569041076,
        0.0010006687365555736,
        0.0009719252785285442,
        0.0008766695845270261,
        0.0008290685448263803,
        0.0008239796364093936,
        0.0007678589216085167,
        0.0007678571198161595,
        0.0007063515774255304,
        0.0007258342330269461,
        0.0006955719988637654,
        0.000684589644135641,
        0.0006446311598322315,
        0.0006238436974464359,
        0.000643220008562749,
        0.0006223241252184633,
        0.0006218639114663731,
        0.0005964074952737422,
        0.0005665408329730621,
        0.000557972746546937,
        0.0005774007484471442,
        0.0005530842949835948,
        0.0005325098357770554,
        0.000544616764289412,
        0.0005477083608595879,
        0.0005237387170626066,
        0.0005129731178352726,
        0.0005245892621070646,
        0.0005064797696325731,
        0.0005170414635977542,
        0.0005056245768847815,
        0.0005036887107713934,
        0.00047237935917654103,
        0.00047370880711855443,
        0.00045724246344199963,
        0.000469148229874564,
        0.00044069029233197106,
        0.0004896250517405724,
        0.0004566695221791228,
        0.00047707646419050146,
        0.0004433177195176604,
        0.00041014162955666926,
        0.00041270097085835454,
        0.0004236000399024091,
        0.0003953784132009283,
        0.00041889412348905395,
        0.0004101477486271582,
        0.00041679959039225703,
        0.00041066919989260925,
        0.00039224383694232064,
        0.00038554767195734526,
        0.00039011160151261555,
        0.00038785414213817805,
        0.00040046396295219063,
        0.0003890260066776428,
        0.00039135257199952736
    ],
    "test_metrics_scaled": {
        "MAE": 0.027230794002922633,
        "MSE": 0.0012201094507506495,
        "MdAE": 0.02201814390718937,
        "Pred(50)": 0.31885837041583553
    },
    "test_metrics_real": {
        "MAE": 0.3267695280350716,
        "MSE": 0.17569576090809352,
        "MdAE": 0.26421772688627243,
        "Pred(50)": 0.31885837041583553
    }
}