{
    "run_id": 3,
    "seed": 44,
    "elapsed_sec": 360.247088432312,
    "best_val_mse": 0.0003590600384007489,
    "epochs_trained": 55,
    "train_loss_history": [
        0.001556048832880596,
        0.001259980080804782,
        0.0010982097668466564,
        0.0010068031914275538,
        0.0009145265597879702,
        0.0008289826693515509,
        0.0007629736476027876,
        0.0007310774421171788,
        0.0007213673210507543,
        0.0006533571813937659,
        0.0006437002651259244,
        0.0005969534941281049,
        0.0005779873283498981,
        0.0005563740615049771,
        0.0005516327815347917,
        0.0005349428281555955,
        0.0005235795551746865,
        0.00047766497785238146,
        0.0004865450293797818,
        0.00046498149819544887,
        0.0004541133298489995,
        0.0004262341972958118,
        0.0004167525941170648,
        0.0004147708688533331,
        0.00040738221948601386,
        0.0004031075700653984,
        0.00038188452331867803,
        0.00036767268469995725,
        0.0003540793728624323,
        0.0003496523615167408,
        0.0003490444946593875,
        0.0003380975750500268,
        0.00033832730673789753,
        0.0003105036212906621,
        0.00032032830596020844,
        0.00031462731684481416,
        0.0003116009667009611,
        0.0003068470300238232,
        0.0002870705896389967,
        0.00029269342937416736,
        0.00027733676359558026,
        0.0002719994555533649,
        0.00026211772480934706,
        0.00023493565937432928,
        0.00023097436939888087,
        0.00023573088666583268,
        0.00022984103116281072,
        0.00023591785620264428,
        0.00023089356431154966,
        0.00022263316719627594,
        0.00022172992005393768,
        0.00020827174765498965,
        0.00022011444566702045,
        0.00021071567131745986,
        0.00020769535130260892
    ],
    "val_mse_history": [
        0.0012957147892261717,
        0.0009816367814903476,
        0.000998803234289327,
        0.0008479582259248996,
        0.0008091688831498986,
        0.0007257601926859308,
        0.000818529220859294,
        0.0006697985363262188,
        0.0006073728762689621,
        0.0006016307471590501,
        0.0006106730308051715,
        0.0006501339813013512,
        0.0005651731705839755,
        0.0005856184229030363,
        0.0005558852073264016,
        0.0006148756578295827,
        0.0005723640811958299,
        0.0005509650983979475,
        0.0005324495297129977,
        0.000528997150417282,
        0.0005193848854001641,
        0.0005011666661626278,
        0.00048796993966316503,
        0.0004990468079833745,
        0.0004956414489151903,
        0.00048741145219859344,
        0.0004750471805442049,
        0.0004692335068914841,
        0.000486958445278668,
        0.0004866329307618606,
        0.00043871473404891853,
        0.0004505703383582324,
        0.0004325991953619236,
        0.0004625823374744662,
        0.0004426003009105884,
        0.00042526567765148584,
        0.0004554641838844096,
        0.0004378004271726679,
        0.0004083590677576518,
        0.00042098449628137256,
        0.0004266449850764069,
        0.00040944800627551984,
        0.00048009692618613734,
        0.00039594080980530285,
        0.0003989159568041081,
        0.0003888407104265442,
        0.0003701162825558223,
        0.00038403010715009137,
        0.0003859997210929249,
        0.0003590600384007489,
        0.00036887205653142295,
        0.00036125419998842554,
        0.0003631382721229141,
        0.0003752754063582163,
        0.0004042661544503328
    ],
    "test_metrics_scaled": {
        "MAE": 0.026749650155188997,
        "MSE": 0.0012752032891463847,
        "MdAE": 0.019932620227336884,
        "Pred(50)": 0.3391224862888483
    },
    "test_metrics_real": {
        "MAE": 0.32099580186226795,
        "MSE": 0.1836292736370794,
        "MdAE": 0.2391914427280426,
        "Pred(50)": 0.3391224862888483
    }
}