{
    "run_id": 9,
    "seed": 50,
    "elapsed_sec": 378.0690038204193,
    "best_val_mse": 0.00035497654206166683,
    "epochs_trained": 59,
    "train_loss_history": [
        0.0014360033945977659,
        0.0012157209809088012,
        0.0011116460798638631,
        0.0009746022746031523,
        0.000861731740353425,
        0.0008390824887726579,
        0.0007749096945504585,
        0.0007261323211966782,
        0.00069534063865075,
        0.0006517931019828949,
        0.0006263889628115134,
        0.0006061065682298055,
        0.0005693969127183978,
        0.0005882633736961669,
        0.0005636427080772075,
        0.0005531955460843479,
        0.0005217865754220016,
        0.0005221636148594272,
        0.0005103567588413333,
        0.00048367050213351376,
        0.000464536953967097,
        0.0004533030373026415,
        0.00044240758457614023,
        0.0004359277895771861,
        0.00042435941610658335,
        0.0004097732746860449,
        0.0004028658519194793,
        0.00038809772622287834,
        0.000376218608054345,
        0.00037599419324837866,
        0.00035719758087494636,
        0.0003580323704252355,
        0.0003394494813267526,
        0.00032618104599445476,
        0.0003253703576660212,
        0.00032020697909986137,
        0.0003108509896454281,
        0.00031694922978375514,
        0.00029877666237729955,
        0.0002998928140009867,
        0.0002919496391429419,
        0.0002842209096003643,
        0.0002773961758062861,
        0.00027641569745882926,
        0.00026627982972115996,
        0.0002419294123781633,
        0.00023659329010038637,
        0.00023030822413389805,
        0.00023693654421024255,
        0.00022685713186463237,
        0.0002197604667759859,
        0.00021509567175979525,
        0.00021863229968601512,
        0.000217646261291899,
        0.00020950213196509976,
        0.0002108803024229982,
        0.00020792013864180415,
        0.0002034152567072846,
        0.00019854068973999863
    ],
    "val_mse_history": [
        0.0013284482007751325,
        0.001240768858399977,
        0.0010398231602837173,
        0.0009463427914457015,
        0.0008748858834290991,
        0.0007894319964474952,
        0.0007385342993001969,
        0.0007201628508270048,
        0.0006806085685380136,
        0.0007021404659730329,
        0.0006662994587029883,
        0.0007903415803505751,
        0.0006313027245663652,
        0.0006034591858638297,
        0.0006247096926722124,
        0.0005901551244835475,
        0.0006267626938066353,
        0.0005695820598554894,
        0.0005386241142086041,
        0.0005557419583239651,
        0.0005251024631794805,
        0.000525447893111863,
        0.0005374099159246535,
        0.0005070585525226381,
        0.0004990656198342827,
        0.0005263511499605569,
        0.000489259453369565,
        0.0004700137204979287,
        0.0005475789058717502,
        0.0004523182648210506,
        0.00047935127163498885,
        0.0004793535790638499,
        0.0004260972821492717,
        0.0004333359753252703,
        0.0004475975186784165,
        0.00044943360017834296,
        0.0004205075725218132,
        0.0004615887187387435,
        0.00044076559938409485,
        0.0004211654983688684,
        0.0003984277099491687,
        0.000493800557682758,
        0.0004399369270742041,
        0.0004114251355140434,
        0.0004277832170031728,
        0.00037002446120551567,
        0.0004457769636107639,
        0.00037765844555381873,
        0.0003989891385917386,
        0.0003830117676440006,
        0.00036670232614941347,
        0.00044484595127456544,
        0.00043785954874715337,
        0.00035497654206166683,
        0.0004323219730550568,
        0.00037254304962488165,
        0.00037853982328962934,
        0.00039087701283483387,
        0.0004372761614131569
    ],
    "test_metrics_scaled": {
        "MAE": 0.031171720355393853,
        "MSE": 0.0017745792061937768,
        "MdAE": 0.02388305589556694,
        "Pred(50)": 0.30490600641907384
    },
    "test_metrics_real": {
        "MAE": 0.37406064426472624,
        "MSE": 0.25553940569190386,
        "MdAE": 0.2865966707468033,
        "Pred(50)": 0.30490600641907384
    }
}