{
    "run_id": 6,
    "seed": 47,
    "elapsed_sec": 292.75793075561523,
    "best_val_mse": 0.0004129347098101389,
    "epochs_trained": 45,
    "train_loss_history": [
        0.001880600526673314,
        0.0012525734048656257,
        0.0011609955789148075,
        0.0010282400230330934,
        0.0009604964509984825,
        0.0008512254863045024,
        0.0008370268477291573,
        0.0007769717927115154,
        0.0007230402875259326,
        0.00067701355513724,
        0.0006684595318802167,
        0.0006622278554214831,
        0.0006080423560025411,
        0.000593884023014304,
        0.0005728735981542768,
        0.000558688301224736,
        0.0005328483343328831,
        0.0005240579429391622,
        0.0005014661242191639,
        0.0004955168431064707,
        0.00048763559698630093,
        0.00047242374705614267,
        0.0004557225861702874,
        0.0004429155242446264,
        0.0004236701242309231,
        0.00042692684710274456,
        0.000402569641218034,
        0.0003920730511560519,
        0.0003957380798150667,
        0.0003733694307992144,
        0.000371066032505563,
        0.0003588084994505754,
        0.00035611541813768014,
        0.0003470224180640019,
        0.00034528408559708623,
        0.00031972192361620123,
        0.0003124812045261183,
        0.00029628977320414983,
        0.00029763399320088504,
        0.0002898368085812166,
        0.00029023550812812905,
        0.0002872926220861307,
        0.0002802107485659066,
        0.0002731202731564698,
        0.00026455453129786206
    ],
    "val_mse_history": [
        0.0013387269375305809,
        0.001163353081706068,
        0.0010223333393011755,
        0.0009926816531107847,
        0.0008899449843821897,
        0.0009066304339626438,
        0.0007555711110608828,
        0.0008128884202194289,
        0.0007486566321572467,
        0.0007521867075548066,
        0.0006840714530908917,
        0.000633572503279985,
        0.0006828742478073699,
        0.0007096410791754677,
        0.0006325515491033475,
        0.0005924880769703267,
        0.0006183891710365387,
        0.0006171942847121539,
        0.0005858201186405564,
        0.0005734921768048406,
        0.0005273705101666316,
        0.0005388821735315305,
        0.0005428291411697517,
        0.0005196643888510366,
        0.0004952594200846583,
        0.0005201895837023505,
        0.0005128917046137339,
        0.00047386442454690767,
        0.0004705121995679905,
        0.0005457479459348246,
        0.00045619684735642187,
        0.00046677179323565034,
        0.0004702079629224339,
        0.0004574779424888857,
        0.0004600843332402558,
        0.00043368302007702953,
        0.00043029422702923933,
        0.0004407287019010479,
        0.0004350131441305698,
        0.0004129347098101389,
        0.00045841245560458287,
        0.00042829194511434055,
        0.00041817463357941186,
        0.00043812669584445345,
        0.0004133693968587983
    ],
    "test_metrics_scaled": {
        "MAE": 0.024413923790084103,
        "MSE": 0.0009843492452953524,
        "MdAE": 0.019404975697398186,
        "Pred(50)": 0.35960214231063503
    },
    "test_metrics_real": {
        "MAE": 0.29296708548100925,
        "MSE": 0.14174629132253075,
        "MdAE": 0.23285970836877823,
        "Pred(50)": 0.35960214231063503
    }
}