{
    "run_id": 5,
    "seed": 46,
    "elapsed_sec": 365.22936177253723,
    "best_val_mse": 0.0004874498822530977,
    "epochs_trained": 56,
    "train_loss_history": [
        0.0014294519337659888,
        0.0012024976103912517,
        0.001041426644271862,
        0.0009663043563272875,
        0.0008617625988546776,
        0.0007793602111389928,
        0.0007121653663671525,
        0.0006903619574025564,
        0.000672268547559242,
        0.0006382032932000126,
        0.000598637936855799,
        0.0005669605529114987,
        0.000550867956074118,
        0.000556977900285343,
        0.0005271208621683818,
        0.0004984783042197646,
        0.00048244169265815047,
        0.0004755356419058862,
        0.00045515200413936144,
        0.0004494710002310613,
        0.0004290520788185993,
        0.0004122441200805092,
        0.00039458832134812495,
        0.0003998010091844589,
        0.0003776107571550037,
        0.0003754951446911006,
        0.00036080343999395266,
        0.00035088598203145973,
        0.00034206351878657314,
        0.0003388338268977866,
        0.00032710262780755433,
        0.00033150293218886604,
        0.00032010908337730046,
        0.00030822979492062556,
        0.000305839989070595,
        0.0002913276833639156,
        0.00028509303577539495,
        0.0002819184914266265,
        0.00027945683536293066,
        0.00027153039580777227,
        0.0002652122299586849,
        0.00026957877314887985,
        0.0002654634473510526,
        0.0002489881145982344,
        0.0002507245757078814,
        0.00025521700510941497,
        0.0002466696263687403,
        0.0002345491731735705,
        0.00021906183117657757,
        0.0002107833852483903,
        0.0002146181681818572,
        0.00020275488712944012,
        0.00020300355420664249,
        0.00020010514430224608,
        0.00019743041296249445,
        0.00019049049416152675
    ],
    "val_mse_history": [
        0.0013619765949003852,
        0.0012822952153387357,
        0.0011205168069612706,
        0.0010701420478854422,
        0.0009941779966231106,
        0.0010015635741371658,
        0.000972516997218066,
        0.0009432460273590162,
        0.0009012728358636514,
        0.0008346860984942082,
        0.0008676740773976018,
        0.0007705542849649156,
        0.0007930103076065638,
        0.0007627075277565878,
        0.0007835630219659936,
        0.0007586264140953807,
        0.0007504251979388829,
        0.0007266120444922501,
        0.0007530689714941292,
        0.0006768727386545103,
        0.0006949482471546877,
        0.0006776079370852534,
        0.0006724177270082836,
        0.0006364217855861023,
        0.0006546923239324338,
        0.0006556310642490513,
        0.0006273002252744948,
        0.0006011476714531178,
        0.0006059858119421331,
        0.000607932278862226,
        0.0005938374790393937,
        0.0005897265361971328,
        0.0005791664939627279,
        0.0005718857932572017,
        0.0005608991653485533,
        0.0005508092873658993,
        0.0005740446686749332,
        0.0005603638618321581,
        0.0005663769393736595,
        0.0005284355878898543,
        0.0005440563014458786,
        0.0005473752764307609,
        0.0005542373306013542,
        0.000515061663735964,
        0.0005227487505619979,
        0.0005294533801073212,
        0.0005449332873513372,
        0.0005310109147176178,
        0.0005081338512187457,
        0.0004883070238983487,
        0.0004874498822530977,
        0.000506290360329776,
        0.0004950980835862621,
        0.0004961488107499479,
        0.0004911568990330912,
        0.0004913811476351697
    ],
    "test_metrics_scaled": {
        "MAE": 0.028232463862105664,
        "MSE": 0.0013933601283393497,
        "MdAE": 0.022392071783542633,
        "Pred(50)": 0.3068338174591041
    },
    "test_metrics_real": {
        "MAE": 0.33878956634526797,
        "MSE": 0.20064385848086635,
        "MdAE": 0.2687048614025116,
        "Pred(50)": 0.3068338174591041
    }
}