{
    "run_id": 4,
    "seed": 45,
    "elapsed_sec": 369.6764349937439,
    "best_val_mse": 0.000384896760330486,
    "epochs_trained": 57,
    "train_loss_history": [
        0.0014012417580726193,
        0.0012149181143223575,
        0.0010192943240208783,
        0.000961892572520056,
        0.0008505662589501542,
        0.0007955823009546801,
        0.0007495622881808681,
        0.0007045809336177662,
        0.0006852692908755144,
        0.000617945374391163,
        0.0006033868462107381,
        0.0005961266218096018,
        0.0005682686906482216,
        0.0005376855302754433,
        0.0005322947208911279,
        0.0005304181019990617,
        0.0005101978567255622,
        0.0004938882746336506,
        0.00046767906278832324,
        0.0004563752196916214,
        0.0004384584430823623,
        0.00042973341619731285,
        0.00041958036149436235,
        0.00040278661094593574,
        0.0004115301668646953,
        0.00038712234280130844,
        0.0003770890275312983,
        0.0003764908784264957,
        0.0003574441381665556,
        0.000370941246981598,
        0.0003573053242344781,
        0.0003477047171717171,
        0.0003365982258664009,
        0.00033200057487460706,
        0.00032203030868538395,
        0.0003388674131148092,
        0.00031613300852554167,
        0.000299707517222376,
        0.00030120453369325117,
        0.00028891616745723624,
        0.00029104037864677567,
        0.00027994146628320695,
        0.0002966453500050089,
        0.00025368963004310485,
        0.0002568878389320876,
        0.00024278887878987463,
        0.00023971107637225583,
        0.0002425639169929781,
        0.0002476706235617135,
        0.0002303040618054864,
        0.00023011543513001798,
        0.00023718420413016572,
        0.0002374618999960245,
        0.00022601394273856395,
        0.00022783493047171812,
        0.00021785426348334185,
        0.00020782348704545637
    ],
    "val_mse_history": [
        0.0015724823980625806,
        0.0012559392500319584,
        0.001129576624196476,
        0.0010477960545735529,
        0.000911322145322371,
        0.0009009975670706671,
        0.0008662383486896563,
        0.000790779182864497,
        0.0008017130601045984,
        0.0007337975204874194,
        0.0007354514164906378,
        0.0007010491220492283,
        0.0007171069508714837,
        0.0007118807501190435,
        0.0006768360853922271,
        0.0006829529497774167,
        0.0006449844041999464,
        0.000653624669440769,
        0.0006320300379333808,
        0.0006646933036995518,
        0.0006021510837672539,
        0.000573578624128487,
        0.000572242130676014,
        0.0005789547824750105,
        0.0005923355173125139,
        0.0005481186938697238,
        0.0005688700056914419,
        0.0005392568522974153,
        0.0005599078927360549,
        0.0005357981411055121,
        0.0005372360103423654,
        0.0005229188377103161,
        0.0005018269989081589,
        0.000533070108180628,
        0.0005232095321390963,
        0.0005301470452805911,
        0.0004598426270747548,
        0.0005197796819640161,
        0.00045393145328004786,
        0.0005232409772800632,
        0.00048212118721957677,
        0.00049942848808129,
        0.0004582944351251145,
        0.00044981747690742813,
        0.00043827608496901184,
        0.00042130250745946564,
        0.00042217406420344246,
        0.00042318899002121,
        0.00041153816855137265,
        0.0004437625752476017,
        0.0004615323146600532,
        0.000384896760330486,
        0.0004323456126378333,
        0.0004200683018744016,
        0.0003933843529698394,
        0.0004183275084784173,
        0.0004342316916779691
    ],
    "test_metrics_scaled": {
        "MAE": 0.025260210296996773,
        "MSE": 0.001133774813819053,
        "MdAE": 0.01877952180802822,
        "Pred(50)": 0.34125895442767873
    },
    "test_metrics_real": {
        "MAE": 0.3031225235639613,
        "MSE": 0.16326357318994364,
        "MdAE": 0.22535426169633865,
        "Pred(50)": 0.34125895442767873
    }
}