{
    "run_id": 1,
    "seed": 42,
    "elapsed_sec": 256.28083515167236,
    "best_val_mse": 0.00044817300428942657,
    "epochs_trained": 40,
    "train_loss_history": [
        0.0014273539784975698,
        0.0011705057476407335,
        0.001055529773510092,
        0.0009468248085858033,
        0.0008585285806675565,
        0.0008048256967357789,
        0.0007671414369797776,
        0.0007023192454203046,
        0.0006739109553894611,
        0.0006546531080813006,
        0.0006051496966982386,
        0.0005831728499118399,
        0.0005613162487243459,
        0.0005527804913997608,
        0.0005369185107847728,
        0.0005126204354282873,
        0.0004933360846172163,
        0.0004705575320204899,
        0.0004720814024025715,
        0.00046460479388984603,
        0.0004497973987658443,
        0.00042697050220517213,
        0.00040959147732588493,
        0.00040943620024693633,
        0.0003868954570340362,
        0.00038137243788923577,
        0.00036506971589518665,
        0.0003589237744357949,
        0.0003495578202000437,
        0.00034472166394215276,
        0.0003326581629201469,
        0.0003207510665709437,
        0.00032043604914731144,
        0.0003254086130296115,
        0.00030283325886361025,
        0.00030608194505250553,
        0.0002989073553641789,
        0.0002921218331753483,
        0.0002881694744289372,
        0.00026326128138635333
    ],
    "val_mse_history": [
        0.0013159581018601385,
        0.0011915753140880597,
        0.000937565130418546,
        0.0008904884097534063,
        0.0009519503993270808,
        0.0008261648729135288,
        0.0008162071634008719,
        0.0007411590275115677,
        0.0007395747640590884,
        0.0006562203768129374,
        0.0006652441160239051,
        0.000652620275790025,
        0.0006277638507691271,
        0.0005767881010900996,
        0.0005773470339762231,
        0.0005802130651597134,
        0.0005665148936741447,
        0.0005468601470135855,
        0.0005944232694720042,
        0.0006232556589172121,
        0.0005656810730063035,
        0.0005247166022714106,
        0.0005393596234437664,
        0.0005175713889130254,
        0.0005148736063354572,
        0.0005354509478986163,
        0.0004881620443518527,
        0.0005245535393494032,
        0.0004906488381481669,
        0.00047763640423969503,
        0.0004911748996611701,
        0.0004805100012920302,
        0.0005285424838599116,
        0.00046820530356690845,
        0.00044817300428942657,
        0.0004821802350539077,
        0.00048773419834467226,
        0.0004698202972491075,
        0.0004825563851298603,
        0.00045161704761399654
    ],
    "test_metrics_scaled": {
        "MAE": 0.029477946415511644,
        "MSE": 0.0017338224100760834,
        "MdAE": 0.021176012232899666,
        "Pred(50)": 0.3397582989138749
    },
    "test_metrics_real": {
        "MAE": 0.3537353569861397,
        "MSE": 0.24967042705095602,
        "MdAE": 0.254112146794796,
        "Pred(50)": 0.3397582989138749
    }
}