{
    "run_id": 10,
    "seed": 51,
    "elapsed_sec": 387.39728569984436,
    "best_val_mse": 0.00032851681254691804,
    "epochs_trained": 60,
    "train_loss_history": [
        0.0014674345368290368,
        0.001239952418215664,
        0.0011266604153513907,
        0.0010160576859708362,
        0.000919260091538717,
        0.0008092056944750925,
        0.0007907369375728022,
        0.0007580487983900397,
        0.0007174971388297242,
        0.0006722660527080656,
        0.000655073855613068,
        0.000622466688727523,
        0.0006224855116718613,
        0.00058710800582327,
        0.0005658366954545784,
        0.0005525320120385125,
        0.0005456436655583573,
        0.000524258535324496,
        0.0005071631020046024,
        0.00047554200899954836,
        0.00045813620342605843,
        0.0004691139325222334,
        0.00045105404519289564,
        0.00042318868772406337,
        0.0004261468081543212,
        0.00042376085881734235,
        0.00039756843639787676,
        0.00039502384119481225,
        0.0003708397011074743,
        0.0003783015491179901,
        0.00035913158864236624,
        0.0003522227766213035,
        0.00034713326342049555,
        0.0003335545840072418,
        0.0003207863398148704,
        0.0003161396409995729,
        0.0003148252844623884,
        0.00030403792766934873,
        0.0002829323315397852,
        0.00027163630623350623,
        0.0002562631923022028,
        0.0002626531009445184,
        0.00025929792561340723,
        0.000258852536571687,
        0.0002604311888063369,
        0.00025631463286778774,
        0.0002479698797865749,
        0.00023819756424141414,
        0.00023259803754998432,
        0.00023180171262256034,
        0.00023004681502609628,
        0.00022592518046466535,
        0.00022377214482035703,
        0.00022899892639788191,
        0.00022776264892974388,
        0.0002229219140981817,
        0.0002181440991571685,
        0.00021376537900775523,
        0.00022595047741832445,
        0.0002133630676599377
    ],
    "val_mse_history": [
        0.0010881667675653995,
        0.0009180791105400232,
        0.0008566052623753616,
        0.0008070845738796726,
        0.0006792502833233591,
        0.0006848257869159533,
        0.0006219373569542113,
        0.0006039461049571904,
        0.0005710075683508722,
        0.0005682630175067412,
        0.0005573531422323458,
        0.0005261721975622933,
        0.0005277059859758252,
        0.00048811049028644484,
        0.0004974169710032061,
        0.0004870423125566846,
        0.0004786397249442564,
        0.00046186534154613864,
        0.00045603605939391014,
        0.0005000663633544398,
        0.0004558011178962366,
        0.0004951491934364993,
        0.0004373615629602337,
        0.0004547942831466297,
        0.0004123835530082078,
        0.0004145385003230736,
        0.00041384754369117,
        0.0004006141564783538,
        0.00041310272853507704,
        0.0004085168756261401,
        0.0003903170282181994,
        0.00040388294053270244,
        0.0004124214259257742,
        0.00038335891866534457,
        0.00038530196413678376,
        0.00039682923393655987,
        0.0003914078455885441,
        0.00039714526974197627,
        0.0003543430846494303,
        0.00036751658602244023,
        0.00036522890826288525,
        0.00035779192473423595,
        0.00035214765833122317,
        0.00036075612928060597,
        0.00035765757061458824,
        0.00037010115840865096,
        0.0003562436232716179,
        0.00034079790175994124,
        0.0003354617696203869,
        0.00034199192381371003,
        0.0003419606650764893,
        0.00033950772475487006,
        0.000333680899992233,
        0.00033551563954855587,
        0.00032851681254691804,
        0.00033028994026650105,
        0.0003371209115219783,
        0.00032894497369576227,
        0.00033365067724262863,
        0.0003319716407048505
    ],
    "test_metrics_scaled": {
        "MAE": 0.03503310485370943,
        "MSE": 0.002352184844323131,
        "MdAE": 0.02614528313279152,
        "Pred(50)": 0.2700046075871602
    },
    "test_metrics_real": {
        "MAE": 0.4203972582445132,
        "MSE": 0.3387146175825309,
        "MdAE": 0.31374339759349823,
        "Pred(50)": 0.2700046075871602
    }
}