{
    "run_id": 2,
    "seed": 43,
    "elapsed_sec": 305.6429982185364,
    "best_val_mse": 0.00036136687124368484,
    "epochs_trained": 48,
    "train_loss_history": [
        0.0014364807991377167,
        0.0012296982184693437,
        0.0010825731782450213,
        0.0009479278109361102,
        0.0008734499534710335,
        0.0008068932769217148,
        0.0007503749821506041,
        0.0007127764761270339,
        0.0006833490702356608,
        0.0006428149624185815,
        0.0006266155557831372,
        0.0006225807235443502,
        0.0005869347076437471,
        0.000571700738984698,
        0.0005324473895884095,
        0.0005408785416889911,
        0.0005241163253731519,
        0.0005145456461475144,
        0.0005028880377686353,
        0.0004796696003170771,
        0.0004631421770735814,
        0.0004528334580729729,
        0.0004487746331200512,
        0.0004255722772582145,
        0.0004180623631620802,
        0.00040940538756706313,
        0.0004113043857823743,
        0.0003866904912639151,
        0.0003888961868399663,
        0.0003760152168482665,
        0.00039160195676449515,
        0.0003503162969865564,
        0.00036157114842775315,
        0.00034212200334663285,
        0.00034953357106647505,
        0.0003192482509831674,
        0.00032427899669601674,
        0.0003163892314041946,
        0.0003074178365989848,
        0.00028791558294435704,
        0.0002768144902780863,
        0.00027108237556839715,
        0.00026567024829118484,
        0.0002656748324125057,
        0.00026630485688277527,
        0.0002575092958371886,
        0.0002607335926069779,
        0.0002463244609432605
    ],
    "val_mse_history": [
        0.0012855074057478942,
        0.001079973438979875,
        0.0009892167878586698,
        0.0009578908901913134,
        0.0008929081224997729,
        0.0007955064450631707,
        0.0008156589496735687,
        0.0007339782651000933,
        0.0007835989559345026,
        0.0007037445344059874,
        0.0007022184792832927,
        0.0007403914710368202,
        0.000640146664844341,
        0.0006934895379789991,
        0.00068774652595985,
        0.0006546188256232409,
        0.0005625861816798738,
        0.0005730839401368291,
        0.0005622648050007528,
        0.0005863402919377715,
        0.0005657975593691387,
        0.0005550069016131903,
        0.0005806134181311783,
        0.0005404220240464962,
        0.0004927220865983305,
        0.0005033048245323564,
        0.00047847943760207906,
        0.0004817172296995047,
        0.0004728574068895925,
        0.0004769109934860295,
        0.0005240020671000139,
        0.00045314624623778665,
        0.0004614840813990142,
        0.0004473299608123213,
        0.00041297442736927363,
        0.0004177872993290406,
        0.0004158428491015185,
        0.0004288569470324373,
        0.0004150790142401023,
        0.0004042634241905354,
        0.0003912080060247573,
        0.00037464920135001897,
        0.00036136687124368484,
        0.0003639356667341739,
        0.00038259342496206405,
        0.00036375504264427375,
        0.0003963424898976266,
        0.00036417026621666956
    ],
    "test_metrics_scaled": {
        "MAE": 0.025017551555307094,
        "MSE": 0.0011908968650446486,
        "MdAE": 0.01943623088300228,
        "Pred(50)": 0.360898807704066
    },
    "test_metrics_real": {
        "MAE": 0.30021061866368515,
        "MSE": 0.1714891485664294,
        "MdAE": 0.23323477059602737,
        "Pred(50)": 0.360898807704066
    }
}