{
    "run_id": 8,
    "seed": 49,
    "elapsed_sec": 377.5925917625427,
    "best_val_mse": 0.0005027426088686234,
    "epochs_trained": 59,
    "train_loss_history": [
        0.0016877586933729753,
        0.0012426849413530038,
        0.0011089560203122713,
        0.0009607753484421945,
        0.0008818542061794196,
        0.0008551658162079998,
        0.000770223457451567,
        0.0007521617881388965,
        0.0006858683506936345,
        0.0006769585043824675,
        0.0006408912806778786,
        0.000615983460075162,
        0.0005910461812856991,
        0.0005662009836512072,
        0.0005602921672514582,
        0.0005338022844173744,
        0.0005271629622930657,
        0.0005014574822558994,
        0.0004870526144293152,
        0.00047711908699267795,
        0.0004438157058367969,
        0.00044166241766744295,
        0.0004261897959637024,
        0.0004269470508994749,
        0.0004016480832376266,
        0.0003963002366390802,
        0.0003941550099207484,
        0.00037198164001414147,
        0.00036513628441760243,
        0.00035163902191671714,
        0.0003413740360706925,
        0.00033606064011474507,
        0.0003335974295191188,
        0.0003115090580908938,
        0.0003270073923051782,
        0.00031002040309350914,
        0.0003060147743820582,
        0.0002985017672338156,
        0.00029271468902992076,
        0.0002863752752966931,
        0.00027544525498783757,
        0.0002504074592718798,
        0.0002472899677267716,
        0.00024506992578844194,
        0.0002418428502461016,
        0.00023641184410224119,
        0.00023716908062476638,
        0.00023419291740409378,
        0.00023738011820474526,
        0.00022986426007829165,
        0.00023651254010449062,
        0.00022378108053120195,
        0.00022381880120102559,
        0.00021010758729099742,
        0.00020789713993926603,
        0.00020738152342523336,
        0.00020644299489818674,
        0.0002065589314854101,
        0.00019695533857164494
    ],
    "val_mse_history": [
        0.0015030733728786626,
        0.0014688570389895783,
        0.0012336296960537426,
        0.0012581747157066068,
        0.0010195595558050018,
        0.0010416380971253586,
        0.0010496860627887572,
        0.000971855872934519,
        0.0009514877874026249,
        0.0008446818124121259,
        0.000856971388073661,
        0.0008250900553630237,
        0.0007858776730958941,
        0.0007967271387690914,
        0.0007469576777702208,
        0.0007391478184158186,
        0.0007151030903030733,
        0.0007216716490472907,
        0.0006770406877381046,
        0.0006799636540814463,
        0.0006920603580851452,
        0.0006777694696811347,
        0.0006612472892445373,
        0.0006286506618721171,
        0.0006512383987235873,
        0.0006409554093211962,
        0.0006281583791408246,
        0.0006133336572482801,
        0.000604496071672419,
        0.0005867649060195601,
        0.0006100765678391601,
        0.000592502382452726,
        0.000581263029907736,
        0.0005674539056571545,
        0.0006866988682118494,
        0.0005558948471873292,
        0.0005529355433627595,
        0.0005647796258411329,
        0.0005562640196579991,
        0.0005639581360687441,
        0.0005815140832474561,
        0.0005395653797113615,
        0.0005431110454685248,
        0.0005264615370772294,
        0.0005367930549356402,
        0.0005339816665140435,
        0.0005133472320586577,
        0.0005377508256891714,
        0.0005047611897000959,
        0.0005244020825309415,
        0.0005292281366956409,
        0.0005278747234118082,
        0.0005056354319483525,
        0.0005027426088686234,
        0.0005117732831448884,
        0.0005045331364346528,
        0.0005103965549511868,
        0.0005070810238681743,
        0.0005047215437274525
    ],
    "test_metrics_scaled": {
        "MAE": 0.02666997319527834,
        "MSE": 0.001264696736241043,
        "MdAE": 0.020079873502254486,
        "Pred(50)": 0.34383603548485775
    },
    "test_metrics_real": {
        "MAE": 0.32003967834334013,
        "MSE": 0.1821163300187102,
        "MdAE": 0.24095848202705383,
        "Pred(50)": 0.34383603548485775
    }
}