{
    "run_id": 9,
    "seed": 50,
    "elapsed_sec": 50.298038482666016,
    "best_val_mse": 0.004362238637561326,
    "epochs_trained": 60,
    "train_loss_history": [
        0.020188994273277267,
        0.015817800453597947,
        0.014392707810094137,
        0.013237220112286095,
        0.012415574354466998,
        0.011409587410670365,
        0.010805713117680705,
        0.01016805837548057,
        0.009468584770469793,
        0.008916404334336726,
        0.008578938130836284,
        0.008060498914260063,
        0.00786108083538859,
        0.007649328170662066,
        0.007450744011698084,
        0.007250059183062394,
        0.0068993027283189194,
        0.006690068427281129,
        0.0066494180382938965,
        0.00637561204105926,
        0.00636172320671557,
        0.006211331629264538,
        0.005978479030235331,
        0.005813827974692223,
        0.005848874572649716,
        0.0055247223229214016,
        0.005554652139489051,
        0.0053135743018217566,
        0.005256080844288041,
        0.005270083466986386,
        0.0051597324742784076,
        0.005063995609701138,
        0.004861395360046391,
        0.004741361683940456,
        0.004648535788643159,
        0.0046590071964717015,
        0.004502198304555985,
        0.004411288822810757,
        0.004277656322965557,
        0.0041941501399306285,
        0.004209722916360959,
        0.004101752323867191,
        0.003971713957966246,
        0.0039094453839223,
        0.003789093139828996,
        0.003775349913796942,
        0.003684557656506224,
        0.0036672226186575635,
        0.003550761875683545,
        0.0034865628953816164,
        0.003287530113806179,
        0.0034118555479272757,
        0.003259916684501583,
        0.0031742303533339134,
        0.0032534269434224355,
        0.0030911724496122802,
        0.0029248746917195,
        0.002994989485448478,
        0.0029597423329953076,
        0.0027499609293752452
    ],
    "val_mse_history": [
        0.015551290078730639,
        0.014170864724887799,
        0.013392256470449133,
        0.012294811892814483,
        0.011426376014562045,
        0.011075740565408687,
        0.010045375114989118,
        0.00964024615112943,
        0.008809487791568926,
        0.008247457381669385,
        0.008449161893839947,
        0.00793920804961773,
        0.00802417880743503,
        0.00792356985952561,
        0.00756176219361012,
        0.007154639054377855,
        0.0072543940360791865,
        0.007126092718530693,
        0.007074768715960346,
        0.006945146724199165,
        0.006415068399999069,
        0.006799259320233973,
        0.006235686110246277,
        0.006141304001538497,
        0.006271765255730891,
        0.00613113212423924,
        0.005982799756780577,
        0.005949444148468911,
        0.006144143054298178,
        0.005964001029380092,
        0.005762512598689322,
        0.005964800161922972,
        0.005628462048876525,
        0.005590535110179566,
        0.005793843976394155,
        0.005591959469183442,
        0.005415297496768881,
        0.0053591823912835825,
        0.0050560953837646295,
        0.005370099355739609,
        0.005130678131180599,
        0.005118660580807663,
        0.004899408972108984,
        0.005240836615360126,
        0.004984998301184617,
        0.005010490524300166,
        0.004870408698212965,
        0.00482627270522104,
        0.00494706302774519,
        0.004763754747761622,
        0.004679189934285721,
        0.004616959779144007,
        0.004680286215038522,
        0.004716890788101414,
        0.004362238637561326,
        0.004658889541364051,
        0.004481259526975246,
        0.004825504496286401,
        0.004561330316691253,
        0.0044743513266498796
    ],
    "test_metrics_scaled": {
        "MAE": 0.13063335688254699,
        "MSE": 0.029998770309448725,
        "MdAE": 0.10323542356491089,
        "Pred(50)": 0.4682926829268293
    },
    "test_metrics_real": {
        "MAE": 1.0450668550603759,
        "MSE": 1.9199212998047184,
        "MdAE": 0.8258833885192871,
        "Pred(50)": 0.4682926829268293
    }
}