{
    "run_id": 4,
    "seed": 45,
    "elapsed_sec": 44.885756492614746,
    "best_val_mse": 0.005417895230224389,
    "epochs_trained": 54,
    "train_loss_history": [
        0.02051919977927196,
        0.01572236694609894,
        0.014133945634100763,
        0.01318599598940521,
        0.01235160574738291,
        0.011476026378601553,
        0.010715295114399245,
        0.010053763686705174,
        0.009314221087917095,
        0.008861482499115583,
        0.008267751518851294,
        0.007914382523195523,
        0.007697090359648601,
        0.007403253889014382,
        0.0072402042121486,
        0.006850248368989144,
        0.006724688385258473,
        0.0065782307785758306,
        0.006264420397143575,
        0.006263380593505673,
        0.006029012870313304,
        0.005867350261449622,
        0.0058873837452477935,
        0.005675975266577942,
        0.005613656680835116,
        0.005357354213686896,
        0.005215142672929529,
        0.005209927880001949,
        0.0049955779501783945,
        0.004955960432804811,
        0.005051765163357015,
        0.004595152606646205,
        0.004609155760142982,
        0.004545100431035583,
        0.004492198365152858,
        0.004412174374992323,
        0.004239257588605618,
        0.0042704303761840695,
        0.00416661064752141,
        0.004047749959263167,
        0.004097809349620966,
        0.0039223903480137415,
        0.00392554020707769,
        0.0037238978404766096,
        0.0036860427859383414,
        0.003628989707702579,
        0.003465356617761288,
        0.003343512255851815,
        0.0033616761911183686,
        0.0032744561028685273,
        0.003143133999112742,
        0.003225498532253643,
        0.0032242970778569875,
        0.003149538915345652
    ],
    "val_mse_history": [
        0.01601858302595866,
        0.014698091520797468,
        0.013738196330490686,
        0.012980510350384758,
        0.012271309249062877,
        0.011569211371696765,
        0.011011705499258648,
        0.010367544807599957,
        0.009767526599904182,
        0.009504968503402492,
        0.009224498006258072,
        0.008855007307487067,
        0.008242390645162422,
        0.00849696000751569,
        0.008327033354961572,
        0.007994414362919911,
        0.007855318324484734,
        0.007839708595143822,
        0.007590680398782665,
        0.007523413960619733,
        0.007316320723678465,
        0.007116335644163369,
        0.007215580592657122,
        0.007220970642376277,
        0.006977318118940875,
        0.006965587523128611,
        0.006906675400636684,
        0.006737395887204478,
        0.006780631969974201,
        0.006504918154726445,
        0.00666003246595272,
        0.006497315681147448,
        0.006535806386903502,
        0.006457725777804522,
        0.006319560245002198,
        0.006448989420360471,
        0.00623447916134583,
        0.006203557653327141,
        0.005913322566398449,
        0.005968763894319753,
        0.0059571044593417525,
        0.005610650746899576,
        0.006165941757382289,
        0.005837268961249376,
        0.005714088333928985,
        0.005785348134917935,
        0.005579497189037626,
        0.005755892305597383,
        0.005417895230224389,
        0.005527217032435282,
        0.005559597396041564,
        0.005486734165196777,
        0.005433206122290709,
        0.005611138537393072
    ],
    "test_metrics_scaled": {
        "MAE": 0.1319374427943222,
        "MSE": 0.03107621289440492,
        "MdAE": 0.09488558769226074,
        "Pred(50)": 0.4830917874396135
    },
    "test_metrics_real": {
        "MAE": 1.0554995423545777,
        "MSE": 1.988877625241915,
        "MdAE": 0.7590847015380859,
        "Pred(50)": 0.4830917874396135
    }
}