{
    "run_id": 6,
    "seed": 47,
    "elapsed_sec": 74.59629011154175,
    "best_val_mse": 0.0035445946651680884,
    "epochs_trained": 89,
    "train_loss_history": [
        0.04096990601632685,
        0.017446777702028318,
        0.015994574486588437,
        0.014994719625628065,
        0.014007055099003964,
        0.013357526068353937,
        0.012798660957727522,
        0.012200166947127038,
        0.011399857257308054,
        0.010770437639347085,
        0.010371717700128636,
        0.009538708784107473,
        0.009125111581173741,
        0.008830489345922298,
        0.00853794642598442,
        0.008421698632273114,
        0.00786035718758487,
        0.007569021763398297,
        0.007355489488136733,
        0.007265782109387811,
        0.006943295722723835,
        0.00670825216447055,
        0.006642689993087616,
        0.006469217486613031,
        0.0064160650931409605,
        0.006173209562557676,
        0.006115707425153001,
        0.005968383050732507,
        0.005587405583817541,
        0.005564650298476899,
        0.005397070537409967,
        0.005432629300418147,
        0.005319190559916139,
        0.005242631226013016,
        0.005078870564050574,
        0.005047633051632031,
        0.0050224012252689885,
        0.004682189664371046,
        0.004725296123762659,
        0.004639575137324365,
        0.0045415662545045575,
        0.004392369348178839,
        0.004276531207280988,
        0.004251295238703726,
        0.004181204622519934,
        0.003964557981355086,
        0.00394605846760521,
        0.0038336347636123676,
        0.0038392299412941884,
        0.003665503308949401,
        0.0036103336562287977,
        0.0035205356825682675,
        0.0034527060336023126,
        0.003357277605876637,
        0.003339296161559307,
        0.0031470982337071162,
        0.003207523795445302,
        0.003086578399349477,
        0.0030458814993229075,
        0.0029671980760573955,
        0.0028811977678006293,
        0.0028593530157758366,
        0.002786270941474608,
        0.0027319451165524135,
        0.0026302918177818703,
        0.002707486811910741,
        0.0025725635044629657,
        0.002508214367336468,
        0.0025666191575019473,
        0.0024457051932542874,
        0.002425013945852813,
        0.0023304110311853166,
        0.002233028017693118,
        0.002184702515694967,
        0.0021490626942169103,
        0.0021554299931426254,
        0.0019562626013851963,
        0.00202074800870919,
        0.0019401127823844685,
        0.001885717357268616,
        0.001916299696613495,
        0.0018885791511806134,
        0.0018162358439497886,
        0.0017496540491438715,
        0.001718041659813256,
        0.0017704319900422845,
        0.001688575864035455,
        0.0017342261902134244,
        0.0016790675248240217
    ],
    "val_mse_history": [
        0.01785693830062135,
        0.015361300414856758,
        0.014916515351642902,
        0.014016984241731372,
        0.0135277323876443,
        0.012212500532170987,
        0.011520783123292062,
        0.011463204134546223,
        0.010914442687037102,
        0.010323879676657053,
        0.009894299741638045,
        0.00966206595534865,
        0.008902222198195652,
        0.0084657005281608,
        0.00818363305737526,
        0.008266276661346855,
        0.007920495535657681,
        0.007717520792052731,
        0.00736440322755497,
        0.007362292497892536,
        0.006950092006541838,
        0.007082996655222338,
        0.006801987144181345,
        0.0066393611294523055,
        0.0066621360737286325,
        0.006471198875901284,
        0.006584945486796725,
        0.006353356776841653,
        0.006428073636703126,
        0.006108288924676662,
        0.006025219223144153,
        0.00617224025946432,
        0.0062200627993205995,
        0.006031070413529293,
        0.005738044492655477,
        0.005756430775906366,
        0.005616180044896706,
        0.005634236931742612,
        0.005622511591806005,
        0.005409556363729131,
        0.005358758381559182,
        0.005419745960754654,
        0.005335210935917655,
        0.005140255507394886,
        0.005156466977161093,
        0.005103828120438419,
        0.00504907523828582,
        0.005051583416817632,
        0.0050695159424964786,
        0.004886227964227012,
        0.004952813348069663,
        0.004874580761129357,
        0.004698030654146171,
        0.004670698332460203,
        0.004774365520972687,
        0.004451308139964337,
        0.00475975691683139,
        0.0046058412400739835,
        0.004531686064539222,
        0.0043015364323696955,
        0.004391884069351063,
        0.004430414468129895,
        0.004380335453148375,
        0.004255456414874014,
        0.004350655698600524,
        0.004439157250409079,
        0.0041728110283906945,
        0.004310272448984112,
        0.004129238124962704,
        0.004026914359989682,
        0.00433199610153442,
        0.003891218657591163,
        0.00397478158845375,
        0.004084086469983783,
        0.003960542928022732,
        0.004087792792045988,
        0.003774448727594752,
        0.0038489838654382365,
        0.0036396060244009453,
        0.0037477263589814915,
        0.003869495324802305,
        0.003813775834587607,
        0.0037128128884668797,
        0.0035445946651680884,
        0.0037923717451134923,
        0.003679759187413382,
        0.003606316873500325,
        0.0036686564401891756,
        0.0036391568340901695
    ],
    "test_metrics_scaled": {
        "MAE": 0.14227417385211502,
        "MSE": 0.03330669697196511,
        "MdAE": 0.11640730500221252,
        "Pred(50)": 0.4416403785488959
    },
    "test_metrics_real": {
        "MAE": 1.1381933908169202,
        "MSE": 2.131628606205767,
        "MdAE": 0.9312584400177002,
        "Pred(50)": 0.4416403785488959
    }
}