{
    "run_id": 8,
    "seed": 49,
    "elapsed_sec": 81.791170835495,
    "best_val_mse": 0.003775817489577667,
    "epochs_trained": 97,
    "train_loss_history": [
        0.03508260577274043,
        0.016732843829289315,
        0.015474476696302494,
        0.014345515197852538,
        0.013666761420031507,
        0.012861390084412599,
        0.011931115909228249,
        0.011225564693588586,
        0.010536436233595604,
        0.010117965008479559,
        0.009612114926327079,
        0.009067638472761102,
        0.008632578749379645,
        0.008439116744465002,
        0.00799930453233953,
        0.007733979735464331,
        0.007521692017603311,
        0.0073658168410128426,
        0.007145153365508165,
        0.006992768072190562,
        0.0067972265306808465,
        0.006571366608286986,
        0.0065224910601197434,
        0.006295929369073184,
        0.006230689204087304,
        0.006124521076719883,
        0.005978668902239334,
        0.005774803499835322,
        0.005664179690592434,
        0.0055589810813433446,
        0.00552256277204299,
        0.005411374469062254,
        0.005315916540446721,
        0.005209714869990768,
        0.0050292431200403605,
        0.005026528526315584,
        0.0048528546864713825,
        0.0046997524105891995,
        0.0047206881537845006,
        0.004574193931018401,
        0.004561699512701053,
        0.004405968445343971,
        0.004416837813175608,
        0.00439282534237478,
        0.004236090272786983,
        0.004067691331516789,
        0.004092651802080033,
        0.004008470890333965,
        0.003922027048593875,
        0.003991460031506399,
        0.003767826942965344,
        0.003718391016249486,
        0.003596766899886822,
        0.003489686589524527,
        0.0035649868368636817,
        0.003396962080076928,
        0.003567161178955483,
        0.003277679750305926,
        0.003262901012296049,
        0.0033468960406487836,
        0.0031126985175808568,
        0.0031255717713354406,
        0.0030234515386779555,
        0.003079344592974632,
        0.002930216295118,
        0.002956778867565657,
        0.0028632072533669303,
        0.0028512842360965255,
        0.0028173559498215566,
        0.002721146955977135,
        0.0027103406783204435,
        0.0027664463046849484,
        0.002552350553626653,
        0.002448691760715548,
        0.002386663169697082,
        0.002388676494269425,
        0.00232718145441992,
        0.0024469585439960825,
        0.0023648247254655754,
        0.002290378775219396,
        0.0022489872085677074,
        0.0022800068669196678,
        0.002253360367398099,
        0.0022387704857031905,
        0.002237716910294405,
        0.0021097143644943743,
        0.0021197216784847634,
        0.0021550564741205777,
        0.0020735850633909216,
        0.0021459994953595073,
        0.002117459187242535,
        0.0020944160696383315,
        0.0020492559665904585,
        0.002034713390631147,
        0.0020073556541839416,
        0.0020298180110301703,
        0.0019199329697238724
    ],
    "val_mse_history": [
        0.017527230061574396,
        0.015378182839397665,
        0.014472518876162873,
        0.01357877531952399,
        0.013031106663084586,
        0.012195715133044875,
        0.011142207976297572,
        0.010750187292812992,
        0.010262976405592627,
        0.009299009958395296,
        0.009220302564656472,
        0.008902544643013426,
        0.0087154531417641,
        0.008250955534195267,
        0.008155979395864984,
        0.007934421169105083,
        0.008053355758430606,
        0.007719956066480062,
        0.007389779140447953,
        0.007102353723869214,
        0.006903399660223244,
        0.007007696474903114,
        0.0067752229659097645,
        0.006800590255976019,
        0.006480885953518658,
        0.006421943082110231,
        0.006325988401144978,
        0.006433325698853739,
        0.00619485250636522,
        0.0061899356390320475,
        0.006047142450743258,
        0.006007776518126434,
        0.0059138645366825435,
        0.005757910199850013,
        0.00566560259950247,
        0.005715184767974666,
        0.005539682015858822,
        0.005630258850587948,
        0.005479103554898292,
        0.005658442871218868,
        0.005643187126464317,
        0.005235465120646278,
        0.005209118736303777,
        0.00558349829137017,
        0.005152428905998444,
        0.005163529206353236,
        0.005088560219675503,
        0.00499057671691615,
        0.004971900372371688,
        0.004999046856224267,
        0.004914800638153031,
        0.004813754881363026,
        0.004764753030667944,
        0.00490012956633884,
        0.00462557195658986,
        0.0048341221065259414,
        0.00469607696026566,
        0.004650356453764375,
        0.004534784051876549,
        0.004620819601110608,
        0.004515071805722622,
        0.00461401555482158,
        0.004556834404894584,
        0.004568610531444057,
        0.004451802057263585,
        0.004430229953862987,
        0.0043612409114323685,
        0.004250367094977804,
        0.004341000640327831,
        0.00426617825117151,
        0.004325977335566993,
        0.004313738124556372,
        0.004150349645765157,
        0.004131128443581313,
        0.004195070107323446,
        0.004088055121651361,
        0.004228844784050524,
        0.004091711988281644,
        0.0040221549624774675,
        0.004113123415287292,
        0.0041477431648077635,
        0.0039682867176181295,
        0.0040452755253331365,
        0.004088079075110738,
        0.003892429482197835,
        0.0039017690413227393,
        0.003978751999266762,
        0.0038421810820855854,
        0.00399472248341633,
        0.003886813662426286,
        0.0038453419420485233,
        0.003775817489577667,
        0.003915787977754524,
        0.0038982141520705715,
        0.003823276725169422,
        0.0038425561601057425,
        0.003905310704630169
    ],
    "test_metrics_scaled": {
        "MAE": 0.13695234041839552,
        "MSE": 0.03127069870853478,
        "MdAE": 0.1075545996427536,
        "Pred(50)": 0.43769968051118213
    },
    "test_metrics_real": {
        "MAE": 1.0956187233471641,
        "MSE": 2.001324717346226,
        "MdAE": 0.8604367971420288,
        "Pred(50)": 0.43769968051118213
    }
}