{
    "run_id": 1,
    "seed": 42,
    "elapsed_sec": 46.69471859931946,
    "best_val_mse": 0.005968816529759438,
    "epochs_trained": 55,
    "train_loss_history": [
        0.020794611799323723,
        0.015836174137860773,
        0.014344626002841525,
        0.013497421505957074,
        0.012684480942201816,
        0.011532861116667471,
        0.010852724379335071,
        0.010178428580744251,
        0.009439190229704042,
        0.009079298212392522,
        0.008888798019301796,
        0.008238574251576904,
        0.00811915138148747,
        0.007867945554492523,
        0.007357432609996832,
        0.0071596892422161225,
        0.007011263118502462,
        0.006871477436987565,
        0.006576474209035199,
        0.00659708191533499,
        0.006452339618200702,
        0.006243504744137652,
        0.00624028479519655,
        0.006031319505252343,
        0.005778491651336293,
        0.005775996004804111,
        0.005640866494754196,
        0.005505444410826183,
        0.0051572406294918246,
        0.005192936989866818,
        0.005230738713945602,
        0.00500987487011737,
        0.004992927892580776,
        0.004894876085537752,
        0.004703317556598608,
        0.004814526942763699,
        0.004550049488898367,
        0.0043692021510131395,
        0.0044579905379722486,
        0.004374914864052294,
        0.0042491607157336105,
        0.004179367922627116,
        0.004164510053843038,
        0.003958651633602419,
        0.003804826241638881,
        0.003840613497896046,
        0.003813296876441676,
        0.0038020541403620016,
        0.003658174826312692,
        0.0035991271071243174,
        0.0035285030640403014,
        0.003434754966523513,
        0.0033982717489827396,
        0.0032989047925054494,
        0.0031887343897584026
    ],
    "val_mse_history": [
        0.01994938553567788,
        0.018214239329415582,
        0.01646003026785601,
        0.01608763937946588,
        0.014726978311961889,
        0.013591464771393887,
        0.012942470826961507,
        0.012546783034613953,
        0.012535600906339942,
        0.01182255105477191,
        0.011245800063513183,
        0.011251279389708194,
        0.010810811321359602,
        0.010271757367595393,
        0.009916003263585238,
        0.009670916098039203,
        0.009134216463355627,
        0.009460424031640128,
        0.009166268168437504,
        0.009328524176666677,
        0.009051561063456282,
        0.008716777088261478,
        0.008366764825116566,
        0.008542617402526723,
        0.008529790951951019,
        0.008514153845987275,
        0.008039456792565564,
        0.008237182557352453,
        0.007823756150801262,
        0.007947913642306638,
        0.007914868323416233,
        0.007835272864932684,
        0.007684968053598111,
        0.0076080423799999184,
        0.007648375719305515,
        0.0072310125777355185,
        0.0073738304669995975,
        0.006958748380289652,
        0.0071526866445643334,
        0.006664890339293355,
        0.00716257760028376,
        0.007204324107240477,
        0.006803167377643715,
        0.006447102219014923,
        0.006721913565907732,
        0.006329606540067993,
        0.006786044716750499,
        0.006542594241334996,
        0.006245147884175084,
        0.005968816529759438,
        0.006418570778354548,
        0.006217256998619395,
        0.006134423666751277,
        0.00607360856797958,
        0.006184919250923263
    ],
    "test_metrics_scaled": {
        "MAE": 0.12259927923616584,
        "MSE": 0.02552066595274564,
        "MdAE": 0.09875534474849701,
        "Pred(50)": 0.4859038142620232
    },
    "test_metrics_real": {
        "MAE": 0.9807942338893267,
        "MSE": 1.633322620975721,
        "MdAE": 0.7900427579879761,
        "Pred(50)": 0.4859038142620232
    }
}