{
    "run_id": 5,
    "seed": 46,
    "elapsed_sec": 65.06307578086853,
    "best_val_mse": 0.005206940166958842,
    "epochs_trained": 78,
    "train_loss_history": [
        0.02463625789073015,
        0.016409535567084,
        0.014857843089553098,
        0.014166741497031161,
        0.01287164174145945,
        0.01252166476906351,
        0.011822603251193725,
        0.01107545914257773,
        0.010492653028839933,
        0.009988809989336583,
        0.009431392077304836,
        0.008974395235926504,
        0.00891951103103421,
        0.00838122882285259,
        0.007995655869192902,
        0.008021541174948363,
        0.007639989546973199,
        0.007420510030536365,
        0.0072021153150311126,
        0.006901138971212305,
        0.0068300909409853856,
        0.006775097303380747,
        0.0064644928188211034,
        0.006354643767865907,
        0.00617102355722131,
        0.005980216285457746,
        0.005862698922606392,
        0.005717012223728475,
        0.005719335796865856,
        0.005678824940419179,
        0.0054381835571904145,
        0.00522944534341583,
        0.0052340175662677554,
        0.005101318035731166,
        0.004976679931768024,
        0.004896383126920444,
        0.0047150748555034785,
        0.004707961213878459,
        0.004665336764273455,
        0.004474406019278196,
        0.004353070499963083,
        0.004298934743957712,
        0.0042634251800509875,
        0.004173713746399338,
        0.0040611116892828175,
        0.00404221194289026,
        0.003918306137959931,
        0.003927975171661403,
        0.0037802646441536677,
        0.0036527448535216825,
        0.0036224751970693764,
        0.003670414887546074,
        0.0034653007095339634,
        0.003315970363993464,
        0.0032732547136090162,
        0.003297928679135761,
        0.0032911407322408484,
        0.003285704235110195,
        0.0032912487963802136,
        0.00311347406167197,
        0.003004583062330124,
        0.0030643275633106923,
        0.0030946403307357934,
        0.0030441558547964734,
        0.0029305756103158707,
        0.002992725675987516,
        0.002912131302605664,
        0.002870183597440787,
        0.0027802977828763516,
        0.0027527679421981456,
        0.002725401211974381,
        0.0027294546766031074,
        0.002750150079038345,
        0.002735366813996936,
        0.0026260724321002186,
        0.002593093539684242,
        0.002638485822581782,
        0.002586706208747937
    ],
    "val_mse_history": [
        0.018781095176279104,
        0.017078399635550485,
        0.016428268266549497,
        0.015158327205242704,
        0.015224885636877513,
        0.013854536014412167,
        0.013458450769426948,
        0.012697639836982282,
        0.012003356200500928,
        0.011607897325484479,
        0.011527437117833137,
        0.010863124582163392,
        0.010521700738726372,
        0.010215267380416984,
        0.009746862417765558,
        0.009570841473093325,
        0.009817497478940042,
        0.009298477308612942,
        0.009107956941845321,
        0.009212389446351667,
        0.008853970939027223,
        0.00848167921870873,
        0.008296194192585782,
        0.00826334330774995,
        0.007960833042314925,
        0.00845678391694933,
        0.007824502502401855,
        0.007722801392028342,
        0.007645592611402757,
        0.007885809385139116,
        0.0074911833920592195,
        0.007171363592951246,
        0.007076156864202737,
        0.007212580472942877,
        0.007066577960919346,
        0.006982190140066508,
        0.0067242332088161385,
        0.0067657332423389106,
        0.007012405151871348,
        0.006851781154672742,
        0.006596859561568546,
        0.006455668765103926,
        0.00637997461890972,
        0.006435539700060047,
        0.006187823897960173,
        0.006405157468611724,
        0.00653933835796491,
        0.00587369182348019,
        0.006355779916126448,
        0.006586158925297047,
        0.00622971003917126,
        0.006030432741727138,
        0.005744255906127817,
        0.00612951907387633,
        0.006031706127989051,
        0.005651825874239411,
        0.005523282977746736,
        0.00626608312997538,
        0.00567598912153351,
        0.0054598756333842985,
        0.00579453459514361,
        0.005423274230138224,
        0.005553548866439003,
        0.0057611099766360155,
        0.005402639306780245,
        0.005400589797233761,
        0.005567784053926193,
        0.005303773287843447,
        0.005604578158460325,
        0.005335341119173853,
        0.0058434603187289555,
        0.0052390193229993175,
        0.005206940166958842,
        0.005413626285786909,
        0.005323828807759013,
        0.005444237280310859,
        0.005390216823114335,
        0.005232291971391956
    ],
    "test_metrics_scaled": {
        "MAE": 0.13059981185724967,
        "MSE": 0.028882254297161906,
        "MdAE": 0.10405245423316956,
        "Pred(50)": 0.49261083743842365
    },
    "test_metrics_real": {
        "MAE": 1.0447984948579974,
        "MSE": 1.848464275018362,
        "MdAE": 0.8324196338653564,
        "Pred(50)": 0.49261083743842365
    }
}