{
    "run_id": 3,
    "seed": 44,
    "elapsed_sec": 20.247581720352173,
    "best_val_mse": 0.0075819476154511956,
    "epochs_trained": 24,
    "train_loss_history": [
        0.025152453740630003,
        0.01510618769356774,
        0.013970533911589651,
        0.012988755192112414,
        0.012346037056496633,
        0.011726601979702652,
        0.010807787441456366,
        0.010132812431991278,
        0.009743901433437945,
        0.009076822234506142,
        0.008836215118034965,
        0.008372256322579074,
        0.008125667547112301,
        0.007748617682539459,
        0.007463609323456203,
        0.0073637543671158335,
        0.007083794704937775,
        0.006881676930268961,
        0.006698977875722838,
        0.006444071678699748,
        0.006374577443311286,
        0.006185029198633625,
        0.006159388996098959,
        0.0059872536249237045
    ],
    "val_mse_history": [
        0.016719026166364004,
        0.015280019864746665,
        0.014289261213369037,
        0.013740878389310754,
        0.012368217737670991,
        0.013072868730310962,
        0.01140800510297204,
        0.010546067935667678,
        0.010568072774456802,
        0.009974067547670763,
        0.009526542610049933,
        0.009764863299749292,
        0.009599493623423426,
        0.009027394617586212,
        0.008582600839401136,
        0.008377932006625656,
        0.008579520917540545,
        0.008085681018581798,
        0.0075819476154511956,
        0.007979799771346833,
        0.007770381309415105,
        0.007800469602422548,
        0.007972726488742086,
        0.008106286862535263
    ],
    "test_metrics_scaled": {
        "MAE": 0.12748268829876627,
        "MSE": 0.029716963002739443,
        "MdAE": 0.10171869397163391,
        "Pred(50)": 0.5286624203821656
    },
    "test_metrics_real": {
        "MAE": 1.0198615063901302,
        "MSE": 1.9018856321753244,
        "MdAE": 0.8137495517730713,
        "Pred(50)": 0.5286624203821656
    }
}