{
    "run_id": 10,
    "seed": 51,
    "elapsed_sec": 53.485573291778564,
    "best_val_mse": 0.004584772288500336,
    "epochs_trained": 64,
    "train_loss_history": [
        0.019752691183904453,
        0.01592082122991246,
        0.014688205345356394,
        0.013020885594573522,
        0.012065862324864915,
        0.01126344371051158,
        0.010434136890421903,
        0.009643686290863636,
        0.009337381956847532,
        0.008852352227439127,
        0.008314855567674848,
        0.008020404263839332,
        0.007671742291662783,
        0.007383016503549048,
        0.007259748812343571,
        0.006943281838810811,
        0.006930811818973679,
        0.006631622850869058,
        0.006450472761311435,
        0.0062247316467590515,
        0.006074163642811722,
        0.0059030677736108565,
        0.005934573922006946,
        0.005803268372787104,
        0.0056225761419184325,
        0.005545138134962938,
        0.005386354612825912,
        0.005279866317453395,
        0.005185072707559263,
        0.005113719445828806,
        0.005060845424258519,
        0.004848416928166804,
        0.004801396361833054,
        0.004595983195781988,
        0.004564236333530899,
        0.004499445944453501,
        0.004548925633398106,
        0.0044194047883456015,
        0.004309569812095206,
        0.0042360160841203726,
        0.004154989254034479,
        0.0040187567926570035,
        0.004011458386288261,
        0.0039083286225962055,
        0.0038284147512823684,
        0.0036937012250529647,
        0.0036562665468192704,
        0.0036193208564775036,
        0.003522787659358795,
        0.0034229609099427414,
        0.0034393775729565984,
        0.0033501521425528657,
        0.003283387068973204,
        0.0031434513698008638,
        0.003136025320614747,
        0.003085265367796334,
        0.003040659754622048,
        0.002845368005630065,
        0.0028325277088452057,
        0.0028018360094320665,
        0.0026933477050670985,
        0.0027042678309607297,
        0.002710714890752801,
        0.0025930439032168895
    ],
    "val_mse_history": [
        0.01536695316095924,
        0.014780295079872562,
        0.013251151821067295,
        0.012540394227785552,
        0.011602030221681369,
        0.011090231760418998,
        0.010262109629109744,
        0.009970264763193971,
        0.009284893795737714,
        0.008649150745152451,
        0.008674388302425902,
        0.008454337300756721,
        0.008419935400639232,
        0.008063288685567688,
        0.008317013774581857,
        0.007465214297335021,
        0.007438009548457122,
        0.007224877348463911,
        0.007428271029186939,
        0.007143031059520455,
        0.006864845314922403,
        0.0065905361567425,
        0.006918459662133335,
        0.006736274811204226,
        0.006531035432810464,
        0.0065100411030688705,
        0.006374438366109776,
        0.0062997716705602575,
        0.006288342584779965,
        0.006113895648467927,
        0.0061436467335305575,
        0.005907587643117133,
        0.006190988449708744,
        0.005732369700720537,
        0.006124193904397284,
        0.00601860782948679,
        0.005748276148665319,
        0.005602740868251511,
        0.005649338419306648,
        0.0056500791865534946,
        0.005585926008261898,
        0.005557992671531955,
        0.005442147016908706,
        0.005385358521418082,
        0.005391250427667915,
        0.005181144348502698,
        0.005190992627019798,
        0.005435180575745155,
        0.005345563333157164,
        0.004947802081076889,
        0.005379078717200128,
        0.005183592036188291,
        0.0048276349262288965,
        0.0048533714396374154,
        0.004837400825100165,
        0.005077432552597025,
        0.004904332114063705,
        0.004688243190662368,
        0.004584772288500336,
        0.004741514162548955,
        0.004809462979696089,
        0.004659865728298657,
        0.00467046459253151,
        0.004779347566305328
    ],
    "test_metrics_scaled": {
        "MAE": 0.12732327193874704,
        "MSE": 0.02842834816237585,
        "MdAE": 0.09812784194946289,
        "Pred(50)": 0.5050505050505051
    },
    "test_metrics_real": {
        "MAE": 1.0185861755099763,
        "MSE": 1.8194142823920545,
        "MdAE": 0.7850227355957031,
        "Pred(50)": 0.5050505050505051
    }
}