{
    "run_id": 2,
    "seed": 43,
    "elapsed_sec": 54.450796127319336,
    "best_val_mse": 0.005803381056489905,
    "epochs_trained": 65,
    "train_loss_history": [
        0.020582364994056877,
        0.0165536306236708,
        0.015139399494584059,
        0.01428365336346721,
        0.01312519326650848,
        0.01217412234871604,
        0.011561406619240723,
        0.01076582886670376,
        0.01016694940589664,
        0.009572495146477152,
        0.009144959944514705,
        0.008712099510289374,
        0.008523444491734226,
        0.008329032676383144,
        0.007917774312700781,
        0.007625233169482459,
        0.007413514507500204,
        0.007460747948489226,
        0.007322011021425992,
        0.0067669591300063845,
        0.0068411214899877825,
        0.00682715815214795,
        0.006645004925621111,
        0.006420200402360587,
        0.00636021302558393,
        0.00616402169301485,
        0.006067195066457821,
        0.0058986201636596685,
        0.005880205497969799,
        0.005678513352962447,
        0.0056182273597981305,
        0.005652153403692258,
        0.005495841645507238,
        0.005319555357952292,
        0.005316047955097424,
        0.005094095557329378,
        0.005105207945610072,
        0.005139483312617928,
        0.0048686871822509505,
        0.004855275239577399,
        0.0049785782746131725,
        0.004715699640135946,
        0.0045633520806274775,
        0.0045165054630377285,
        0.004402923983030228,
        0.004287982908112648,
        0.0042321215326424745,
        0.004343482171298959,
        0.004120926992664676,
        0.004084583892974825,
        0.004079676368818914,
        0.003972122287941313,
        0.0039066476165317,
        0.0038708491391310144,
        0.003676038132869594,
        0.0036670670995677243,
        0.0035125643965632967,
        0.003530196063308274,
        0.0036099109043818086,
        0.0034634372157539934,
        0.003403366108296535,
        0.0034128957807311846,
        0.0034098726984146716,
        0.0033206228376550986,
        0.0032572751038565505
    ],
    "val_mse_history": [
        0.01757308794844754,
        0.016708918479965064,
        0.015832358133886247,
        0.014742314115735311,
        0.014120351901171089,
        0.013209610597188896,
        0.01261779411029396,
        0.012177210354276028,
        0.011578626863654917,
        0.011393684100749977,
        0.01103753701577062,
        0.010497647255494607,
        0.010349617330314328,
        0.009899278296046646,
        0.009708924277320266,
        0.009531305524243056,
        0.009204233518873554,
        0.008798759196517908,
        0.008836647370644277,
        0.00869649404347427,
        0.00870475548836925,
        0.008800759997005638,
        0.008633403402665964,
        0.008412539986156762,
        0.00805888301766817,
        0.0077558694121243575,
        0.007962731576506928,
        0.007949469869829006,
        0.007728896479947052,
        0.00782757491571921,
        0.007578757420809996,
        0.007461460644946084,
        0.0074732896497226075,
        0.0076859536895626706,
        0.007276280600602557,
        0.0072551563488264205,
        0.007097405916382487,
        0.007016661528858835,
        0.007017664338061048,
        0.006890423626912402,
        0.006841008050273746,
        0.006847698743704484,
        0.006856670376060431,
        0.006596322861282532,
        0.0066405501893626795,
        0.006488302513113957,
        0.0065894571468251145,
        0.006602589161820792,
        0.006350423028526156,
        0.006165147727955166,
        0.006529135144377785,
        0.006378529509052415,
        0.006344261465585197,
        0.00643868291086467,
        0.006072201026442649,
        0.006088060973990664,
        0.006058162869449418,
        0.006217077821120402,
        0.00607530014347099,
        0.005803381056489905,
        0.006091173719865434,
        0.006061231372623437,
        0.005963308490848256,
        0.0060281004097909215,
        0.0059020752627609455
    ],
    "test_metrics_scaled": {
        "MAE": 0.124788726217363,
        "MSE": 0.02812930137193479,
        "MdAE": 0.08509968966245651,
        "Pred(50)": 0.48366013071895425
    },
    "test_metrics_real": {
        "MAE": 0.998309809738904,
        "MSE": 1.8002752878038266,
        "MdAE": 0.6807975172996521,
        "Pred(50)": 0.48366013071895425
    }
}