{
    "run_id": 7,
    "seed": 48,
    "elapsed_sec": 73.75424003601074,
    "best_val_mse": 0.004995688000131838,
    "epochs_trained": 88,
    "train_loss_history": [
        0.03575359393347291,
        0.017193358511634407,
        0.01583939300487853,
        0.014838218278739424,
        0.014304363865420104,
        0.013400337110931379,
        0.012882422950554875,
        0.012001853162748,
        0.011234041999116363,
        0.010735965384695206,
        0.010178348653772403,
        0.009604247851437696,
        0.009163311945961877,
        0.00884912770965861,
        0.008335960705095666,
        0.008111337221981514,
        0.00765134912725198,
        0.007637602652216123,
        0.00748732177002932,
        0.007141241551070134,
        0.006910530762517795,
        0.006678733754799598,
        0.006610082110874207,
        0.006310655617631883,
        0.0062460636411468306,
        0.006069183190693221,
        0.005993456324508842,
        0.0059648764043462475,
        0.005687080037739453,
        0.005639275591838957,
        0.005504461479537736,
        0.005385905436086764,
        0.005386140051996335,
        0.005112641185636647,
        0.005059103321169488,
        0.004910161176840553,
        0.004948039176515377,
        0.0048623312544632,
        0.0047499593134806865,
        0.004609144682439769,
        0.00449579237892832,
        0.004427900517521988,
        0.004338101359612737,
        0.004308897136185792,
        0.004316632091465022,
        0.0041203464534769335,
        0.0040375138261070885,
        0.004024249072591331,
        0.003991728470917599,
        0.003986945361710183,
        0.0038182556094224786,
        0.0037254239009815223,
        0.0036301090941479844,
        0.0035856113774195638,
        0.0033709580085188565,
        0.0033367128840865686,
        0.0033105909410912158,
        0.00330820724521468,
        0.0032323999371978323,
        0.0032371020338143267,
        0.003183501130796873,
        0.003096129694428768,
        0.0030810969280234226,
        0.0030880636261408365,
        0.003189341907965995,
        0.0029750955226417217,
        0.0031100986061140985,
        0.0029783109391231964,
        0.0029035678181528403,
        0.0029745516700449303,
        0.0029354312565475185,
        0.003015618636651659,
        0.003010899017219402,
        0.0028379103933398185,
        0.0028277766103865505,
        0.0028900531594574985,
        0.0028739772621072857,
        0.00284174831731001,
        0.0028263381215751114,
        0.0027911246637351782,
        0.002765520322201256,
        0.00276910005396487,
        0.002780880901102339,
        0.0027609758371476174,
        0.002791621400290982,
        0.002772047482375499,
        0.0027456421022569494,
        0.0027036370494955457
    ],
    "val_mse_history": [
        0.020417961173928873,
        0.01824059192791924,
        0.01765680947232411,
        0.01666545028206653,
        0.015795859889146013,
        0.01510266792179816,
        0.014052359439319193,
        0.013393010034848003,
        0.01288923666880582,
        0.01264746353511295,
        0.011972434299751075,
        0.011787408354086225,
        0.010720709007994822,
        0.010743166753544448,
        0.010340991636701248,
        0.01001614411024888,
        0.009573099557700382,
        0.00958018316058483,
        0.009314099088542936,
        0.009082965979164805,
        0.008764065554046458,
        0.008837576370923549,
        0.008618755045123298,
        0.008473292901295526,
        0.008301990999281318,
        0.008112955781786509,
        0.008058749476947447,
        0.007818573468967218,
        0.007719997168171797,
        0.007394420744155309,
        0.007454621144245989,
        0.007545840996605811,
        0.007376144730681914,
        0.007235186932634735,
        0.0071391059296402526,
        0.006956542292382238,
        0.006801815481985092,
        0.006556515712751657,
        0.006695967981873732,
        0.006699761675166077,
        0.006650205287109485,
        0.006514713039846845,
        0.00641424225239714,
        0.0064646566919298945,
        0.006419177810293985,
        0.006318684862416658,
        0.006253156705211816,
        0.005997365838254806,
        0.0061199507332651846,
        0.005623758172930721,
        0.005908022140847777,
        0.005871048934809681,
        0.005665020165541162,
        0.005777712230363606,
        0.005594780757772385,
        0.005513706522870123,
        0.00536323597460927,
        0.005520058969017551,
        0.005455772483976314,
        0.005520941309356227,
        0.005399308795088949,
        0.005353487819383644,
        0.005361164593818154,
        0.005283415840461125,
        0.005358871069185975,
        0.005323480025252399,
        0.005322216153929597,
        0.0052454855142734045,
        0.005130931056025166,
        0.005063190825408357,
        0.005235992148309672,
        0.005300970194092128,
        0.005159750863371982,
        0.005053669189608855,
        0.005232881892067342,
        0.005324374798548248,
        0.00536329859952731,
        0.005125490112292674,
        0.005027643306780732,
        0.0050269272810254595,
        0.0051341902988692985,
        0.005188253458662824,
        0.004995688000131838,
        0.005059305063087594,
        0.005319119249005654,
        0.005067192491053548,
        0.005032846251503565,
        0.0050828907279072
    ],
    "test_metrics_scaled": {
        "MAE": 0.12550846458270543,
        "MSE": 0.025967267226013807,
        "MdAE": 0.09870175272226334,
        "Pred(50)": 0.48753894080996885
    },
    "test_metrics_real": {
        "MAE": 1.0040677166616434,
        "MSE": 1.6619051024648837,
        "MdAE": 0.7896140217781067,
        "Pred(50)": 0.48753894080996885
    }
}