{
    "run_id": 8,
    "seed": 49,
    "elapsed_sec": 21.910568475723267,
    "best_val_mse": 0.001820579300400731,
    "epochs_trained": 48,
    "train_loss_history": [
        0.03250017452852002,
        0.01700736062290768,
        0.015616943473957243,
        0.0141500528598766,
        0.01296925976029819,
        0.011905824568765681,
        0.010631583471198582,
        0.009490055673282653,
        0.00839044374417484,
        0.007175389656035733,
        0.006312979355229006,
        0.00538783554691777,
        0.004525036962207643,
        0.004017442420479797,
        0.003450981353775465,
        0.002878446032853043,
        0.002586959503426601,
        0.002350928142919974,
        0.0019934026681261863,
        0.0017280431908032383,
        0.0014533257349357304,
        0.0013352582601429378,
        0.0012183150856654966,
        0.0010785419447832585,
        0.0009405837153035608,
        0.0008691123232041257,
        0.000776678208427574,
        0.0006818167347239704,
        0.0006415223570146491,
        0.000565934562069338,
        0.0005025969019640349,
        0.00045852790720793624,
        0.00042777297459819933,
        0.00037210504434903943,
        0.0003577943958040874,
        0.00032521495793642115,
        0.00032019343710826,
        0.0002702738396230473,
        0.000283278250006131,
        0.00026567612380786734,
        0.00021756883332215245,
        0.00022605989943258464,
        0.00019334211626142312,
        0.0001674948870502357,
        0.0001453421488645651,
        0.00017813892484102526,
        0.00015635355389133023,
        0.00011028005910486085
    ],
    "val_mse_history": [
        0.01787180023537594,
        0.015361630108772676,
        0.01440019652163645,
        0.013605500687197559,
        0.012017078416573962,
        0.011387893689189407,
        0.010599036022052815,
        0.009287947139559227,
        0.008371460748135206,
        0.007576786985018635,
        0.006767807194921677,
        0.006241340280848233,
        0.005640533698523803,
        0.0053059298618590885,
        0.004685301938561753,
        0.0044738896855953895,
        0.003840552382085322,
        0.0038512200368796905,
        0.0035434022002782503,
        0.00329067574799913,
        0.0032666310108250512,
        0.002949052680475772,
        0.002787131262000359,
        0.0027647907722415216,
        0.002659074196181288,
        0.002484419281750797,
        0.0025417616891737736,
        0.002438627195232585,
        0.002276600267049298,
        0.0023557064758296387,
        0.0021853620776961604,
        0.002167511953592427,
        0.0022097971666027393,
        0.0020858679150355403,
        0.0019892291171852558,
        0.0021200918693834382,
        0.0020376103969419607,
        0.002103102464957044,
        0.001961936626433492,
        0.0019120281933359042,
        0.0019641741382700343,
        0.0018658274774649873,
        0.001820579300400731,
        0.0019606210032253896,
        0.0019399976959924817,
        0.0018424002989271364,
        0.0019169257624982764,
        0.0018331689796622923
    ],
    "test_metrics_scaled": {
        "MAE": 0.11062376967336708,
        "MSE": 0.022382154300107628,
        "MdAE": 0.07913026213645935,
        "Pred(50)": 0.5383386581469649
    },
    "test_metrics_real": {
        "MAE": 0.8849901573869366,
        "MSE": 1.4324578752068882,
        "MdAE": 0.6330420970916748,
        "Pred(50)": 0.5383386581469649
    }
}