{
    "run_id": 2,
    "seed": 43,
    "elapsed_sec": 25.478374004364014,
    "best_val_mse": 0.0022300257010179876,
    "epochs_trained": 54,
    "train_loss_history": [
        0.019217487598311097,
        0.015758721784333744,
        0.014194407081785834,
        0.012452407693859958,
        0.011072598924372522,
        0.010004408152160487,
        0.008557246678272292,
        0.007250906191840176,
        0.006310157750415365,
        0.005394776326803756,
        0.004547359256696562,
        0.00392486703501726,
        0.003367911511015827,
        0.0029210453485286544,
        0.0024484838618913534,
        0.0021346035563120885,
        0.0018621483382986978,
        0.001596918243786416,
        0.0014009097305085836,
        0.001198113570613454,
        0.001120626555521518,
        0.0010209868075276424,
        0.0009221887773622127,
        0.0007319374352456569,
        0.0006732648941709028,
        0.0006281660611969687,
        0.0005639901561470839,
        0.0005001488475139172,
        0.0004275505971958092,
        0.0004008651144503679,
        0.0003865347761246893,
        0.00036002852602761115,
        0.00032473458206426124,
        0.00031293207969914266,
        0.0002594272678141438,
        0.0002412325881474923,
        0.0002315490687362312,
        0.00022111257972966765,
        0.00018095093944447442,
        0.00017845894181225467,
        0.0001772739125290028,
        0.0001787155638556301,
        0.00016808250965700682,
        0.00020077693697535397,
        0.00017479656613821653,
        0.00013814408973144416,
        0.00012645014275193038,
        0.000123561573254558,
        0.00014389420195064822,
        0.00011760847432707946,
        0.00010669462555655166,
        0.0001707901877717444,
        0.00013498683943503743,
        7.289763578459286e-05
    ],
    "val_mse_history": [
        0.017270551330982514,
        0.01625932417388462,
        0.014872279720587866,
        0.013252345962749736,
        0.01230905551147158,
        0.011618733349956813,
        0.010435941034891249,
        0.009154531121083706,
        0.008531529431573023,
        0.007705971387077525,
        0.006977814773232924,
        0.006313771613317383,
        0.005628282425406047,
        0.005319135965388365,
        0.005108501358363711,
        0.004479491160510777,
        0.004443660318364132,
        0.004041482542423445,
        0.003979635320242552,
        0.0036352668625693383,
        0.0034663606843698754,
        0.0033790648164854216,
        0.00330137560919915,
        0.0030505951434493138,
        0.0030062365931813433,
        0.0030916968131578467,
        0.002883852069458458,
        0.002781839283074782,
        0.0028013629560881344,
        0.002763999057640977,
        0.002796707077487505,
        0.0026009177506530552,
        0.0025684859286333895,
        0.002518097376465143,
        0.002630451613997662,
        0.0025981859679659633,
        0.002512503394219192,
        0.0025657252195394236,
        0.0024171141197866044,
        0.0024982641092053553,
        0.0024081039796812888,
        0.0024764169455924897,
        0.002421864988130005,
        0.00234619994224715,
        0.002375069023129972,
        0.002282966701789552,
        0.002387893318612591,
        0.0022717363074996723,
        0.0022300257010179876,
        0.002297172588543871,
        0.0023428675244715064,
        0.0023749222876702737,
        0.002314209064485682,
        0.0022676549451518357
    ],
    "test_metrics_scaled": {
        "MAE": 0.11373968632682113,
        "MSE": 0.02340701422575383,
        "MdAE": 0.08425526320934296,
        "Pred(50)": 0.5203915171288744
    },
    "test_metrics_real": {
        "MAE": 0.9099174906145691,
        "MSE": 1.498048910448245,
        "MdAE": 0.6740421056747437,
        "Pred(50)": 0.5203915171288744
    }
}