{
    "run_id": 7,
    "seed": 48,
    "elapsed_sec": 25.070743322372437,
    "best_val_mse": 0.001995500628138833,
    "epochs_trained": 55,
    "train_loss_history": [
        0.03213219390073348,
        0.01700867382469513,
        0.015485076775168262,
        0.014296851213282299,
        0.013319174101250985,
        0.012356401955161894,
        0.011294928537349083,
        0.009824599730708296,
        0.008921874990125023,
        0.007765914417899376,
        0.006638939376451105,
        0.005590663097488384,
        0.004688069231749054,
        0.004180223486545156,
        0.003583526090970115,
        0.0030526893371845493,
        0.002648091856884541,
        0.00248592771643575,
        0.0020948953099413923,
        0.0018034801964642525,
        0.0016827331080945904,
        0.0014345737240329896,
        0.0013210160580037775,
        0.0011563384247734027,
        0.0009983317356691548,
        0.0008644947523111662,
        0.0008661335409020207,
        0.0007634554085453846,
        0.0006834935299723709,
        0.0006111933113956299,
        0.0005468861365356826,
        0.0004961302262624182,
        0.00044966480140468026,
        0.00041521012155412576,
        0.00036583563417927567,
        0.0003756019839726385,
        0.000295475967880246,
        0.0002902524313737688,
        0.00028163943973176796,
        0.00026852997129863645,
        0.0002994642744318024,
        0.000222359286251756,
        0.00016036879504186107,
        0.00013506983110808448,
        0.00014174800657605779,
        0.00013686775979035052,
        0.00014068215451545026,
        0.0001238353187083761,
        0.00011829756795123103,
        0.00011003020728590883,
        0.00010337893066510635,
        0.0001118450575682396,
        9.255295923962659e-05,
        0.00011116070721520431,
        9.485965868421657e-05
    ],
    "val_mse_history": [
        0.020581472145152442,
        0.017882093176378077,
        0.0167007579432023,
        0.015427847748516531,
        0.01462646868053336,
        0.013534751380473236,
        0.012224930607150767,
        0.011641717666937286,
        0.010455173869179765,
        0.009103088634412811,
        0.008158662947156276,
        0.007160921721464404,
        0.006461822210753414,
        0.00572496983360211,
        0.005500087607242823,
        0.004984157557098914,
        0.004719198649593573,
        0.004323407740614624,
        0.004179771018154715,
        0.004137460641689216,
        0.0036662856358604333,
        0.003431866499099657,
        0.0034121354996782946,
        0.0032155077493804646,
        0.0029544138561414645,
        0.00303827572474979,
        0.002821976567888159,
        0.002808200384307527,
        0.002806571216416162,
        0.0025619069930500984,
        0.0024846797603367363,
        0.0024185857815498925,
        0.0024437816167978558,
        0.0025154593438065664,
        0.002389688817348087,
        0.0023056852203558738,
        0.002351306228569972,
        0.0022089521090547667,
        0.0022962661987053308,
        0.0023226129505224766,
        0.002271151395001718,
        0.0022250509856840336,
        0.0021871496314578008,
        0.0021226754750192415,
        0.0022084482062576637,
        0.0021875267255075446,
        0.002111558492486607,
        0.002186948147603847,
        0.0021635560514749355,
        0.001995500628138833,
        0.002108032192827242,
        0.002130512915385707,
        0.0022332413891980943,
        0.0020212978300817516,
        0.002122370054207105
    ],
    "test_metrics_scaled": {
        "MAE": 0.11319831380233636,
        "MSE": 0.023486867257576715,
        "MdAE": 0.08625153452157974,
        "Pred(50)": 0.5202492211838006
    },
    "test_metrics_real": {
        "MAE": 0.9055865104186909,
        "MSE": 1.5031595044849098,
        "MdAE": 0.6900122761726379,
        "Pred(50)": 0.5202492211838006
    }
}