{
    "run_id": 6,
    "seed": 47,
    "elapsed_sec": 25.386219263076782,
    "best_val_mse": 0.0014510037082779831,
    "epochs_trained": 56,
    "train_loss_history": [
        0.03602330046631987,
        0.016845952776733727,
        0.015677139996403147,
        0.014279834308018465,
        0.013138778244389132,
        0.011874907283252844,
        0.010592143735035307,
        0.009381316220646517,
        0.007857204780318879,
        0.006689780600099188,
        0.005545974879096898,
        0.004743031744654882,
        0.004038920147909916,
        0.0034167536929118566,
        0.002864853642041987,
        0.0025480266967428007,
        0.0023526546126323945,
        0.0019860026925074175,
        0.0018250271380580556,
        0.0015751064242471734,
        0.0013441761267521152,
        0.0012715655731939015,
        0.0011233622491191556,
        0.0011044884337198233,
        0.0008971086308375806,
        0.0008093133585048019,
        0.0008022124421254303,
        0.0006958244765493353,
        0.0006580607281475317,
        0.0005746244318692738,
        0.0005213049248812327,
        0.00046117562256796867,
        0.00043405540346279776,
        0.0004051191672982578,
        0.00038659157438641634,
        0.0003577695664254919,
        0.00030533838718030084,
        0.0002919918743784711,
        0.0002562461447326761,
        0.00025825470419520223,
        0.00024355925958684927,
        0.000255474452041242,
        0.00023134056124353452,
        0.00020859400435241813,
        0.00015703906417132072,
        0.00013813357800461832,
        0.00014067004500493423,
        0.00012792608478256234,
        0.00012378581156611738,
        0.00012041826031481689,
        0.00011337630003470709,
        0.00010817829963834522,
        0.00010537510368319797,
        0.00010826722316576504,
        0.00010388709825559682,
        8.272276819471223e-05
    ],
    "val_mse_history": [
        0.01730832526614762,
        0.01530755655512796,
        0.014987982681373252,
        0.013469357222021998,
        0.012839594406867072,
        0.011959727262732783,
        0.01077994841494094,
        0.009652708609613585,
        0.008606100855219269,
        0.007696918545032713,
        0.006823237268051175,
        0.006109673697755281,
        0.005546900221753418,
        0.005106063189849155,
        0.0045263896787333694,
        0.0042377151860043365,
        0.004061914121419404,
        0.0036569822449832286,
        0.003573194852580742,
        0.003154666011488769,
        0.003086210745537527,
        0.0028782397904998673,
        0.002687976663888163,
        0.002628593849119625,
        0.00238260999167199,
        0.0023397718118323705,
        0.002279667147510447,
        0.002245180213309394,
        0.002099960666769518,
        0.001970812129615725,
        0.0018936240473845245,
        0.001945631291885863,
        0.0018767787569918576,
        0.0018196984497708991,
        0.0017000056952168887,
        0.001655773793803506,
        0.0016353705597033227,
        0.0016394106005629603,
        0.0016012701390448927,
        0.0015715108523942445,
        0.0016555719847124815,
        0.001755887661680597,
        0.0016026687880913966,
        0.001588716412417149,
        0.001481961539597934,
        0.0015061405295831972,
        0.0015435172917468139,
        0.0014561107270670954,
        0.0015312891775417859,
        0.0015031957356006751,
        0.0014510037082779831,
        0.0014673718319779963,
        0.0015278818231626392,
        0.0014571196759103305,
        0.0014782206902522244,
        0.0015294613453495673
    ],
    "test_metrics_scaled": {
        "MAE": 0.12748898046454032,
        "MSE": 0.02734431884881498,
        "MdAE": 0.10208911448717117,
        "Pred(50)": 0.5157728706624606
    },
    "test_metrics_real": {
        "MAE": 1.0199118437163226,
        "MSE": 1.7500364063241587,
        "MdAE": 0.8167129158973694,
        "Pred(50)": 0.5157728706624606
    }
}