{
    "run_id": 1,
    "seed": 42,
    "elapsed_sec": 21.465032815933228,
    "best_val_mse": 0.001927256383868693,
    "epochs_trained": 45,
    "train_loss_history": [
        0.02077320938198162,
        0.015909901896809478,
        0.01432078693705123,
        0.012774513135405464,
        0.011875565899240355,
        0.010395580781660679,
        0.008903153334921669,
        0.008017066564033962,
        0.006799326936108252,
        0.005945077195065096,
        0.004976329900923052,
        0.004302893581870381,
        0.0036633073641929685,
        0.0031532050086839477,
        0.002667756721613899,
        0.0023612202809696705,
        0.002067108020012725,
        0.0018005260906301416,
        0.0015777894425102407,
        0.0013631879365776614,
        0.0012211243253933924,
        0.0011650038077999534,
        0.0009633181111389098,
        0.0008827483010434893,
        0.0007649927980627768,
        0.0007367231801398457,
        0.0006282892298923033,
        0.000558173902174444,
        0.0005106855437805366,
        0.0004452449160135796,
        0.0004119182600218679,
        0.00037028389287447754,
        0.000340389980804517,
        0.00035078740698476655,
        0.00029565048804677585,
        0.0002819464689309825,
        0.00019299583916094096,
        0.00019414843718406035,
        0.00016091913241527637,
        0.00015452659344884436,
        0.00016203866927378205,
        0.00014096405540465004,
        0.00013294799517401165,
        0.00015136719960696249,
        0.00010711273710382687
    ],
    "val_mse_history": [
        0.018895708308815668,
        0.017695805820149978,
        0.01587679791022862,
        0.01497129512941539,
        0.012958218537316877,
        0.012605812565710946,
        0.011529922760363269,
        0.009629970896000166,
        0.008454583422154565,
        0.008032545863350489,
        0.00679775822504507,
        0.006470054541330472,
        0.005871933457963457,
        0.005213330901533791,
        0.004831455099299964,
        0.00440879723543744,
        0.004336858424069691,
        0.004026372532284856,
        0.003822013758151128,
        0.0036388167247469634,
        0.003470140407394553,
        0.003118810211320879,
        0.00303664386537689,
        0.002915604775613345,
        0.0028497393196075284,
        0.002729627299948176,
        0.002639436369852787,
        0.0026200370720344665,
        0.00237048084569837,
        0.002520486271562196,
        0.002326048348892841,
        0.0022126721976802426,
        0.0022998861429600545,
        0.0022809973560785875,
        0.0023636796984808713,
        0.0022726498919270776,
        0.0021813413744534637,
        0.0020079434150957836,
        0.0022030731563155354,
        0.001927256383868693,
        0.002112671588966953,
        0.002212070455136692,
        0.00215519613476371,
        0.0019290151272675588,
        0.0019677305095810384
    ],
    "test_metrics_scaled": {
        "MAE": 0.11822533980629733,
        "MSE": 0.024933694800704998,
        "MdAE": 0.0870380699634552,
        "Pred(50)": 0.5124378109452736
    },
    "test_metrics_real": {
        "MAE": 0.9458027184503787,
        "MSE": 1.5957564672451199,
        "MdAE": 0.6963045597076416,
        "Pred(50)": 0.5124378109452736
    }
}