{
    "run_id": 5,
    "seed": 46,
    "elapsed_sec": 30.139089822769165,
    "best_val_mse": 0.002028379163914358,
    "epochs_trained": 65,
    "train_loss_history": [
        0.02304726672757949,
        0.016102893654966637,
        0.014216800932661585,
        0.01291606308881282,
        0.011503102287413582,
        0.01054289267076889,
        0.009212263557682968,
        0.008003250837126481,
        0.0072428725099945,
        0.006096366366523037,
        0.0051534035994249975,
        0.004539850165158333,
        0.0038770256087734614,
        0.003282841297775684,
        0.002951787807100955,
        0.002459716060594286,
        0.002232232778739657,
        0.0019274136027975363,
        0.00174893359086589,
        0.0016171786636631521,
        0.0013719646255291689,
        0.0012919449945334308,
        0.001073199344001108,
        0.0009613174773380345,
        0.000872544583289132,
        0.000801805667646159,
        0.0007734277236205156,
        0.0006346171583803851,
        0.0005945758561181951,
        0.0005357827066623103,
        0.0005645885553854492,
        0.0004434104116698441,
        0.0004183303339203352,
        0.00038100942514401615,
        0.00033836738499476703,
        0.0002849713787976985,
        0.00029238018377659574,
        0.00023843707446310816,
        0.00025405887581222313,
        0.00024619275252859104,
        0.00023424949194166054,
        0.00018594464036718745,
        0.00018275045836018097,
        0.00018933439886250342,
        0.00017332858932864577,
        0.00016417294696544733,
        0.00014557826375494187,
        0.00014419134627060553,
        0.00015003235456326422,
        0.00015721100100115961,
        0.00015162641690790585,
        0.00016683436533206813,
        0.00012827388325113422,
        0.00014689090496703433,
        0.00012018473482081997,
        0.00011670666058776872,
        0.00014699171725400417,
        0.00013159845129920872,
        0.00012641431235279593,
        0.00011308551941308704,
        0.00011052765218469826,
        0.00011950834498618081,
        0.00010336016848957533,
        9.459471169297075e-05,
        0.00011229024154444132
    ],
    "val_mse_history": [
        0.017957368305774872,
        0.016947813122706996,
        0.01543981943308883,
        0.014083292427472978,
        0.013067097715792146,
        0.012565891141025482,
        0.011635118554203478,
        0.01050206022372892,
        0.009593693196134753,
        0.008308121457947435,
        0.00767216026487806,
        0.0071798987425590825,
        0.006345515075955873,
        0.0056931458930254445,
        0.005496721854575515,
        0.005057450443259334,
        0.004909820234316626,
        0.004956444493632525,
        0.004194486839537695,
        0.004306044385660322,
        0.003761059773046974,
        0.003577134354823897,
        0.003540512775121392,
        0.0035479912209193287,
        0.0036969901471704467,
        0.0031960598813003424,
        0.0030709675815927696,
        0.003073250236916845,
        0.0028992521706963123,
        0.0027167044403696656,
        0.0027832528983995496,
        0.002769506325165673,
        0.002934310830285544,
        0.0027649733545000244,
        0.002430942166024875,
        0.0024037207154486077,
        0.002321695794831809,
        0.0023231738255191903,
        0.0023579920979541385,
        0.002461108389460338,
        0.00233846833955009,
        0.002276996655347868,
        0.0022605858614345455,
        0.0025008768772451975,
        0.0023870036926322198,
        0.0023052590941830173,
        0.002180179127163957,
        0.0024190848303438177,
        0.00234214584039953,
        0.002170450883635425,
        0.0021324458441698744,
        0.0021764260430607715,
        0.002143602922627504,
        0.002300720127605305,
        0.002215999238766846,
        0.002126630060533637,
        0.0023537956042360753,
        0.0020867898762171296,
        0.00210022840654219,
        0.002028379163914358,
        0.0020343138970639876,
        0.00207671338929067,
        0.0020585702266400644,
        0.002130701643568358,
        0.0020600517684143003
    ],
    "test_metrics_scaled": {
        "MAE": 0.11727089567755293,
        "MSE": 0.025186189901969115,
        "MdAE": 0.08473226428031921,
        "Pred(50)": 0.5090311986863711
    },
    "test_metrics_real": {
        "MAE": 0.9381671654204234,
        "MSE": 1.6119161537260234,
        "MdAE": 0.6778581142425537,
        "Pred(50)": 0.5090311986863711
    }
}