{
    "run_id": 10,
    "seed": 51,
    "elapsed_sec": 26.126065731048584,
    "best_val_mse": 0.0016864163384331715,
    "epochs_trained": 57,
    "train_loss_history": [
        0.033964623488293634,
        0.017124769713966145,
        0.015656897007295535,
        0.014370413088712782,
        0.012887456859942407,
        0.012271206821351948,
        0.010600590624750428,
        0.009342449901085938,
        0.008135933710801756,
        0.007090822919197972,
        0.006037688751276287,
        0.005310242668086189,
        0.004477520601727837,
        0.003941794299328375,
        0.00341258076410408,
        0.0029356415309141288,
        0.0026087616789727546,
        0.0023236064818255337,
        0.0020401349159776204,
        0.0018078509733424567,
        0.0015783507096496158,
        0.0014544505166191985,
        0.001271677756564699,
        0.0011818567743628388,
        0.0010290463028396184,
        0.0009055964640119494,
        0.0008450414162137942,
        0.0007226290854016533,
        0.0006574528992680985,
        0.0005873544625270399,
        0.0005551451419979991,
        0.00047635750917603245,
        0.00043716137156840727,
        0.00040515571245556376,
        0.0003477744632820961,
        0.0003482640936093207,
        0.0003255412377892219,
        0.00027958051832106394,
        0.0002564118779749454,
        0.00026157583658734064,
        0.00020604616472718633,
        0.00020479117785494994,
        0.00016744477672892528,
        0.00016241687766675264,
        0.00015245547598126343,
        0.00015833653033619084,
        0.00013977496220673308,
        0.00014501191459376494,
        0.0001361010410171672,
        0.00013901771018705433,
        0.00014100973261780121,
        0.00010672141029101026,
        0.00010748849969772097,
        9.843259634195304e-05,
        9.839854607658737e-05,
        0.00010067348678184937,
        8.21045268740558e-05
    ],
    "val_mse_history": [
        0.017273778801030495,
        0.015296049034985392,
        0.014548147023892304,
        0.01381621292540221,
        0.013089159513586515,
        0.012412235587908594,
        0.01124380596139614,
        0.009952741097308825,
        0.009183047107017207,
        0.007955573608756535,
        0.007189054510173628,
        0.006703885785171045,
        0.005951092196344847,
        0.005234356925103093,
        0.004906045640000019,
        0.004483313071808378,
        0.004182672558986697,
        0.003996548225262641,
        0.00365547481051791,
        0.003401194109121698,
        0.0033313954618457166,
        0.0031197359128457515,
        0.0031001480693422013,
        0.0028128591803216895,
        0.0027690250499050133,
        0.0027009711252057073,
        0.0024692599330188502,
        0.0024276649843948824,
        0.0022969402755596852,
        0.0021536568184388227,
        0.002209663406112522,
        0.002105522375285426,
        0.0020728246543921273,
        0.0020148318484884543,
        0.0020241505491168034,
        0.001991809762384252,
        0.0020143429043888842,
        0.0020593516260639785,
        0.001996844536300612,
        0.002028681933328812,
        0.001971355573949085,
        0.001771844526316457,
        0.0017759210986544318,
        0.0018631202372143025,
        0.0017637197044707397,
        0.0018653523794816599,
        0.0017371356546179188,
        0.0017882596550279598,
        0.0018495262463290294,
        0.0018378673272732022,
        0.0017983649997185501,
        0.0016864163384331715,
        0.0017543399694415682,
        0.0018726526688883892,
        0.0017787844013536678,
        0.0017124699240244664,
        0.0017577052677111426
    ],
    "test_metrics_scaled": {
        "MAE": 0.12395860512524542,
        "MSE": 0.027813461942498736,
        "MdAE": 0.08924942463636398,
        "Pred(50)": 0.5151515151515151
    },
    "test_metrics_real": {
        "MAE": 0.9916688410019634,
        "MSE": 1.7800615643199191,
        "MdAE": 0.7139953970909119,
        "Pred(50)": 0.5151515151515151
    }
}