{
    "run_id": 4,
    "seed": 45,
    "elapsed_sec": 23.87310242652893,
    "best_val_mse": 0.001977396881378463,
    "epochs_trained": 52,
    "train_loss_history": [
        0.018128315289874398,
        0.015651443143493482,
        0.013416749748608304,
        0.012097232921477703,
        0.010614818857339699,
        0.008939920599380183,
        0.007800789745820183,
        0.006488813930431322,
        0.005557639435181276,
        0.004561456286215356,
        0.0038766568001832756,
        0.0032909692947416464,
        0.0027748693311069575,
        0.00246395213778467,
        0.0021071700413437884,
        0.0018240640142938077,
        0.0015438905210762713,
        0.0014660419154328308,
        0.0012535887616404724,
        0.0010755704913626976,
        0.0009465417586773309,
        0.0008738115724381281,
        0.0007399845248333545,
        0.0006887078132941886,
        0.0006026268227518783,
        0.000558624533552921,
        0.0005015683714840893,
        0.0004563711738719287,
        0.0003692850130622872,
        0.0003296457371540046,
        0.000324166177470322,
        0.0003162451965123644,
        0.00028564797340218246,
        0.0002828086159593474,
        0.00024191204553813256,
        0.00021310567130029316,
        0.00020808624802676995,
        0.00018080014704190987,
        0.00016326652966531656,
        0.00018899056171254154,
        0.00016293362028186998,
        0.0001518620501450468,
        0.00016835590460889053,
        0.00012832406596389195,
        8.400124159466249e-05,
        7.622177794463001e-05,
        7.331757280683502e-05,
        7.29117169930038e-05,
        7.704693659492016e-05,
        7.854851483422127e-05,
        7.317715693037797e-05,
        6.142867993463687e-05
    ],
    "val_mse_history": [
        0.015716178100391193,
        0.014193661911747871,
        0.012515245957924952,
        0.01169474865704101,
        0.010619865194826245,
        0.009677200268134258,
        0.008469075503536946,
        0.0077153202353851084,
        0.007057372516316896,
        0.006368556989638728,
        0.005666815215404835,
        0.00519237978925979,
        0.004664402699611402,
        0.004542263347352053,
        0.004302077935790179,
        0.004102645669737883,
        0.0037384346078121965,
        0.003659609461325118,
        0.003445141323183178,
        0.0033498776015595242,
        0.0031198721258165123,
        0.003162303320209548,
        0.0029039298134550563,
        0.0029374261395185234,
        0.002893513118519093,
        0.0026894833812675227,
        0.0026585248171588868,
        0.00256237072703413,
        0.0025312647238911502,
        0.0024084682485376978,
        0.0025354100766224598,
        0.002461390908735777,
        0.0023515057449835113,
        0.0023393575024598327,
        0.0022831814732633205,
        0.0021849407860453254,
        0.0023050195924426225,
        0.0022019618058749064,
        0.002248928382461467,
        0.002107908667553141,
        0.0021787571025057694,
        0.0021873117621481583,
        0.002295751931984694,
        0.002111223105717952,
        0.0020338597213750906,
        0.002100324982782776,
        0.001977396881378463,
        0.0020850759949305425,
        0.0019984203811041126,
        0.002094340424906487,
        0.001982685449950895,
        0.002059733954122291
    ],
    "test_metrics_scaled": {
        "MAE": 0.12325128710764234,
        "MSE": 0.028256195868524375,
        "MdAE": 0.09293270111083984,
        "Pred(50)": 0.5024154589371981
    },
    "test_metrics_real": {
        "MAE": 0.9860102968611387,
        "MSE": 1.80839653558556,
        "MdAE": 0.7434616088867188,
        "Pred(50)": 0.5024154589371981
    }
}