{
    "run_id": 3,
    "seed": 44,
    "elapsed_sec": 19.03084444999695,
    "best_val_mse": 0.0022360113501199218,
    "epochs_trained": 41,
    "train_loss_history": [
        0.019242759230398823,
        0.014897369570837963,
        0.013652388096993996,
        0.012543289546137823,
        0.01108714497171431,
        0.010060420412743937,
        0.008897614645002971,
        0.007854029580595948,
        0.006844822791800465,
        0.006112316744827059,
        0.005174177989829332,
        0.004490844556130469,
        0.004016942896192805,
        0.0034912551345769316,
        0.0030298235778611834,
        0.0026699201206654487,
        0.0023508793180106236,
        0.002038973249635467,
        0.0017749257750683538,
        0.0016569851395038385,
        0.0014844950444332051,
        0.0013079676222303763,
        0.0011928974230873532,
        0.001079003822168387,
        0.0009543203144973617,
        0.0009275683781500751,
        0.0007773943766046108,
        0.0007333357284623494,
        0.0006322967574161584,
        0.0006010155815717539,
        0.0005450424751827432,
        0.0005244299271518165,
        0.0004812901946183595,
        0.0004387401045494785,
        0.00039873243076726794,
        0.00036727938918158456,
        0.0003047850920218422,
        0.00034060944318976935,
        0.0002847995554273237,
        0.00027419126931024025,
        0.0002217037914118601
    ],
    "val_mse_history": [
        0.01631652339749714,
        0.01415577605930105,
        0.014200374326230197,
        0.012401045903243646,
        0.011609626240214235,
        0.010729640525020215,
        0.009900153812223766,
        0.009317471657547063,
        0.007866925304832918,
        0.007639817294428773,
        0.0067195935452667365,
        0.006219116387215172,
        0.0056770406529488065,
        0.005201236757652878,
        0.005091435562934648,
        0.004488476272889407,
        0.0047628513319580325,
        0.004267200563755824,
        0.004286979966584322,
        0.003967607269854007,
        0.0035094566051985204,
        0.003618865506978091,
        0.003202960183871856,
        0.003140867957445932,
        0.0029994712092915477,
        0.0032044988197269812,
        0.0029834671321052153,
        0.003012091714380701,
        0.002922700672635005,
        0.0026838431100870757,
        0.002776844769020859,
        0.002800237055241662,
        0.002506504342968822,
        0.002372048677665316,
        0.0025512378831451703,
        0.0022360113501199218,
        0.002244662027567595,
        0.0024588217838380226,
        0.0024265456979167006,
        0.002371025464199522,
        0.0023537327905588427
    ],
    "test_metrics_scaled": {
        "MAE": 0.12954299381465478,
        "MSE": 0.030827189819046464,
        "MdAE": 0.09810039401054382,
        "Pred(50)": 0.5270700636942676
    },
    "test_metrics_real": {
        "MAE": 1.0363439505172383,
        "MSE": 1.9729401484189737,
        "MdAE": 0.7848031520843506,
        "Pred(50)": 0.5270700636942676
    }
}