{
    "run_id": 9,
    "seed": 50,
    "elapsed_sec": 19.757773637771606,
    "best_val_mse": 0.0018830176459927836,
    "epochs_trained": 43,
    "train_loss_history": [
        0.01948223995333094,
        0.015416601081452673,
        0.013829606917819806,
        0.012114506819108058,
        0.010711984892767513,
        0.009345334390037886,
        0.008037299714199015,
        0.006630110669888497,
        0.005656236069395192,
        0.004580641859247985,
        0.003955712055026125,
        0.0033901171393356183,
        0.0029044429303169074,
        0.0025621220196453145,
        0.0021347485700740462,
        0.00187654712568647,
        0.001618478932031726,
        0.001459112092041843,
        0.0012650118894545438,
        0.001092948108201935,
        0.0009662836578966577,
        0.0008788275051864773,
        0.0007777357824947796,
        0.0007031536489006295,
        0.0006481992750195786,
        0.0005276138678983977,
        0.0005152357448784483,
        0.0004230254257096916,
        0.00042168632112334883,
        0.00036227100454631173,
        0.00030577739991193606,
        0.00033491171885428243,
        0.0002739524244524156,
        0.00023875454651657953,
        0.00023382736874318365,
        0.000235560515330502,
        0.00021628330169834144,
        0.00021254111066405635,
        0.00017951463300888132,
        0.00017307142736662794,
        0.00015588052454924245,
        0.0001893134747603206,
        0.00010778341116848524
    ],
    "val_mse_history": [
        0.015467432258063471,
        0.013582641266652568,
        0.012440647086165808,
        0.011623763444010558,
        0.010174022570207391,
        0.010133084473557595,
        0.008338273106287233,
        0.007473594951361597,
        0.0069027907916829855,
        0.005564528914791721,
        0.005890344418141087,
        0.005129567775309802,
        0.004493066709854867,
        0.003980624588367349,
        0.00371910953935239,
        0.003866286178789484,
        0.0035871419759213735,
        0.003315556641650943,
        0.003257708343007153,
        0.0028897377891416373,
        0.0027128021324424978,
        0.0028145212717344955,
        0.0027426247259956624,
        0.0026837875775308547,
        0.0025012304730555102,
        0.002591929738756596,
        0.00235565832806343,
        0.0022252704550623868,
        0.0022833421801461374,
        0.0022920129910311217,
        0.0022912668942784973,
        0.0022047759471107565,
        0.0022189669740145398,
        0.0020554536870737382,
        0.0022174458427335784,
        0.0021131017939434848,
        0.0022564202305294856,
        0.0018830176459927836,
        0.0021129246518123233,
        0.0021052038726414113,
        0.0020536490262117054,
        0.002167881881372583,
        0.0019869028347611764
    ],
    "test_metrics_scaled": {
        "MAE": 0.12202562156125782,
        "MSE": 0.02805052759537173,
        "MdAE": 0.08471913635730743,
        "Pred(50)": 0.4991869918699187
    },
    "test_metrics_real": {
        "MAE": 0.9762049724900626,
        "MSE": 1.7952337661037907,
        "MdAE": 0.6777530908584595,
        "Pred(50)": 0.4991869918699187
    }
}