{
    "run_id": 2,
    "seed": 43,
    "elapsed_sec": 30.37082862854004,
    "best_val_mse": 0.002358380030974956,
    "epochs_trained": 66,
    "train_loss_history": [
        0.0287848181091249,
        0.02399593877929206,
        0.021204778024622676,
        0.01924382533060805,
        0.01793844380929154,
        0.016042578948319567,
        0.013898880929895201,
        0.012495672556438617,
        0.010886550928485028,
        0.00928712055201129,
        0.008150165323738237,
        0.007090719151595722,
        0.005969767089534019,
        0.005336011301878155,
        0.00457114201533247,
        0.004145753900140372,
        0.003517631271720997,
        0.0031752499580687404,
        0.002758238124376049,
        0.002547663030195601,
        0.002209676253224476,
        0.0019891180361773135,
        0.0018022997309548817,
        0.0016322399084503782,
        0.001442957878687742,
        0.0012752021667642556,
        0.0012267001503033146,
        0.0010869160745939125,
        0.0010092947152158132,
        0.0009419668058399111,
        0.0008130573445446409,
        0.0007724746599631878,
        0.0006705526202532215,
        0.0006289630151253992,
        0.0005759627988908858,
        0.0005490010140382932,
        0.0005018889851160157,
        0.0004967619060914089,
        0.0004299657634038915,
        0.00039789601821899035,
        0.0003887643856447836,
        0.0003604230056819744,
        0.0003429283814716191,
        0.00033568304760574024,
        0.00031025162403535913,
        0.0003354320461488785,
        0.0003065776065044219,
        0.00028530701619070454,
        0.00021009030687291297,
        0.00019386692136842093,
        0.0001667748955604074,
        0.0001534030078522735,
        0.00015340722022338756,
        0.0001567459141184298,
        0.00015706039720294492,
        0.00015154219212750572,
        0.00016400972635150242,
        0.0001133880537147016,
        0.00010899972597571275,
        0.00010663111299844768,
        0.00010779477208267722,
        0.00010885235195167538,
        9.756235963044562e-05,
        0.00011234643652642262,
        9.233492735208473e-05,
        9.167587144734821e-05
    ],
    "val_mse_history": [
        0.024426295509388678,
        0.021966422723831293,
        0.020469902932895082,
        0.018920518821598873,
        0.0173019487949591,
        0.01644380832866899,
        0.014680082543314255,
        0.013460517291475736,
        0.01192871469393772,
        0.01076691550249015,
        0.010246943819750172,
        0.009022903562193211,
        0.008438082554069444,
        0.007460973351633775,
        0.007012463217108943,
        0.006517783315305486,
        0.005724862562899232,
        0.005568823711221237,
        0.005070371174797363,
        0.004825185205648512,
        0.004561542243571058,
        0.00426645297054815,
        0.0041800665820855105,
        0.004023363091269059,
        0.0038638672833566827,
        0.0036429597289431275,
        0.0033467826442673794,
        0.003293931167913087,
        0.0033138867770701012,
        0.00313130701464635,
        0.0030265287502870154,
        0.0029432737691366473,
        0.002943815238033847,
        0.0029195031446991237,
        0.0027152652946649427,
        0.0027224267740131353,
        0.002764372205184335,
        0.0026548487692900653,
        0.002662265284627066,
        0.002709567639922981,
        0.002648283196256792,
        0.0027242870950489077,
        0.002640977099633272,
        0.002526328455666397,
        0.0025375282100215018,
        0.002539575597138275,
        0.0026746340062234115,
        0.0025539820512199586,
        0.0024773140182189225,
        0.0024482217624683263,
        0.002489543554850024,
        0.0024393312105758344,
        0.0023865013573288333,
        0.002464119006411526,
        0.0024194310869508685,
        0.00241564723526973,
        0.0024824604527018106,
        0.0023720699148982163,
        0.0024120565528260125,
        0.0023979888795628004,
        0.002358380030974956,
        0.0023886342278558997,
        0.0023827265826248923,
        0.0024470001419608953,
        0.0024182089316134147,
        0.002381185579822194
    ],
    "test_metrics_scaled": {
        "MAE": 0.1351170118685831,
        "MSE": 0.03209786206510801,
        "MdAE": 0.10598383843898773,
        "Pred(50)": 0.3920552677029361
    },
    "test_metrics_real": {
        "MAE": 2.837457249240245,
        "MSE": 14.15515717071263,
        "MdAE": 2.2256606072187424,
        "Pred(50)": 0.3920552677029361
    }
}