{
    "run_id": 9,
    "seed": 50,
    "elapsed_sec": 31.025585889816284,
    "best_val_mse": 0.002231047188711908,
    "epochs_trained": 69,
    "train_loss_history": [
        0.02895555936788418,
        0.024167832372976202,
        0.02150153941379822,
        0.018826767790834514,
        0.01679774163937082,
        0.014317514000422492,
        0.012545310856052198,
        0.011046143795116519,
        0.009112936853222092,
        0.007886065743217359,
        0.0068120965900431785,
        0.0059478105494885575,
        0.00522869695524438,
        0.004625879901304499,
        0.003988806365832345,
        0.0035536926802798956,
        0.003117578050682359,
        0.0027725237996640557,
        0.0024261815715771245,
        0.0021157264107201554,
        0.0021159377646375903,
        0.0018169060894715771,
        0.0015449938451638444,
        0.0014610919926781208,
        0.0012637882490466558,
        0.0011552722290115508,
        0.0010638711987685755,
        0.0009667888729493324,
        0.0008429085456870724,
        0.0007824448640553318,
        0.0006587914146936727,
        0.0007110365528651342,
        0.0005911925795122183,
        0.0005166737845628427,
        0.0005416175855557691,
        0.0004550628689573888,
        0.0004888286709557382,
        0.0003886606172439927,
        0.0004317877832289348,
        0.0004121339065616722,
        0.0004076694688054125,
        0.0003576185089347133,
        0.0002920999967704565,
        0.00027679670955486863,
        0.0002876380748176063,
        0.0002882133364827106,
        0.0002711231891708496,
        0.00031182807886542997,
        0.00027234226578670765,
        0.00022520417708675472,
        0.0002256209058737577,
        0.00025608892750341865,
        0.0002300876103952166,
        0.00020943215740215013,
        0.00022032808551650343,
        0.00015876384186041685,
        0.00017803873700043425,
        0.00024039080090005883,
        0.00021350780738504574,
        0.00015871634796542133,
        0.0002631736871915898,
        0.0002151172210038307,
        0.00010037693374790845,
        8.834080556936192e-05,
        9.722377695021461e-05,
        8.535971084563002e-05,
        9.576563200481564e-05,
        0.00010485557347182089,
        7.218116774385301e-05
    ],
    "val_mse_history": [
        0.02547907008470071,
        0.02137284104698935,
        0.020069243444366527,
        0.018026351088898458,
        0.016831654907968854,
        0.015015924541436368,
        0.013291675995960255,
        0.011010059349309707,
        0.01067849705377391,
        0.00981721215759395,
        0.009042091122130402,
        0.007763258985125749,
        0.00722189433469601,
        0.006573325728255609,
        0.006354832634505724,
        0.00568863185655543,
        0.005637950677617262,
        0.0053594053189236135,
        0.004739027432507538,
        0.004734935825254902,
        0.004542495420293553,
        0.004279835060893648,
        0.003974214070697863,
        0.004023580515985298,
        0.003883916827530261,
        0.0036652443261437112,
        0.003400751193352078,
        0.0033751780375765417,
        0.0033652031642544245,
        0.003366899159149306,
        0.0031512877013883107,
        0.0031602274228729327,
        0.0031897629159829384,
        0.003164364195655072,
        0.003088111925017382,
        0.0029493410733709416,
        0.002991536132239157,
        0.0028382596900763763,
        0.0029789355038879347,
        0.0026671896803452965,
        0.002665955540666807,
        0.0026721106576772695,
        0.0026846693924871224,
        0.0026870265857247486,
        0.0026590323497347273,
        0.002689444387944979,
        0.0027235589961145195,
        0.0025805309620517787,
        0.0024261019748827786,
        0.002582040206512311,
        0.002705395138119222,
        0.002625433929096463,
        0.0023528178530867606,
        0.0023880055908268587,
        0.0023700096729778034,
        0.0025061364511539427,
        0.0023436862696776593,
        0.0023400875297563783,
        0.0024469473378805344,
        0.002462503439724469,
        0.002471746136801227,
        0.0023687717321957706,
        0.0023083143068885364,
        0.002231047188711908,
        0.0022592837861063887,
        0.002476869866207157,
        0.0023088474982036404,
        0.0022492279041970735,
        0.0022932058659561527
    ],
    "test_metrics_scaled": {
        "MAE": 0.12214490185710783,
        "MSE": 0.026489928756327615,
        "MdAE": 0.09221561998128891,
        "Pred(50)": 0.3942470389170897
    },
    "test_metrics_real": {
        "MAE": 2.5650429389992646,
        "MSE": 11.682058581540478,
        "MdAE": 1.936528019607067,
        "Pred(50)": 0.3942470389170897
    }
}