{
    "run_id": 6,
    "seed": 47,
    "elapsed_sec": 24.8299777507782,
    "best_val_mse": 0.0025041858849785326,
    "epochs_trained": 55,
    "train_loss_history": [
        0.044938098962361714,
        0.0274459004706266,
        0.024019950546552333,
        0.022043070915554252,
        0.020163268865827394,
        0.01821057412545292,
        0.016877518639880785,
        0.01457989503800565,
        0.013075073007304145,
        0.011385725093625334,
        0.009805509149648096,
        0.00870151394141876,
        0.0073590373297278975,
        0.006706858416354018,
        0.00569858368015753,
        0.005140389362350106,
        0.004437076985569937,
        0.004022372653707862,
        0.0035946328900944517,
        0.003148416687772438,
        0.0028486120970729664,
        0.0024380805786955646,
        0.002342115246990163,
        0.0020009888552262314,
        0.00179133873280822,
        0.0017122830952071033,
        0.001491340023004545,
        0.001347797510762965,
        0.0012483344222383327,
        0.0011245072644669562,
        0.0010045600099054318,
        0.0010000385623781618,
        0.0008829973902368006,
        0.0008362591722196121,
        0.0007564202305915461,
        0.000672851203200146,
        0.0006440128812718452,
        0.0006345765606668892,
        0.0005504775619816168,
        0.0004878869683811992,
        0.0005322948891113569,
        0.0005232860133460513,
        0.00037666858908630034,
        0.00040348113562890364,
        0.0004143135188259089,
        0.0003358039640279829,
        0.0003238431411903418,
        0.0003277309018627346,
        0.0003072662084192342,
        0.0002503967932671931,
        0.00021995364672597022,
        0.0002067091514841102,
        0.00019894546600639562,
        0.00018445436760476715,
        0.0001791264485514055
    ],
    "val_mse_history": [
        0.027734707168908912,
        0.024575383429437547,
        0.022847023242009972,
        0.021503929297700786,
        0.019731128302479892,
        0.019244352043526564,
        0.01705247095125269,
        0.0158994149489893,
        0.014153116713436492,
        0.013194142739027281,
        0.012007341482592748,
        0.010727242763331429,
        0.00997655570789736,
        0.009080474179636236,
        0.008246803766180331,
        0.007703363638382042,
        0.007164751097360166,
        0.006615886194549829,
        0.0060582715276363665,
        0.005903582244263566,
        0.005513206569173998,
        0.005283034779643022,
        0.005018999532268926,
        0.004787441929484809,
        0.004490980081898892,
        0.004629609141785769,
        0.004407182841674578,
        0.0040730288394481345,
        0.0039011303678325856,
        0.0038160469194847644,
        0.003908996712729745,
        0.003737791790371468,
        0.0038996780627982325,
        0.003482837532978441,
        0.0032875523277500454,
        0.003503832259728426,
        0.00337487217768199,
        0.0032271130563846714,
        0.003191325860254932,
        0.0032839795465752094,
        0.002896561966330763,
        0.0029888036716535457,
        0.002834646711589915,
        0.00297772335379425,
        0.002681207385009846,
        0.0027279861807717404,
        0.0027821597927047683,
        0.0027764722242934197,
        0.00278940554059455,
        0.0025041858849785326,
        0.002685261425943122,
        0.0026253302917357084,
        0.0025847622157440155,
        0.0026333319684218944,
        0.002603286003133171
    ],
    "test_metrics_scaled": {
        "MAE": 0.13474620184821323,
        "MSE": 0.03138930469431242,
        "MdAE": 0.10731947422027588,
        "Pred(50)": 0.38461538461538464
    },
    "test_metrics_real": {
        "MAE": 2.829670238812478,
        "MSE": 13.842683370191777,
        "MdAE": 2.2537089586257935,
        "Pred(50)": 0.38461538461538464
    }
}