{
    "run_id": 1,
    "seed": 42,
    "elapsed_sec": 32.35105872154236,
    "best_val_mse": 0.002920642673226081,
    "epochs_trained": 69,
    "train_loss_history": [
        0.031085940697515496,
        0.02546056844294071,
        0.023088863773309456,
        0.020645770750825805,
        0.019034971013589173,
        0.017674477004959267,
        0.015895622349059096,
        0.014684735428617925,
        0.012917605208765183,
        0.01114123233841086,
        0.009996134504124675,
        0.0087256010194138,
        0.0077465055344094124,
        0.006968736674693622,
        0.006028092942409673,
        0.005307044571132532,
        0.004502078502591015,
        0.004162668047605881,
        0.003623246299150419,
        0.003204309507225621,
        0.0028301779145127807,
        0.002536651844928535,
        0.002244913558195326,
        0.002072691007182287,
        0.0018582768920020257,
        0.0015995768751184056,
        0.0014381312875062873,
        0.0012766338882454651,
        0.0012072479505001624,
        0.0010922536810465651,
        0.0009390293410563443,
        0.0009364106003385114,
        0.0008623983307708321,
        0.0007474699117628173,
        0.000732992785776091,
        0.0006646700733821193,
        0.0005910822308541522,
        0.0005799642184331101,
        0.0005410559884063443,
        0.0005023227502088234,
        0.00043752971218129124,
        0.0004281822406705849,
        0.00039186237979209885,
        0.0003863587372339977,
        0.00036023691742341225,
        0.00036851346551568953,
        0.00032028698527826737,
        0.00031599765823149046,
        0.0003296553384754997,
        0.00033076714257453094,
        0.00028183422543165486,
        0.0002573113381412422,
        0.000252269515506353,
        0.0002466294943959077,
        0.00026000696846179434,
        0.000184957450511895,
        0.00015190372232980884,
        0.00013210748268332337,
        0.00014496254896547892,
        0.00014092345593650992,
        0.00014038389703162056,
        0.00012369146131407303,
        0.0001383511140709149,
        0.000110735203832853,
        0.00010563045172083159,
        0.00011358415464869443,
        0.00011084882509971883,
        9.770828048797794e-05,
        9.229952643552827e-05
    ],
    "val_mse_history": [
        0.025036779361463833,
        0.02193896739394825,
        0.021004530163336022,
        0.019541765797801907,
        0.017915777630368612,
        0.017033277174196847,
        0.01556147549587752,
        0.014365629036252537,
        0.013847125850379565,
        0.01234677412225735,
        0.011020734138321699,
        0.010477888607690992,
        0.009353096594707185,
        0.008762160378037755,
        0.007966952692543413,
        0.007315336416103478,
        0.006603182114832312,
        0.00649292135607791,
        0.005908180511482497,
        0.005247415020363199,
        0.005462208448138199,
        0.004989244487484825,
        0.0047101786550058575,
        0.004491860263645087,
        0.004326642196355516,
        0.004299105495261125,
        0.004035153426219921,
        0.004194133342794313,
        0.0038662702740803025,
        0.0036557819339713507,
        0.003739213979760795,
        0.0038360966944547205,
        0.0036303295962789492,
        0.003447907686168232,
        0.003624219851894937,
        0.0033906146425975916,
        0.0033878836737344753,
        0.0032889363462407753,
        0.003438913457001714,
        0.0033961815755767628,
        0.003338561472447158,
        0.0032211176605576866,
        0.0031998380669136907,
        0.003296106433881564,
        0.0032821850973821123,
        0.0031741850181285424,
        0.0031263022024151806,
        0.0031471377062614065,
        0.003303634835390349,
        0.0031545691640840717,
        0.003099391725081456,
        0.0031682649507639325,
        0.0031774759492121836,
        0.003241543486995929,
        0.003136120600429593,
        0.002981787013023657,
        0.0029937453123804296,
        0.0031100905110222105,
        0.002971371255683204,
        0.0029870880318991493,
        0.003086435473458048,
        0.0031215800587773355,
        0.0030308773876766217,
        0.002920642673226081,
        0.0029863768806032438,
        0.00298727907994855,
        0.002977187119643242,
        0.002987360701911771,
        0.00296302835781783
    ],
    "test_metrics_scaled": {
        "MAE": 0.13343708652533182,
        "MSE": 0.031752121944700874,
        "MdAE": 0.10214857757091522,
        "Pred(50)": 0.34458259325044405
    },
    "test_metrics_real": {
        "MAE": 2.802178817031968,
        "MSE": 14.002685777613086,
        "MdAE": 2.1451201289892197,
        "Pred(50)": 0.34458259325044405
    }
}