{
    "run_id": 5,
    "seed": 46,
    "elapsed_sec": 23.30792737007141,
    "best_val_mse": 0.003644990208479497,
    "epochs_trained": 51,
    "train_loss_history": [
        0.033039290273600086,
        0.02529340929218701,
        0.022830670646258763,
        0.021010029103074757,
        0.018704147395506805,
        0.01751256039822284,
        0.01565893941121746,
        0.014352617553454272,
        0.012618260579753895,
        0.011119138239407722,
        0.009814305406786045,
        0.008774754065278993,
        0.007483427910305256,
        0.006686012176036531,
        0.00597448070742646,
        0.005182000992306489,
        0.0046456466514465155,
        0.0040826788851611165,
        0.003566325559489885,
        0.0033009409975754667,
        0.002862681112518268,
        0.0026168922468430686,
        0.0023692954507447323,
        0.002151698569710157,
        0.0018933836580966885,
        0.0017877248033871685,
        0.0016602203742914585,
        0.0014100501427845079,
        0.001302059345738487,
        0.0011778010974866243,
        0.0011297545967770893,
        0.0009927299839434956,
        0.0008940666743223935,
        0.0008167132093186243,
        0.0007849980064617869,
        0.0006881951039499004,
        0.0006984395849309405,
        0.0006883691947334636,
        0.000611104020624355,
        0.0005373563113793427,
        0.0005042517818783752,
        0.0005141788304840423,
        0.00046100437068570483,
        0.000412955813374779,
        0.00039497635601093157,
        0.0003414760022697381,
        0.0003453615249243888,
        0.0003662935601118524,
        0.0003004664103785644,
        0.00030338943775414195,
        0.00021459025088284872
    ],
    "val_mse_history": [
        0.030670603586061544,
        0.028029445078631168,
        0.02600048969879414,
        0.02397515868705918,
        0.022219476462587765,
        0.020565062113370346,
        0.01867336598572218,
        0.017233915070714922,
        0.0174607868703104,
        0.014585119509696565,
        0.013574984325033136,
        0.01255148634630038,
        0.011105842261377534,
        0.01043357096981859,
        0.0094331709961668,
        0.008723817753205092,
        0.008471678639844639,
        0.007817359191226468,
        0.00726297474948742,
        0.006703298843158922,
        0.006743861601535335,
        0.006733112684883093,
        0.0062917245198290455,
        0.005961014764920921,
        0.0057763263194040545,
        0.005187995069326988,
        0.005020451479571342,
        0.0046312505855109895,
        0.00465337112882923,
        0.004643958475728881,
        0.004585689046490598,
        0.004586856906337685,
        0.00430425161171767,
        0.0043837006511976235,
        0.00457729832556707,
        0.004187677133288262,
        0.004260048459551592,
        0.004213354505114164,
        0.003941584893701047,
        0.0038427906625854895,
        0.0038584799542646484,
        0.003741321438479278,
        0.004091396458540075,
        0.003913063783699343,
        0.004027403694835653,
        0.003644990208479497,
        0.003884635758139708,
        0.0038696135688363648,
        0.004268026650009482,
        0.004033046133580001,
        0.003804580875937407
    ],
    "test_metrics_scaled": {
        "MAE": 0.13710971895218546,
        "MSE": 0.030762263394878437,
        "MdAE": 0.10894522070884705,
        "Pred(50)": 0.39162112932604737
    },
    "test_metrics_real": {
        "MAE": 2.879304097995895,
        "MSE": 13.566158157141391,
        "MdAE": 2.287849634885788,
        "Pred(50)": 0.39162112932604737
    }
}