{
    "run_id": 3,
    "seed": 44,
    "elapsed_sec": 29.85728120803833,
    "best_val_mse": 0.003055522855783876,
    "epochs_trained": 64,
    "train_loss_history": [
        0.029300433095088417,
        0.024217951757719323,
        0.021601783742710035,
        0.019615500654112928,
        0.017704634041506417,
        0.01613746248945898,
        0.014595324190675604,
        0.012885867986752063,
        0.011515507396614673,
        0.010224064204803839,
        0.008929269882489224,
        0.0076329820371251935,
        0.006689349289660399,
        0.005902996193142418,
        0.005192273808643222,
        0.004479917288491769,
        0.004093253121910883,
        0.003642376559805505,
        0.00319865996716544,
        0.0028747951638010538,
        0.00257879452808399,
        0.0023068628466345977,
        0.002079148759010571,
        0.0019031943871558891,
        0.0017836726015215093,
        0.0015909261961125445,
        0.0014648132791210498,
        0.0012637691871068269,
        0.0011832045234397661,
        0.0010580382095436015,
        0.0009781313246966586,
        0.000850323653644502,
        0.0008325528811986501,
        0.0007246181106596367,
        0.0006833935037376454,
        0.0006958748911250839,
        0.00058157739609038,
        0.0005316773158075212,
        0.0005236414135243668,
        0.0004910034981344788,
        0.00046084207210604254,
        0.0004047040851182086,
        0.0003832355378628043,
        0.0003491817779998813,
        0.00037356996837509227,
        0.00033177429060594237,
        0.00033814300216047796,
        0.0002812839353727937,
        0.00022707606265760902,
        0.00020939526046425514,
        0.00019174936849743304,
        0.0001642026330881315,
        0.00017980322868703407,
        0.0001521541712667831,
        0.00016920955378588347,
        0.00015975105468117232,
        0.00013745132403769554,
        0.00014619531894841573,
        0.0001409059934674736,
        0.0001425849917129143,
        0.00013380785402455794,
        0.00011799625883250716,
        0.00014357306139647,
        0.00010574328914247287
    ],
    "val_mse_history": [
        0.029252113190548053,
        0.024728058426736033,
        0.023793741672195355,
        0.021567257827567504,
        0.020376338467004013,
        0.01879724356681346,
        0.01706734270612779,
        0.015506179922954152,
        0.01443508424034501,
        0.013326120474413578,
        0.012423592005572102,
        0.011203290366026297,
        0.010283580842589691,
        0.009534131240752634,
        0.00919568495167798,
        0.008486150837072985,
        0.007622851655651572,
        0.007381396071274013,
        0.006787968377726608,
        0.006611291678026615,
        0.006426151395465467,
        0.005924166903614029,
        0.00593867756029844,
        0.005402332521312435,
        0.005052728430364233,
        0.005175206747208225,
        0.004927229866246344,
        0.0046556659801805355,
        0.0047119096949648385,
        0.0044170631465882525,
        0.004391492727294939,
        0.004326586287470614,
        0.004143887547842666,
        0.004027318751577115,
        0.0038961525934792904,
        0.003761894777851367,
        0.003908781214595304,
        0.0038117777290378285,
        0.0038269463880482653,
        0.0037000244109288696,
        0.003758915988047212,
        0.0035982216786908786,
        0.0034885812098777134,
        0.003403824419860135,
        0.003610272702305599,
        0.0035070445754423482,
        0.0034552725991587457,
        0.0034916892489892763,
        0.003156644072389967,
        0.003298238397921186,
        0.0034038677040100487,
        0.0031945532920660863,
        0.003138871013300243,
        0.003227266913690133,
        0.00320188784114453,
        0.0031448112573156553,
        0.003098577947205821,
        0.0032195785122769117,
        0.003055522855783876,
        0.003290124775693764,
        0.003156856599356341,
        0.0031617980755554347,
        0.003179317964937478,
        0.0030919500210391396
    ],
    "test_metrics_scaled": {
        "MAE": 0.1311498086227953,
        "MSE": 0.03132191371547191,
        "MdAE": 0.10334065556526184,
        "Pred(50)": 0.40816326530612246
    },
    "test_metrics_real": {
        "MAE": 2.7541459810787012,
        "MSE": 13.812963948523112,
        "MdAE": 2.1701537668704987,
        "Pred(50)": 0.40816326530612246
    }
}