{
    "run_id": 10,
    "seed": 51,
    "elapsed_sec": 21.973332405090332,
    "best_val_mse": 0.0032768361611452057,
    "epochs_trained": 48,
    "train_loss_history": [
        0.040198459630185854,
        0.024654909981680767,
        0.022438995583857202,
        0.021321991764541182,
        0.019724794697700714,
        0.018177369791938333,
        0.016258238179951298,
        0.014660469032063776,
        0.012895532891306342,
        0.011368345878828241,
        0.009986249791762354,
        0.008887660877817139,
        0.00794172938913107,
        0.006924435454990943,
        0.006048723813431451,
        0.005304531755914189,
        0.004720350578712414,
        0.004009852618720306,
        0.003711995131773304,
        0.003266291665293428,
        0.0028488129885791214,
        0.002554248833948062,
        0.0023011944878000615,
        0.0020376157762758357,
        0.0018317237946594476,
        0.0017067241609543182,
        0.0014398570069140393,
        0.0012870173890034346,
        0.0011548814054326705,
        0.0010413132243842001,
        0.0009906024894824404,
        0.0009038430133748951,
        0.0007973679588164431,
        0.0007177564021192814,
        0.0005817053061185348,
        0.0005306441642757391,
        0.000486437099681673,
        0.0004797447271459755,
        0.0004668385181540376,
        0.0004496288638768661,
        0.00039707615194077203,
        0.0004128199477403244,
        0.00038102501841459174,
        0.0003656023728414154,
        0.00032261823841824423,
        0.0003179250250802713,
        0.00034031870331536807,
        0.0003133735890403433
    ],
    "val_mse_history": [
        0.025373956822310348,
        0.021790825818990726,
        0.02126131208415003,
        0.019819836301898073,
        0.018439413984220363,
        0.017985228109007427,
        0.017163525563064545,
        0.01504143496311622,
        0.014103195427011734,
        0.01294255959443248,
        0.012035985158597457,
        0.011304821721868644,
        0.010207903837536416,
        0.009748330228763608,
        0.008878315939025928,
        0.008120501334690092,
        0.007449763986558855,
        0.006827833612677199,
        0.006559103653321538,
        0.0063431645900857555,
        0.005791020576016582,
        0.00549166916353301,
        0.005252359718726113,
        0.005125509653702622,
        0.004756155231152964,
        0.004628759336112693,
        0.004513837552208578,
        0.004252593642587393,
        0.004200296654094375,
        0.003775753105549639,
        0.00398422925386823,
        0.003966981295497328,
        0.0038297301694854026,
        0.0037763780619380436,
        0.0035931228748210405,
        0.0035420064716035556,
        0.0035534423638363586,
        0.0034030260648131487,
        0.003614502904712907,
        0.0036907821723675266,
        0.0035174183548074204,
        0.003484559152887299,
        0.0032768361611452057,
        0.0034736849123368557,
        0.003559850290368255,
        0.0034854217272672523,
        0.003338737909931616,
        0.0033909315965970923
    ],
    "test_metrics_scaled": {
        "MAE": 0.13844406021320643,
        "MSE": 0.03493342356678684,
        "MdAE": 0.1037476435303688,
        "Pred(50)": 0.41013071895424835
    },
    "test_metrics_real": {
        "MAE": 2.9073252644773353,
        "MSE": 15.405639792952995,
        "MdAE": 2.178700514137745,
        "Pred(50)": 0.41013071895424835
    }
}