{
    "run_id": 4,
    "seed": 45,
    "elapsed_sec": 26.077831745147705,
    "best_val_mse": 0.0026651303465807167,
    "epochs_trained": 57,
    "train_loss_history": [
        0.02968826122125801,
        0.024308724990304637,
        0.021804712965552295,
        0.019593057950616492,
        0.01739834722853741,
        0.015706747620157443,
        0.013743645673123549,
        0.01215767805863704,
        0.010477780990720708,
        0.00903864382500095,
        0.007982770403923124,
        0.0068955495468892005,
        0.006069489305705896,
        0.005302409751682865,
        0.004789691751974882,
        0.004147714364332888,
        0.003789963750334989,
        0.003201399685111733,
        0.0029047627614963117,
        0.0025529299767649903,
        0.0023543818186189296,
        0.002004645973187396,
        0.001880481160644974,
        0.0016719806945303037,
        0.0015513199767601504,
        0.0014585726103289243,
        0.0012940537626082932,
        0.0011219571042824917,
        0.0010307272247867944,
        0.0009956288598691665,
        0.0009019868163574886,
        0.0008062940781368228,
        0.0007303481537858214,
        0.0006556209400997079,
        0.0005741485086868384,
        0.0005577725798428553,
        0.0005062126329291033,
        0.000495659153654872,
        0.0004763166689223667,
        0.0004287577145412203,
        0.00042033466770033336,
        0.0003515146016256114,
        0.00032385257417241075,
        0.00040112069327733477,
        0.00032384967605455074,
        0.00028037124639941255,
        0.0002666071735468589,
        0.00026959688211161627,
        0.0002606663872679097,
        0.00025934215791865577,
        0.00020749988721871312,
        0.00015090499418132525,
        0.0001481613548094174,
        0.0001413476949558256,
        0.00013217646830563187,
        0.00012851411822190797,
        0.00011012078056391684
    ],
    "val_mse_history": [
        0.028272646895686617,
        0.024107080567086218,
        0.02128599404127312,
        0.01964773403876013,
        0.017632869432814644,
        0.015976681054612075,
        0.015003285258411351,
        0.013478157097512494,
        0.012528025317777611,
        0.011140097233261918,
        0.010261477815541419,
        0.009311457485142555,
        0.009011019084469092,
        0.008195865936991023,
        0.00742303708699751,
        0.00718916719970065,
        0.006736704532330706,
        0.006142023029798237,
        0.005770492509155155,
        0.005745309650582772,
        0.005713171406399357,
        0.005163049040931062,
        0.005256068488243992,
        0.004745668092023118,
        0.005006617736992126,
        0.004291214598661412,
        0.004089186198071138,
        0.004235708876320695,
        0.004203418272880596,
        0.003926204649248262,
        0.0036801672700245264,
        0.003716638304167976,
        0.0037074204092840566,
        0.0037165964757839296,
        0.0035618801615803788,
        0.003468754872802142,
        0.003406159978583945,
        0.003240756518164135,
        0.003399720397774642,
        0.0032692084066531157,
        0.0031486386161674795,
        0.0031319433169833314,
        0.003124292040272781,
        0.003305316779505024,
        0.003154405145542376,
        0.0031926249521320696,
        0.0029021160211642498,
        0.0031269736757430534,
        0.0031645558274983037,
        0.003077016767740979,
        0.003003574830656531,
        0.0026651303465807167,
        0.0027517441369185043,
        0.002849651108141822,
        0.0028508447870887175,
        0.002742191807428759,
        0.0026974931623318043
    ],
    "test_metrics_scaled": {
        "MAE": 0.12766023627860806,
        "MSE": 0.028466196548224618,
        "MdAE": 0.10091798007488251,
        "Pred(50)": 0.411660777385159
    },
    "test_metrics_real": {
        "MAE": 2.6808649618507694,
        "MSE": 12.553592677767057,
        "MdAE": 2.1192775815725327,
        "Pred(50)": 0.411660777385159
    }
}