{
    "run_id": 7,
    "seed": 48,
    "elapsed_sec": 31.78502917289734,
    "best_val_mse": 0.0023713839029381447,
    "epochs_trained": 72,
    "train_loss_history": [
        0.04130942314597113,
        0.026863953402760078,
        0.024126019691858364,
        0.02286371303228091,
        0.020327766500033286,
        0.018426008243113755,
        0.01683612872599339,
        0.014280932567709563,
        0.01273494601743866,
        0.01149108553951492,
        0.009931990073765723,
        0.008595835369042291,
        0.007864345710876644,
        0.006764897120147184,
        0.006126812611212383,
        0.005459844725852718,
        0.004843143892132354,
        0.004211153815814047,
        0.003914486456957018,
        0.0035348405840578585,
        0.003175484229530189,
        0.002787970567278906,
        0.0024690418658607012,
        0.0022737105328314083,
        0.0019471829808174576,
        0.0017874924216552505,
        0.001718133351794083,
        0.0015178673394613577,
        0.0014219770692669006,
        0.0012646897082996308,
        0.001219045368381966,
        0.001057379273133476,
        0.0009605220312606639,
        0.0009263125075709208,
        0.0008811048838150763,
        0.0007457800619648674,
        0.0007267353383287293,
        0.0006950163804689583,
        0.0006183446692189971,
        0.0005455687949766538,
        0.0005472104072841644,
        0.0004737804221507276,
        0.0005226872938302612,
        0.0004341236771231669,
        0.00037515633862776854,
        0.0003676518451004308,
        0.00035793490234788567,
        0.00041962745782090066,
        0.0003783017769114385,
        0.00035927902827840013,
        0.0003049640306740838,
        0.0002765987559987294,
        0.0002836760818929773,
        0.0002776370879083905,
        0.00032023456854459457,
        0.0002695682875981925,
        0.00030126617940758087,
        0.00024359575909329578,
        0.00017738279872288814,
        0.00014905875200662305,
        0.0001527310776992283,
        0.00014942058297325573,
        0.00015886280561229498,
        0.00013737688765772595,
        0.00013765260629247214,
        0.00014114111268563834,
        0.0001138662450511201,
        0.00011324489926720366,
        0.00010991256934788426,
        9.903086422164793e-05,
        0.00010164111345333441,
        9.770802317614986e-05
    ],
    "val_mse_history": [
        0.028139736579529995,
        0.02505610815346747,
        0.02329179804640904,
        0.022675716986564332,
        0.020799035925541953,
        0.01893341995497067,
        0.017578195114396965,
        0.016301985074487425,
        0.014707374029654397,
        0.0138188305286949,
        0.012500844270912793,
        0.011507313202343798,
        0.010854253438887308,
        0.009325045184070473,
        0.008960198620038478,
        0.008375054278800632,
        0.007544273271147401,
        0.007104333820588552,
        0.007042907937746608,
        0.006439713898345603,
        0.006524558871171637,
        0.005799426464230555,
        0.005515916566251188,
        0.005253717339621523,
        0.004982061059253544,
        0.004759262712184684,
        0.004436163758086689,
        0.004481607218947263,
        0.00432312725229363,
        0.004047076487356793,
        0.003988030446518588,
        0.0035981707561033895,
        0.003488693273110695,
        0.0034473020332452626,
        0.00341794341343862,
        0.0034166738085188446,
        0.0035497124296582786,
        0.0033827882270547277,
        0.0032265543526243026,
        0.0030712376162156914,
        0.0029808641818584187,
        0.0030797213466058626,
        0.0029374972988022506,
        0.0030326478111323252,
        0.0028905974473143648,
        0.0027336902869371568,
        0.0027171557423270472,
        0.002801051461116727,
        0.0029007876216663193,
        0.0026376539442373383,
        0.002608439954377668,
        0.0026030568149291917,
        0.0025591221457637496,
        0.002535166268993944,
        0.0026723347997735423,
        0.0026290393204045828,
        0.0027601395395224957,
        0.0026063628471359773,
        0.0024652897849127514,
        0.0024145173111554605,
        0.0024733803306331973,
        0.0023794030534932654,
        0.0025811953341531874,
        0.002483918459774701,
        0.002452064728592479,
        0.0023853976527917994,
        0.0023713839029381447,
        0.0025442027586335737,
        0.0024877128476775384,
        0.002511306548112796,
        0.0024115985035126045,
        0.002413385104890376
    ],
    "test_metrics_scaled": {
        "MAE": 0.1293904751845771,
        "MSE": 0.028651052785035637,
        "MdAE": 0.10645640641450882,
        "Pred(50)": 0.4154103852596315
    },
    "test_metrics_real": {
        "MAE": 2.717199978876119,
        "MSE": 12.635114278200716,
        "MdAE": 2.235584534704685,
        "Pred(50)": 0.4154103852596315
    }
}