{
    "run_id": 8,
    "seed": 49,
    "elapsed_sec": 27.852545738220215,
    "best_val_mse": 0.002663238152343896,
    "epochs_trained": 61,
    "train_loss_history": [
        0.04177970608354223,
        0.02651957945175925,
        0.023569373140225607,
        0.021784048523677855,
        0.019797892457976633,
        0.018243834745062856,
        0.016655158536622718,
        0.014969242051509873,
        0.013275882851674544,
        0.011964554462239754,
        0.010473867760477018,
        0.009281478985687907,
        0.008181343564041415,
        0.007257883132872533,
        0.006575185608841023,
        0.005707233937514223,
        0.00501775904558599,
        0.004578307854980991,
        0.00399645816449228,
        0.003729824412481061,
        0.003383379331694878,
        0.0029985159547638376,
        0.0027115068252302936,
        0.0023906287138483356,
        0.002167335955654176,
        0.001975460973573012,
        0.001750058888063329,
        0.0016694086264968583,
        0.001481770943406,
        0.0013216811575575218,
        0.0012308663946970803,
        0.0010846793305898579,
        0.001064797791941044,
        0.0009721297854189381,
        0.0009012750705718348,
        0.0008376148693579515,
        0.0008143912203139531,
        0.0006771818230734017,
        0.0006536983374366062,
        0.0006346963401390858,
        0.0005599504839498264,
        0.0005096829653425351,
        0.0004501984184441556,
        0.00048765115860412465,
        0.00045441344771795546,
        0.0003391743039730722,
        0.0003125839459132795,
        0.0002935890628800642,
        0.0003121937197759006,
        0.000279609423367739,
        0.0002899340553623767,
        0.0002675052482322362,
        0.0002531737738276466,
        0.00025234093748678085,
        0.00026743079225172774,
        0.0001973236037809663,
        0.00019453811672027934,
        0.00020337146240623897,
        0.00020333955863137892,
        0.00021897922538764947,
        0.00017288650153427532
    ],
    "val_mse_history": [
        0.030375437738895596,
        0.025365847845191726,
        0.023403111427430016,
        0.021563542722464617,
        0.019692109689890918,
        0.018870984746811398,
        0.01739000893586729,
        0.01590818281205317,
        0.014549986957034187,
        0.013446825575084824,
        0.012654537309943429,
        0.011321957358233364,
        0.010311961083341589,
        0.009139399360910521,
        0.008865191704375204,
        0.00812467600003188,
        0.0076148427251619645,
        0.006858038111010125,
        0.006644456855205295,
        0.006340779901122077,
        0.006062499969852164,
        0.0059226208530647915,
        0.005514172073888917,
        0.005143123485751269,
        0.004987316331251493,
        0.004735202495255187,
        0.004770901983599634,
        0.0043256663641900485,
        0.0040668700496955534,
        0.0041678707843584226,
        0.004008385144842437,
        0.004062746743777843,
        0.003772944289052106,
        0.0036269430149443935,
        0.0038688960892050545,
        0.003403251473202935,
        0.0032477390278369,
        0.0034283692359014426,
        0.003145543955592319,
        0.003171623468248555,
        0.002999392522043621,
        0.0032002830701432024,
        0.003190002958586458,
        0.0031428153937526526,
        0.0031920231255213516,
        0.002949915730816729,
        0.0029370301213073433,
        0.0029020747092770908,
        0.0029653393370490068,
        0.0029863348711634623,
        0.002871672093836228,
        0.002950789944075624,
        0.0029921925926559537,
        0.0029037893834805376,
        0.002788388640689391,
        0.002663238152343896,
        0.0026818609945002537,
        0.0026851355408196607,
        0.0027414312198465974,
        0.0028705813953585724,
        0.002759623516733835
    ],
    "test_metrics_scaled": {
        "MAE": 0.1333274674488584,
        "MSE": 0.029404616342761786,
        "MdAE": 0.10030169039964676,
        "Pred(50)": 0.40709459459459457
    },
    "test_metrics_real": {
        "MAE": 2.7998768164260266,
        "MSE": 12.967435807157948,
        "MdAE": 2.106335498392582,
        "Pred(50)": 0.40709459459459457
    }
}